# Blender 3.6.4
# www.blender.org
mtllib bottle_2023.mtl
o Cylinder
v -0.000000 0.000000 -0.140846
v -0.000000 0.020700 0.059154
v 0.002029 0.020600 0.059154
v 0.004038 0.020302 0.059154
v 0.006009 0.019809 0.059154
v 0.007922 0.019124 0.059154
v 0.009758 0.018256 0.059154
v 0.011500 0.017211 0.059154
v 0.013132 0.016001 0.059154
v 0.014637 0.014637 0.059154
v 0.016001 0.013132 0.059154
v 0.017211 0.011500 0.059154
v 0.018256 0.009758 0.059154
v 0.019124 0.007922 0.059154
v 0.019809 0.006009 0.059154
v 0.020302 0.004038 0.059154
v 0.020600 0.002029 0.059154
v 0.020700 -0.000000 0.059154
v 0.020600 -0.002029 0.059154
v 0.020302 -0.004038 0.059154
v 0.019809 -0.006009 0.059154
v 0.019124 -0.007922 0.059154
v 0.018256 -0.009758 0.059154
v 0.017211 -0.011500 0.059154
v 0.016001 -0.013132 0.059154
v 0.014637 -0.014637 0.059154
v 0.013132 -0.016001 0.059154
v 0.011500 -0.017211 0.059154
v 0.009758 -0.018256 0.059154
v 0.007922 -0.019124 0.059154
v 0.006009 -0.019809 0.059154
v 0.004038 -0.020302 0.059154
v 0.002029 -0.020600 0.059154
v -0.000000 -0.020700 0.059154
v -0.002029 -0.020600 0.059154
v -0.004038 -0.020302 0.059154
v -0.006009 -0.019809 0.059154
v -0.007922 -0.019124 0.059154
v -0.009758 -0.018256 0.059154
v -0.011500 -0.017211 0.059154
v -0.013132 -0.016001 0.059154
v -0.014637 -0.014637 0.059154
v -0.016001 -0.013132 0.059154
v -0.017211 -0.011500 0.059154
v -0.018256 -0.009758 0.059154
v -0.019124 -0.007922 0.059154
v -0.019809 -0.006009 0.059154
v -0.020302 -0.004038 0.059154
v -0.020600 -0.002029 0.059154
v -0.020700 -0.000000 0.059154
v -0.020600 0.002029 0.059154
v -0.020302 0.004038 0.059154
v -0.019809 0.006009 0.059154
v -0.019124 0.007922 0.059154
v -0.018256 0.009758 0.059154
v -0.017211 0.011500 0.059154
v -0.016001 0.013132 0.059154
v -0.014637 0.014637 0.059154
v -0.013132 0.016001 0.059154
v -0.011500 0.017211 0.059154
v -0.009758 0.018256 0.059154
v -0.007922 0.019124 0.059154
v -0.006009 0.019809 0.059154
v -0.004038 0.020302 0.059154
v -0.002029 0.020600 0.059154
v -0.000000 0.020700 0.059154
v 0.002029 0.020600 0.059154
v 0.004038 0.020302 0.059154
v 0.006009 0.019809 0.059154
v 0.007922 0.019124 0.059154
v 0.009758 0.018256 0.059154
v 0.011500 0.017211 0.059154
v 0.013132 0.016001 0.059154
v 0.014637 0.014637 0.059154
v 0.016001 0.013132 0.059154
v 0.017211 0.011500 0.059154
v 0.018256 0.009758 0.059154
v 0.019124 0.007922 0.059154
v 0.019809 0.006009 0.059154
v 0.020302 0.004038 0.059154
v 0.020600 0.002029 0.059154
v 0.020700 -0.000000 0.059154
v 0.020600 -0.002029 0.059154
v 0.020302 -0.004038 0.059154
v 0.019809 -0.006009 0.059154
v 0.019124 -0.007922 0.059154
v 0.018256 -0.009758 0.059154
v 0.017211 -0.011500 0.059154
v 0.016001 -0.013132 0.059154
v 0.014637 -0.014637 0.059154
v 0.013132 -0.016001 0.059154
v 0.011500 -0.017211 0.059154
v 0.009758 -0.018256 0.059154
v 0.007922 -0.019124 0.059154
v 0.006009 -0.019809 0.059154
v 0.004038 -0.020302 0.059154
v 0.002029 -0.020600 0.059154
v -0.000000 -0.020700 0.059154
v -0.002029 -0.020600 0.059154
v -0.004038 -0.020302 0.059154
v -0.006009 -0.019809 0.059154
v -0.007922 -0.019124 0.059154
v -0.009758 -0.018256 0.059154
v -0.011500 -0.017211 0.059154
v -0.013132 -0.016001 0.059154
v -0.014637 -0.014637 0.059154
v -0.016001 -0.013132 0.059154
v -0.017211 -0.011500 0.059154
v -0.018256 -0.009758 0.059154
v -0.019124 -0.007922 0.059154
v -0.019809 -0.006009 0.059154
v -0.020302 -0.004038 0.059154
v -0.020600 -0.002029 0.059154
v -0.020700 -0.000000 0.059154
v -0.020600 0.002029 0.059154
v -0.020302 0.004038 0.059154
v -0.019809 0.006009 0.059154
v -0.019124 0.007922 0.059154
v -0.018256 0.009758 0.059154
v -0.017211 0.011500 0.059154
v -0.016001 0.013132 0.059154
v -0.014637 0.014637 0.059154
v -0.013132 0.016001 0.059154
v -0.011500 0.017211 0.059154
v -0.009758 0.018256 0.059154
v -0.007922 0.019124 0.059154
v -0.006009 0.019809 0.059154
v -0.004038 0.020302 0.059154
v -0.002029 0.020600 0.059154
v -0.000000 0.015500 0.147154
v 0.001519 0.015426 0.147154
v 0.003024 0.015202 0.147154
v 0.004499 0.014833 0.147154
v 0.005932 0.014320 0.147154
v 0.007307 0.013670 0.147154
v 0.008611 0.012888 0.147154
v 0.009833 0.011982 0.147154
v 0.010960 0.010960 0.147154
v 0.011982 0.009833 0.147154
v 0.012888 0.008611 0.147154
v 0.013670 0.007307 0.147154
v 0.014320 0.005932 0.147154
v 0.014833 0.004499 0.147154
v 0.015202 0.003024 0.147154
v 0.015426 0.001519 0.147154
v 0.015500 -0.000000 0.147154
v 0.015426 -0.001519 0.147154
v 0.015202 -0.003024 0.147154
v 0.014833 -0.004499 0.147154
v 0.014320 -0.005932 0.147154
v 0.013670 -0.007307 0.147154
v 0.012888 -0.008611 0.147154
v 0.011982 -0.009833 0.147154
v 0.010960 -0.010960 0.147154
v 0.009833 -0.011982 0.147154
v 0.008611 -0.012888 0.147154
v 0.007307 -0.013670 0.147154
v 0.005932 -0.014320 0.147154
v 0.004499 -0.014833 0.147154
v 0.003024 -0.015202 0.147154
v 0.001519 -0.015426 0.147154
v -0.000000 -0.015500 0.147154
v -0.001519 -0.015426 0.147154
v -0.003024 -0.015202 0.147154
v -0.004499 -0.014833 0.147154
v -0.005932 -0.014320 0.147154
v -0.007307 -0.013670 0.147154
v -0.008611 -0.012888 0.147154
v -0.009833 -0.011982 0.147154
v -0.010960 -0.010960 0.147154
v -0.011982 -0.009833 0.147154
v -0.012888 -0.008611 0.147154
v -0.013670 -0.007307 0.147154
v -0.014320 -0.005932 0.147154
v -0.014833 -0.004499 0.147154
v -0.015202 -0.003024 0.147154
v -0.015426 -0.001519 0.147154
v -0.015500 -0.000000 0.147154
v -0.015426 0.001519 0.147154
v -0.015202 0.003024 0.147154
v -0.014833 0.004499 0.147154
v -0.014320 0.005932 0.147154
v -0.013670 0.007307 0.147154
v -0.012888 0.008611 0.147154
v -0.011982 0.009833 0.147154
v -0.010960 0.010960 0.147154
v -0.009833 0.011982 0.147154
v -0.008611 0.012888 0.147154
v -0.007307 0.013670 0.147154
v -0.005932 0.014320 0.147154
v -0.004499 0.014833 0.147154
v -0.003024 0.015202 0.147154
v -0.001519 0.015426 0.147154
v -0.000000 0.036362 0.018578
v 0.003564 0.036187 0.018578
v 0.007094 0.035664 0.018578
v 0.010555 0.034797 0.018578
v 0.013915 0.033594 0.018578
v 0.017141 0.032069 0.018578
v 0.020202 0.030234 0.018578
v 0.023068 0.028108 0.018578
v 0.025712 0.025712 0.018578
v 0.028108 0.023068 0.018578
v 0.030234 0.020202 0.018578
v 0.032069 0.017141 0.018578
v 0.033594 0.013915 0.018578
v 0.034797 0.010555 0.018578
v 0.035664 0.007094 0.018578
v 0.036187 0.003564 0.018578
v 0.036362 -0.000000 0.018578
v 0.036187 -0.003564 0.018578
v 0.035664 -0.007094 0.018578
v 0.034797 -0.010555 0.018578
v 0.033594 -0.013915 0.018578
v 0.032069 -0.017141 0.018578
v 0.030234 -0.020202 0.018578
v 0.028108 -0.023068 0.018578
v 0.025712 -0.025712 0.018578
v 0.023068 -0.028108 0.018578
v 0.020202 -0.030234 0.018578
v 0.017141 -0.032069 0.018578
v 0.013915 -0.033594 0.018578
v 0.010555 -0.034797 0.018578
v 0.007094 -0.035664 0.018578
v 0.003564 -0.036187 0.018578
v -0.000000 -0.036362 0.018578
v -0.003564 -0.036187 0.018578
v -0.007094 -0.035664 0.018578
v -0.010555 -0.034797 0.018578
v -0.013915 -0.033594 0.018578
v -0.017141 -0.032069 0.018578
v -0.020202 -0.030234 0.018578
v -0.023068 -0.028108 0.018578
v -0.025712 -0.025712 0.018578
v -0.028108 -0.023068 0.018578
v -0.030234 -0.020202 0.018578
v -0.032069 -0.017141 0.018578
v -0.033594 -0.013915 0.018578
v -0.034797 -0.010555 0.018578
v -0.035664 -0.007094 0.018578
v -0.036187 -0.003564 0.018578
v -0.036362 -0.000000 0.018578
v -0.036187 0.003564 0.018578
v -0.035664 0.007094 0.018578
v -0.034797 0.010555 0.018578
v -0.033594 0.013915 0.018578
v -0.032069 0.017141 0.018578
v -0.030234 0.020202 0.018578
v -0.028108 0.023068 0.018578
v -0.025712 0.025712 0.018578
v -0.023068 0.028108 0.018578
v -0.020202 0.030234 0.018578
v -0.017141 0.032069 0.018578
v -0.013915 0.033594 0.018578
v -0.010555 0.034797 0.018578
v -0.007094 0.035664 0.018578
v -0.003564 0.036187 0.018578
v -0.000000 0.040000 -0.009475
v -0.000000 0.038438 0.007439
v 0.003768 0.038253 0.007439
v 0.003921 0.039807 -0.009475
v 0.007499 0.037699 0.007439
v 0.007804 0.039231 -0.009475
v 0.011158 0.036783 0.007439
v 0.011611 0.038278 -0.009475
v 0.014709 0.035512 0.007439
v 0.015307 0.036955 -0.009475
v 0.018119 0.033899 0.007439
v 0.018856 0.035277 -0.009475
v 0.021355 0.031960 0.007439
v 0.022223 0.033259 -0.009475
v 0.024385 0.029713 0.007439
v 0.025376 0.030920 -0.009475
v 0.027180 0.027180 0.007439
v 0.028284 0.028284 -0.009475
v 0.029713 0.024385 0.007439
v 0.030920 0.025376 -0.009475
v 0.031960 0.021355 0.007439
v 0.033259 0.022223 -0.009475
v 0.033899 0.018119 0.007439
v 0.035277 0.018856 -0.009475
v 0.035512 0.014709 0.007439
v 0.036955 0.015307 -0.009475
v 0.036783 0.011158 0.007439
v 0.038278 0.011611 -0.009475
v 0.037699 0.007499 0.007439
v 0.039231 0.007804 -0.009475
v 0.038253 0.003768 0.007439
v 0.039807 0.003921 -0.009475
v 0.038438 -0.000000 0.007439
v 0.040000 0.000000 -0.009475
v 0.038253 -0.003768 0.007439
v 0.039807 -0.003921 -0.009475
v 0.037699 -0.007499 0.007439
v 0.039231 -0.007804 -0.009475
v 0.036783 -0.011158 0.007439
v 0.038278 -0.011611 -0.009475
v 0.035512 -0.014709 0.007439
v 0.036955 -0.015307 -0.009475
v 0.033899 -0.018119 0.007439
v 0.035277 -0.018856 -0.009475
v 0.031960 -0.021355 0.007439
v 0.033259 -0.022223 -0.009475
v 0.029713 -0.024385 0.007439
v 0.030920 -0.025376 -0.009475
v 0.027180 -0.027180 0.007439
v 0.028284 -0.028284 -0.009475
v 0.024385 -0.029713 0.007439
v 0.025376 -0.030920 -0.009475
v 0.021355 -0.031960 0.007439
v 0.022223 -0.033259 -0.009475
v 0.018119 -0.033899 0.007439
v 0.018856 -0.035277 -0.009475
v 0.014709 -0.035512 0.007439
v 0.015307 -0.036955 -0.009475
v 0.011158 -0.036783 0.007439
v 0.011611 -0.038278 -0.009475
v 0.007499 -0.037699 0.007439
v 0.007804 -0.039231 -0.009475
v 0.003768 -0.038253 0.007439
v 0.003921 -0.039807 -0.009475
v -0.000000 -0.038438 0.007439
v -0.000000 -0.040000 -0.009475
v -0.003768 -0.038253 0.007439
v -0.003921 -0.039807 -0.009475
v -0.007499 -0.037699 0.007439
v -0.007804 -0.039231 -0.009475
v -0.011158 -0.036783 0.007439
v -0.011611 -0.038278 -0.009475
v -0.014709 -0.035512 0.007439
v -0.015307 -0.036955 -0.009475
v -0.018119 -0.033899 0.007439
v -0.018856 -0.035277 -0.009475
v -0.021355 -0.031960 0.007439
v -0.022223 -0.033259 -0.009475
v -0.024385 -0.029713 0.007439
v -0.025376 -0.030920 -0.009475
v -0.027180 -0.027180 0.007439
v -0.028284 -0.028284 -0.009475
v -0.029713 -0.024385 0.007439
v -0.030920 -0.025376 -0.009475
v -0.031960 -0.021355 0.007439
v -0.033259 -0.022223 -0.009475
v -0.033899 -0.018119 0.007439
v -0.035277 -0.018856 -0.009475
v -0.035512 -0.014709 0.007439
v -0.036955 -0.015307 -0.009475
v -0.036783 -0.011158 0.007439
v -0.038278 -0.011611 -0.009475
v -0.037699 -0.007499 0.007439
v -0.039231 -0.007804 -0.009475
v -0.038253 -0.003768 0.007439
v -0.039807 -0.003921 -0.009475
v -0.038438 -0.000000 0.007439
v -0.040000 0.000000 -0.009475
v -0.038253 0.003768 0.007439
v -0.039807 0.003921 -0.009475
v -0.037699 0.007499 0.007439
v -0.039231 0.007804 -0.009475
v -0.036783 0.011158 0.007439
v -0.038278 0.011611 -0.009475
v -0.035512 0.014709 0.007439
v -0.036955 0.015307 -0.009475
v -0.033899 0.018119 0.007439
v -0.035277 0.018856 -0.009475
v -0.031960 0.021355 0.007439
v -0.033259 0.022223 -0.009475
v -0.029713 0.024385 0.007439
v -0.030920 0.025376 -0.009475
v -0.027180 0.027180 0.007439
v -0.028284 0.028284 -0.009475
v -0.024385 0.029713 0.007439
v -0.025376 0.030920 -0.009475
v -0.021355 0.031960 0.007439
v -0.022223 0.033259 -0.009475
v -0.018119 0.033899 0.007439
v -0.018856 0.035277 -0.009475
v -0.014709 0.035512 0.007439
v -0.015307 0.036955 -0.009475
v -0.011158 0.036783 0.007439
v -0.011611 0.038278 -0.009475
v -0.007499 0.037699 0.007439
v -0.007804 0.039231 -0.009475
v -0.003768 0.038253 0.007439
v -0.003921 0.039807 -0.009475
v -0.000000 0.038108 -0.140846
v -0.000000 0.040000 -0.138956
v 0.003921 0.039807 -0.138956
v 0.003735 0.037925 -0.140846
v 0.007804 0.039231 -0.138956
v 0.007435 0.037376 -0.140846
v 0.011611 0.038278 -0.138956
v 0.011062 0.036467 -0.140846
v 0.015307 0.036955 -0.138956
v 0.014583 0.035207 -0.140846
v 0.018856 0.035277 -0.138956
v 0.017964 0.033608 -0.140846
v 0.022223 0.033259 -0.138956
v 0.021172 0.031686 -0.140846
v 0.025376 0.030920 -0.138956
v 0.024176 0.029458 -0.140846
v 0.028284 0.028284 -0.138956
v 0.026947 0.026947 -0.140846
v 0.030920 0.025376 -0.138956
v 0.029458 0.024176 -0.140846
v 0.033259 0.022223 -0.138956
v 0.031686 0.021172 -0.140846
v 0.035277 0.018856 -0.138956
v 0.033608 0.017964 -0.140846
v 0.036955 0.015307 -0.138956
v 0.035207 0.014583 -0.140846
v 0.038278 0.011611 -0.138956
v 0.036467 0.011062 -0.140846
v 0.039231 0.007804 -0.138956
v 0.037376 0.007435 -0.140846
v 0.039807 0.003921 -0.138956
v 0.037925 0.003735 -0.140846
v 0.040000 0.000000 -0.138956
v 0.038108 0.000000 -0.140846
v 0.039807 -0.003921 -0.138956
v 0.037925 -0.003735 -0.140846
v 0.039231 -0.007804 -0.138956
v 0.037376 -0.007435 -0.140846
v 0.038278 -0.011611 -0.138956
v 0.036467 -0.011062 -0.140846
v 0.036955 -0.015307 -0.138956
v 0.035207 -0.014583 -0.140846
v 0.035277 -0.018856 -0.138956
v 0.033608 -0.017964 -0.140846
v 0.033259 -0.022223 -0.138956
v 0.031686 -0.021172 -0.140846
v 0.030920 -0.025376 -0.138956
v 0.029458 -0.024176 -0.140846
v 0.028284 -0.028284 -0.138956
v 0.026947 -0.026947 -0.140846
v 0.025376 -0.030920 -0.138956
v 0.024176 -0.029458 -0.140846
v 0.022223 -0.033259 -0.138956
v 0.021172 -0.031686 -0.140846
v 0.018856 -0.035277 -0.138956
v 0.017964 -0.033608 -0.140846
v 0.015307 -0.036955 -0.138956
v 0.014583 -0.035207 -0.140846
v 0.011611 -0.038278 -0.138956
v 0.011062 -0.036467 -0.140846
v 0.007804 -0.039231 -0.138956
v 0.007435 -0.037376 -0.140846
v 0.003921 -0.039807 -0.138956
v 0.003735 -0.037925 -0.140846
v -0.000000 -0.040000 -0.138956
v -0.000000 -0.038108 -0.140846
v -0.003921 -0.039807 -0.138956
v -0.003735 -0.037925 -0.140846
v -0.007804 -0.039231 -0.138956
v -0.007435 -0.037376 -0.140846
v -0.011611 -0.038278 -0.138956
v -0.011062 -0.036467 -0.140846
v -0.015307 -0.036955 -0.138956
v -0.014583 -0.035207 -0.140846
v -0.018856 -0.035277 -0.138956
v -0.017964 -0.033608 -0.140846
v -0.022223 -0.033259 -0.138956
v -0.021172 -0.031686 -0.140846
v -0.025376 -0.030920 -0.138956
v -0.024176 -0.029458 -0.140846
v -0.028284 -0.028284 -0.138956
v -0.026947 -0.026947 -0.140846
v -0.030920 -0.025376 -0.138956
v -0.029458 -0.024176 -0.140846
v -0.033259 -0.022223 -0.138956
v -0.031686 -0.021172 -0.140846
v -0.035277 -0.018856 -0.138956
v -0.033608 -0.017964 -0.140846
v -0.036955 -0.015307 -0.138956
v -0.035207 -0.014583 -0.140846
v -0.038278 -0.011611 -0.138956
v -0.036467 -0.011062 -0.140846
v -0.039231 -0.007804 -0.138956
v -0.037376 -0.007435 -0.140846
v -0.039807 -0.003921 -0.138956
v -0.037925 -0.003735 -0.140846
v -0.040000 0.000000 -0.138956
v -0.038108 0.000000 -0.140846
v -0.039807 0.003921 -0.138956
v -0.037925 0.003735 -0.140846
v -0.039231 0.007804 -0.138956
v -0.037376 0.007435 -0.140846
v -0.038278 0.011611 -0.138956
v -0.036467 0.011062 -0.140846
v -0.036955 0.015307 -0.138956
v -0.035207 0.014583 -0.140846
v -0.035277 0.018856 -0.138956
v -0.033608 0.017964 -0.140846
v -0.033259 0.022223 -0.138956
v -0.031686 0.021172 -0.140846
v -0.030920 0.025376 -0.138956
v -0.029458 0.024176 -0.140846
v -0.028284 0.028284 -0.138956
v -0.026947 0.026947 -0.140846
v -0.025376 0.030920 -0.138956
v -0.024176 0.029458 -0.140846
v -0.022223 0.033259 -0.138956
v -0.021172 0.031686 -0.140846
v -0.018856 0.035277 -0.138956
v -0.017964 0.033608 -0.140846
v -0.015307 0.036955 -0.138956
v -0.014583 0.035207 -0.140846
v -0.011611 0.038278 -0.138956
v -0.011062 0.036467 -0.140846
v -0.007804 0.039231 -0.138956
v -0.007435 0.037376 -0.140846
v -0.003921 0.039807 -0.138956
v -0.003735 0.037925 -0.140846
v -0.000000 0.000000 -0.135846
v -0.000000 0.017857 0.055041
v 0.001750 0.017771 0.055041
v 0.003484 0.017514 0.055041
v 0.005184 0.017089 0.055041
v 0.006834 0.016498 0.055041
v 0.008418 0.015749 0.055041
v 0.009921 0.014848 0.055041
v 0.011329 0.013804 0.055041
v 0.012627 0.012627 0.055041
v 0.013804 0.011329 0.055041
v 0.014848 0.009921 0.055041
v 0.015749 0.008418 0.055041
v 0.016498 0.006834 0.055041
v 0.017089 0.005184 0.055041
v 0.017514 0.003484 0.055041
v 0.017771 0.001750 0.055041
v 0.017857 -0.000000 0.055041
v 0.017771 -0.001750 0.055041
v 0.017514 -0.003484 0.055041
v 0.017089 -0.005184 0.055041
v 0.016498 -0.006834 0.055041
v 0.015749 -0.008418 0.055041
v 0.014848 -0.009921 0.055041
v 0.013804 -0.011329 0.055041
v 0.012627 -0.012627 0.055041
v 0.011329 -0.013804 0.055041
v 0.009921 -0.014848 0.055041
v 0.008418 -0.015749 0.055041
v 0.006834 -0.016498 0.055041
v 0.005184 -0.017089 0.055041
v 0.003484 -0.017514 0.055041
v 0.001750 -0.017771 0.055041
v -0.000000 -0.017857 0.055041
v -0.001750 -0.017771 0.055041
v -0.003484 -0.017514 0.055041
v -0.005184 -0.017089 0.055041
v -0.006834 -0.016498 0.055041
v -0.008418 -0.015749 0.055041
v -0.009921 -0.014848 0.055041
v -0.011329 -0.013804 0.055041
v -0.012627 -0.012627 0.055041
v -0.013804 -0.011329 0.055041
v -0.014848 -0.009921 0.055041
v -0.015749 -0.008418 0.055041
v -0.016498 -0.006834 0.055041
v -0.017089 -0.005184 0.055041
v -0.017514 -0.003484 0.055041
v -0.017771 -0.001750 0.055041
v -0.017857 -0.000000 0.055041
v -0.017771 0.001750 0.055041
v -0.017514 0.003484 0.055041
v -0.017089 0.005184 0.055041
v -0.016498 0.006834 0.055041
v -0.015749 0.008418 0.055041
v -0.014848 0.009921 0.055041
v -0.013804 0.011329 0.055041
v -0.012627 0.012627 0.055041
v -0.011329 0.013804 0.055041
v -0.009921 0.014848 0.055041
v -0.008418 0.015749 0.055041
v -0.006834 0.016498 0.055041
v -0.005184 0.017089 0.055041
v -0.003484 0.017514 0.055041
v -0.001750 0.017771 0.055041
v -0.000000 0.017276 0.055511
v 0.001693 0.017192 0.055511
v 0.003370 0.016944 0.055511
v 0.005015 0.016532 0.055511
v 0.006611 0.015961 0.055511
v 0.008144 0.015236 0.055511
v 0.009598 0.014364 0.055511
v 0.010959 0.013354 0.055511
v 0.012216 0.012216 0.055511
v 0.013354 0.010959 0.055511
v 0.014364 0.009598 0.055511
v 0.015236 0.008144 0.055511
v 0.015961 0.006611 0.055511
v 0.016532 0.005015 0.055511
v 0.016944 0.003370 0.055511
v 0.017192 0.001693 0.055511
v 0.017276 -0.000000 0.055511
v 0.017192 -0.001693 0.055511
v 0.016944 -0.003370 0.055511
v 0.016532 -0.005015 0.055511
v 0.015961 -0.006611 0.055511
v 0.015236 -0.008144 0.055511
v 0.014364 -0.009598 0.055511
v 0.013354 -0.010959 0.055511
v 0.012216 -0.012216 0.055511
v 0.010959 -0.013354 0.055511
v 0.009598 -0.014364 0.055511
v 0.008144 -0.015236 0.055511
v 0.006611 -0.015961 0.055511
v 0.005015 -0.016532 0.055511
v 0.003370 -0.016944 0.055511
v 0.001693 -0.017192 0.055511
v -0.000000 -0.017276 0.055511
v -0.001693 -0.017192 0.055511
v -0.003370 -0.016944 0.055511
v -0.005015 -0.016532 0.055511
v -0.006611 -0.015961 0.055511
v -0.008144 -0.015236 0.055511
v -0.009598 -0.014364 0.055511
v -0.010959 -0.013354 0.055511
v -0.012216 -0.012216 0.055511
v -0.013354 -0.010959 0.055511
v -0.014364 -0.009598 0.055511
v -0.015236 -0.008144 0.055511
v -0.015961 -0.006611 0.055511
v -0.016532 -0.005015 0.055511
v -0.016944 -0.003370 0.055511
v -0.017192 -0.001693 0.055511
v -0.017276 -0.000000 0.055511
v -0.017192 0.001693 0.055511
v -0.016944 0.003370 0.055511
v -0.016532 0.005015 0.055511
v -0.015961 0.006611 0.055511
v -0.015236 0.008144 0.055511
v -0.014364 0.009598 0.055511
v -0.013354 0.010959 0.055511
v -0.012216 0.012216 0.055511
v -0.010959 0.013354 0.055511
v -0.009598 0.014364 0.055511
v -0.008144 0.015236 0.055511
v -0.006611 0.015961 0.055511
v -0.005015 0.016532 0.055511
v -0.003370 0.016944 0.055511
v -0.001693 0.017192 0.055511
v -0.000000 0.010509 0.146859
v 0.001030 0.010458 0.146859
v 0.002050 0.010307 0.146859
v 0.003051 0.010056 0.146859
v 0.004022 0.009709 0.146859
v 0.004954 0.009268 0.146859
v 0.005838 0.008738 0.146859
v 0.006667 0.008123 0.146859
v 0.007431 0.007431 0.146859
v 0.008123 0.006667 0.146859
v 0.008738 0.005838 0.146859
v 0.009268 0.004954 0.146859
v 0.009709 0.004022 0.146859
v 0.010056 0.003051 0.146859
v 0.010307 0.002050 0.146859
v 0.010458 0.001030 0.146859
v 0.010509 -0.000000 0.146859
v 0.010458 -0.001030 0.146859
v 0.010307 -0.002050 0.146859
v 0.010056 -0.003051 0.146859
v 0.009709 -0.004022 0.146859
v 0.009268 -0.004954 0.146859
v 0.008738 -0.005838 0.146859
v 0.008123 -0.006667 0.146859
v 0.007431 -0.007431 0.146859
v 0.006667 -0.008123 0.146859
v 0.005838 -0.008738 0.146859
v 0.004954 -0.009268 0.146859
v 0.004022 -0.009709 0.146859
v 0.003051 -0.010056 0.146859
v 0.002050 -0.010307 0.146859
v 0.001030 -0.010458 0.146859
v -0.000000 -0.010509 0.146859
v -0.001030 -0.010458 0.146859
v -0.002050 -0.010307 0.146859
v -0.003051 -0.010056 0.146859
v -0.004022 -0.009709 0.146859
v -0.004954 -0.009268 0.146859
v -0.005838 -0.008738 0.146859
v -0.006667 -0.008123 0.146859
v -0.007431 -0.007431 0.146859
v -0.008123 -0.006667 0.146859
v -0.008738 -0.005838 0.146859
v -0.009268 -0.004954 0.146859
v -0.009709 -0.004022 0.146859
v -0.010056 -0.003051 0.146859
v -0.010307 -0.002050 0.146859
v -0.010458 -0.001030 0.146859
v -0.010509 -0.000000 0.146859
v -0.010458 0.001030 0.146859
v -0.010307 0.002050 0.146859
v -0.010056 0.003051 0.146859
v -0.009709 0.004022 0.146859
v -0.009268 0.004954 0.146859
v -0.008738 0.005838 0.146859
v -0.008123 0.006667 0.146859
v -0.007431 0.007431 0.146859
v -0.006667 0.008123 0.146859
v -0.005838 0.008738 0.146859
v -0.004954 0.009268 0.146859
v -0.004022 0.009709 0.146859
v -0.003051 0.010056 0.146859
v -0.002050 0.010307 0.146859
v -0.001030 0.010458 0.146859
v -0.000000 0.031551 0.017218
v 0.003093 0.031399 0.017218
v 0.006155 0.030945 0.017218
v 0.009159 0.030192 0.017218
v 0.012074 0.029149 0.017218
v 0.014873 0.027825 0.017218
v 0.017529 0.026234 0.017218
v 0.020016 0.024389 0.017218
v 0.022310 0.022310 0.017218
v 0.024389 0.020016 0.017218
v 0.026234 0.017529 0.017218
v 0.027825 0.014873 0.017218
v 0.029149 0.012074 0.017218
v 0.030192 0.009159 0.017218
v 0.030945 0.006155 0.017218
v 0.031399 0.003093 0.017218
v 0.031551 -0.000000 0.017218
v 0.031399 -0.003093 0.017218
v 0.030945 -0.006155 0.017218
v 0.030192 -0.009159 0.017218
v 0.029149 -0.012074 0.017218
v 0.027825 -0.014873 0.017218
v 0.026234 -0.017529 0.017218
v 0.024389 -0.020016 0.017218
v 0.022310 -0.022310 0.017218
v 0.020016 -0.024389 0.017218
v 0.017529 -0.026234 0.017218
v 0.014873 -0.027825 0.017218
v 0.012074 -0.029149 0.017218
v 0.009159 -0.030192 0.017218
v 0.006155 -0.030945 0.017218
v 0.003093 -0.031399 0.017218
v -0.000000 -0.031551 0.017218
v -0.003093 -0.031399 0.017218
v -0.006155 -0.030945 0.017218
v -0.009159 -0.030192 0.017218
v -0.012074 -0.029149 0.017218
v -0.014873 -0.027825 0.017218
v -0.017529 -0.026234 0.017218
v -0.020016 -0.024389 0.017218
v -0.022310 -0.022310 0.017218
v -0.024389 -0.020016 0.017218
v -0.026234 -0.017529 0.017218
v -0.027825 -0.014873 0.017218
v -0.029149 -0.012074 0.017218
v -0.030192 -0.009159 0.017218
v -0.030945 -0.006155 0.017218
v -0.031399 -0.003093 0.017218
v -0.031551 -0.000000 0.017218
v -0.031399 0.003093 0.017218
v -0.030945 0.006155 0.017218
v -0.030192 0.009159 0.017218
v -0.029149 0.012074 0.017218
v -0.027825 0.014873 0.017218
v -0.026234 0.017529 0.017218
v -0.024389 0.020016 0.017218
v -0.022310 0.022310 0.017218
v -0.020016 0.024389 0.017218
v -0.017529 0.026234 0.017218
v -0.014873 0.027825 0.017218
v -0.012074 0.029149 0.017218
v -0.009159 0.030192 0.017218
v -0.006155 0.030945 0.017218
v -0.003093 0.031399 0.017218
v -0.000000 0.035005 -0.009705
v -0.000000 0.033485 0.006751
v 0.003282 0.033324 0.006751
v 0.003431 0.034837 -0.009705
v 0.006533 0.032842 0.006751
v 0.006829 0.034333 -0.009705
v 0.009720 0.032043 0.006751
v 0.010161 0.033498 -0.009705
v 0.012814 0.030936 0.006751
v 0.013396 0.032341 -0.009705
v 0.015785 0.029531 0.006751
v 0.016501 0.030872 -0.009705
v 0.018603 0.027842 0.006751
v 0.019448 0.029106 -0.009705
v 0.021243 0.025884 0.006751
v 0.022207 0.027059 -0.009705
v 0.023678 0.023678 0.006751
v 0.024752 0.024752 -0.009705
v 0.025884 0.021243 0.006751
v 0.027059 0.022207 -0.009705
v 0.027842 0.018603 0.006751
v 0.029106 0.019448 -0.009705
v 0.029531 0.015785 0.006751
v 0.030872 0.016501 -0.009705
v 0.030936 0.012814 0.006751
v 0.032341 0.013396 -0.009705
v 0.032043 0.009720 0.006751
v 0.033498 0.010161 -0.009705
v 0.032842 0.006533 0.006751
v 0.034333 0.006829 -0.009705
v 0.033324 0.003282 0.006751
v 0.034837 0.003431 -0.009705
v 0.033485 -0.000000 0.006751
v 0.035005 0.000000 -0.009705
v 0.033324 -0.003282 0.006751
v 0.034837 -0.003431 -0.009705
v 0.032842 -0.006533 0.006751
v 0.034333 -0.006829 -0.009705
v 0.032043 -0.009720 0.006751
v 0.033498 -0.010161 -0.009705
v 0.030936 -0.012814 0.006751
v 0.032341 -0.013396 -0.009705
v 0.029531 -0.015785 0.006751
v 0.030872 -0.016501 -0.009705
v 0.027842 -0.018603 0.006751
v 0.029106 -0.019448 -0.009705
v 0.025884 -0.021243 0.006751
v 0.027059 -0.022207 -0.009705
v 0.023678 -0.023678 0.006751
v 0.024752 -0.024752 -0.009705
v 0.021243 -0.025884 0.006751
v 0.022207 -0.027059 -0.009705
v 0.018603 -0.027842 0.006751
v 0.019448 -0.029106 -0.009705
v 0.015785 -0.029531 0.006751
v 0.016501 -0.030872 -0.009705
v 0.012814 -0.030936 0.006751
v 0.013396 -0.032341 -0.009705
v 0.009720 -0.032043 0.006751
v 0.010161 -0.033498 -0.009705
v 0.006533 -0.032842 0.006751
v 0.006829 -0.034333 -0.009705
v 0.003282 -0.033324 0.006751
v 0.003431 -0.034837 -0.009705
v -0.000000 -0.033485 0.006751
v -0.000000 -0.035005 -0.009705
v -0.003282 -0.033324 0.006751
v -0.003431 -0.034837 -0.009705
v -0.006533 -0.032842 0.006751
v -0.006829 -0.034333 -0.009705
v -0.009720 -0.032043 0.006751
v -0.010161 -0.033498 -0.009705
v -0.012814 -0.030936 0.006751
v -0.013396 -0.032341 -0.009705
v -0.015785 -0.029531 0.006751
v -0.016501 -0.030872 -0.009705
v -0.018603 -0.027842 0.006751
v -0.019448 -0.029106 -0.009705
v -0.021243 -0.025884 0.006751
v -0.022207 -0.027059 -0.009705
v -0.023678 -0.023678 0.006751
v -0.024752 -0.024752 -0.009705
v -0.025884 -0.021243 0.006751
v -0.027059 -0.022207 -0.009705
v -0.027842 -0.018603 0.006751
v -0.029106 -0.019448 -0.009705
v -0.029531 -0.015785 0.006751
v -0.030872 -0.016501 -0.009705
v -0.030936 -0.012814 0.006751
v -0.032341 -0.013396 -0.009705
v -0.032043 -0.009720 0.006751
v -0.033498 -0.010161 -0.009705
v -0.032842 -0.006533 0.006751
v -0.034333 -0.006829 -0.009705
v -0.033324 -0.003282 0.006751
v -0.034837 -0.003431 -0.009705
v -0.033485 -0.000000 0.006751
v -0.035005 0.000000 -0.009705
v -0.033324 0.003282 0.006751
v -0.034837 0.003431 -0.009705
v -0.032842 0.006533 0.006751
v -0.034333 0.006829 -0.009705
v -0.032043 0.009720 0.006751
v -0.033498 0.010161 -0.009705
v -0.030936 0.012814 0.006751
v -0.032341 0.013396 -0.009705
v -0.029531 0.015785 0.006751
v -0.030872 0.016501 -0.009705
v -0.027842 0.018603 0.006751
v -0.029106 0.019448 -0.009705
v -0.025884 0.021243 0.006751
v -0.027059 0.022207 -0.009705
v -0.023678 0.023678 0.006751
v -0.024752 0.024752 -0.009705
v -0.021243 0.025884 0.006751
v -0.022207 0.027059 -0.009705
v -0.018603 0.027842 0.006751
v -0.019448 0.029106 -0.009705
v -0.015785 0.029531 0.006751
v -0.016501 0.030872 -0.009705
v -0.012814 0.030936 0.006751
v -0.013396 0.032341 -0.009705
v -0.009720 0.032043 0.006751
v -0.010161 0.033498 -0.009705
v -0.006533 0.032842 0.006751
v -0.006829 0.034333 -0.009705
v -0.003282 0.033324 0.006751
v -0.003431 0.034837 -0.009705
v -0.000000 0.036146 -0.136247
v -0.000000 0.035373 -0.137062
v 0.003467 0.035202 -0.137062
v 0.003543 0.035972 -0.136247
v 0.006901 0.034693 -0.137062
v 0.007052 0.035451 -0.136247
v 0.010268 0.033849 -0.137062
v 0.010492 0.034589 -0.136247
v 0.013536 0.032680 -0.137062
v 0.013832 0.033394 -0.136247
v 0.016675 0.031196 -0.137062
v 0.017039 0.031878 -0.136247
v 0.019652 0.029411 -0.137062
v 0.020081 0.030054 -0.136247
v 0.022440 0.027343 -0.137062
v 0.022931 0.027941 -0.136247
v 0.025012 0.025012 -0.137062
v 0.025559 0.025559 -0.136247
v 0.027343 0.022440 -0.137062
v 0.027941 0.022931 -0.136247
v 0.029411 0.019652 -0.137062
v 0.030054 0.020081 -0.136247
v 0.031196 0.016675 -0.137062
v 0.031878 0.017039 -0.136247
v 0.032680 0.013537 -0.137062
v 0.033394 0.013832 -0.136247
v 0.033849 0.010268 -0.137062
v 0.034589 0.010493 -0.136247
v 0.034693 0.006901 -0.137062
v 0.035451 0.007052 -0.136247
v 0.035202 0.003467 -0.137062
v 0.035972 0.003543 -0.136247
v 0.035373 0.000000 -0.137062
v 0.036146 0.000000 -0.136247
v 0.035202 -0.003467 -0.137062
v 0.035972 -0.003543 -0.136247
v 0.034693 -0.006901 -0.137062
v 0.035451 -0.007052 -0.136247
v 0.033849 -0.010268 -0.137062
v 0.034589 -0.010492 -0.136247
v 0.032680 -0.013536 -0.137062
v 0.033394 -0.013832 -0.136247
v 0.031196 -0.016675 -0.137062
v 0.031878 -0.017039 -0.136247
v 0.029411 -0.019652 -0.137062
v 0.030054 -0.020081 -0.136247
v 0.027343 -0.022440 -0.137062
v 0.027941 -0.022930 -0.136247
v 0.025012 -0.025012 -0.137062
v 0.025559 -0.025559 -0.136247
v 0.022440 -0.027343 -0.137062
v 0.022931 -0.027941 -0.136247
v 0.019652 -0.029411 -0.137062
v 0.020081 -0.030054 -0.136247
v 0.016675 -0.031196 -0.137062
v 0.017039 -0.031878 -0.136247
v 0.013536 -0.032680 -0.137062
v 0.013832 -0.033394 -0.136247
v 0.010268 -0.033849 -0.137062
v 0.010492 -0.034589 -0.136247
v 0.006901 -0.034693 -0.137062
v 0.007052 -0.035451 -0.136247
v 0.003467 -0.035202 -0.137062
v 0.003543 -0.035971 -0.136247
v 0.000000 -0.035373 -0.137062
v 0.000000 -0.036146 -0.136247
v -0.003467 -0.035202 -0.137062
v -0.003543 -0.035971 -0.136247
v -0.006901 -0.034693 -0.137062
v -0.007052 -0.035451 -0.136247
v -0.010268 -0.033849 -0.137062
v -0.010492 -0.034589 -0.136247
v -0.013537 -0.032680 -0.137062
v -0.013832 -0.033394 -0.136247
v -0.016675 -0.031196 -0.137062
v -0.017039 -0.031878 -0.136247
v -0.019652 -0.029411 -0.137062
v -0.020081 -0.030054 -0.136247
v -0.022440 -0.027343 -0.137062
v -0.022931 -0.027941 -0.136247
v -0.025012 -0.025012 -0.137062
v -0.025559 -0.025559 -0.136247
v -0.027343 -0.022440 -0.137062
v -0.027941 -0.022930 -0.136247
v -0.029411 -0.019652 -0.137062
v -0.030054 -0.020081 -0.136247
v -0.031196 -0.016675 -0.137062
v -0.031878 -0.017039 -0.136247
v -0.032680 -0.013536 -0.137062
v -0.033394 -0.013832 -0.136247
v -0.033849 -0.010268 -0.137062
v -0.034589 -0.010492 -0.136247
v -0.034693 -0.006901 -0.137062
v -0.035451 -0.007052 -0.136247
v -0.035202 -0.003467 -0.137062
v -0.035972 -0.003543 -0.136247
v -0.035373 0.000000 -0.137062
v -0.036146 0.000000 -0.136247
v -0.035202 0.003467 -0.137062
v -0.035972 0.003543 -0.136247
v -0.034693 0.006901 -0.137062
v -0.035451 0.007052 -0.136247
v -0.033849 0.010268 -0.137062
v -0.034589 0.010493 -0.136247
v -0.032680 0.013537 -0.137062
v -0.033394 0.013832 -0.136247
v -0.031196 0.016675 -0.137062
v -0.031878 0.017039 -0.136247
v -0.029411 0.019652 -0.137062
v -0.030054 0.020081 -0.136247
v -0.027343 0.022440 -0.137062
v -0.027941 0.022931 -0.136247
v -0.025012 0.025012 -0.137062
v -0.025559 0.025559 -0.136247
v -0.022440 0.027343 -0.137062
v -0.022931 0.027941 -0.136247
v -0.019652 0.029411 -0.137062
v -0.020081 0.030054 -0.136247
v -0.016675 0.031196 -0.137062
v -0.017039 0.031878 -0.136247
v -0.013536 0.032680 -0.137062
v -0.013832 0.033394 -0.136247
v -0.010268 0.033849 -0.137062
v -0.010492 0.034589 -0.136247
v -0.006901 0.034693 -0.137062
v -0.007052 0.035451 -0.136247
v -0.003467 0.035202 -0.137062
v -0.003543 0.035972 -0.136247
vn -0.0980 0.9952 -0.0000
vn -0.0979 0.9941 0.0460
vn -0.0000 0.9989 0.0460
vn -0.0000 1.0000 -0.0000
vn -0.8236 -0.5503 0.1375
vn -0.7657 -0.6284 0.1375
vn -0.7439 -0.6105 0.2720
vn -0.8001 -0.5346 0.2720
vn -0.0000 -0.0000 -1.0000
vn 0.0980 0.9952 -0.0000
vn 0.0979 0.9941 0.0460
vn 0.1949 0.9797 0.0460
vn 0.1951 0.9808 -0.0000
vn 0.8735 -0.4669 0.1375
vn 0.9151 -0.3790 0.1375
vn 0.8890 -0.3683 0.2720
vn 0.8487 -0.4536 0.2720
vn 0.1877 0.9438 0.2720
vn 0.0943 0.9577 0.2720
vn 0.0914 0.9284 0.3601
vn 0.1820 0.9150 0.3601
vn 0.2900 0.9559 0.0460
vn 0.2903 0.9569 -0.0000
vn -0.9857 -0.0971 0.1375
vn -0.9715 -0.1932 0.1375
vn -0.9438 -0.1877 0.2720
vn -0.9577 -0.0943 0.2720
vn 0.2793 0.9209 0.2720
vn 0.2708 0.8927 0.3601
vn 0.3823 0.9229 0.0460
vn 0.3827 0.9239 -0.0000
vn 0.5503 -0.8236 0.1375
vn 0.6284 -0.7657 0.1375
vn 0.6105 -0.7439 0.2720
vn 0.5346 -0.8001 0.2720
vn 0.3683 0.8890 0.2720
vn 0.3570 0.8619 0.3601
vn 0.4709 0.8810 0.0460
vn 0.4714 0.8819 -0.0000
vn 0.4669 0.8735 0.1375
vn 0.3790 0.9151 0.1375
vn 0.4536 0.8487 0.2720
vn 0.4398 0.8228 0.3601
vn 0.5550 0.8306 0.0460
vn 0.5556 0.8315 -0.0000
vn -0.9151 0.3790 0.1375
vn -0.9478 0.2875 0.1375
vn -0.9209 0.2793 0.2720
vn -0.8890 0.3683 0.2720
vn 0.5346 0.8001 0.2720
vn 0.5183 0.7757 0.3601
vn 0.6337 0.7722 0.0460
vn 0.6344 0.7730 -0.0000
vn 0.0971 -0.9857 0.1375
vn 0.1932 -0.9715 0.1375
vn 0.1877 -0.9438 0.2720
vn 0.0943 -0.9577 0.2720
vn 0.6105 0.7439 0.2720
vn 0.5918 0.7212 0.3601
vn 0.7064 0.7064 0.0460
vn 0.7071 0.7071 -0.0000
vn 0.8236 0.5503 0.1375
vn 0.7657 0.6284 0.1375
vn 0.7439 0.6105 0.2720
vn 0.8001 0.5346 0.2720
vn 0.6804 0.6804 0.2720
vn 0.6597 0.6597 0.3601
vn 0.7722 0.6337 0.0460
vn 0.7730 0.6344 -0.0000
vn -0.6284 0.7657 0.1375
vn -0.7004 0.7004 0.1375
vn -0.6804 0.6804 0.2720
vn -0.6105 0.7439 0.2720
vn 0.7212 0.5918 0.3601
vn 0.8306 0.5550 0.0460
vn 0.8315 0.5556 -0.0000
vn -0.3790 -0.9151 0.1375
vn -0.2875 -0.9478 0.1375
vn -0.2793 -0.9209 0.2720
vn -0.3683 -0.8890 0.2720
vn 0.7757 0.5183 0.3601
vn 0.8810 0.4709 0.0460
vn 0.8819 0.4714 -0.0000
vn 0.9857 0.0971 0.1375
vn 0.9715 0.1932 0.1375
vn 0.9438 0.1877 0.2720
vn 0.9577 0.0943 0.2720
vn 0.8487 0.4536 0.2720
vn 0.8228 0.4398 0.3601
vn 0.9229 0.3823 0.0460
vn 0.9239 0.3827 -0.0000
vn -0.1932 0.9715 0.1375
vn -0.2875 0.9478 0.1375
vn -0.2793 0.9209 0.2720
vn -0.1877 0.9438 0.2720
vn 0.8890 0.3683 0.2720
vn 0.8619 0.3570 0.3601
vn 0.9559 0.2900 0.0460
vn 0.9569 0.2903 -0.0000
vn -0.7004 -0.7004 0.1375
vn -0.6804 -0.6804 0.2720
vn 0.9209 0.2793 0.2720
vn 0.8927 0.2708 0.3601
vn 0.9797 0.1949 0.0460
vn 0.9808 0.1951 -0.0000
vn 0.9478 -0.2875 0.1375
vn 0.9209 -0.2793 0.2720
vn 0.9150 0.1820 0.3601
vn 0.9941 0.0979 0.0460
vn 0.9952 0.0980 -0.0000
vn -0.9478 -0.2875 0.1375
vn -0.9209 -0.2793 0.2720
vn 0.9284 0.0914 0.3601
vn 0.9989 -0.0000 0.0460
vn 1.0000 -0.0000 -0.0000
vn 0.7004 -0.7004 0.1375
vn 0.6804 -0.6804 0.2720
vn 0.9623 -0.0000 0.2720
vn 0.9329 -0.0000 0.3601
vn 0.9941 -0.0979 0.0460
vn 0.9952 -0.0980 -0.0000
vn 0.2875 0.9478 0.1375
vn 0.9577 -0.0943 0.2720
vn 0.9284 -0.0914 0.3601
vn 0.9797 -0.1949 0.0460
vn 0.9808 -0.1951 -0.0000
vn -0.9715 0.1932 0.1375
vn -0.9438 0.1877 0.2720
vn 0.9438 -0.1877 0.2720
vn 0.9150 -0.1820 0.3601
vn 0.9559 -0.2900 0.0460
vn 0.9569 -0.2903 -0.0000
vn 0.2875 -0.9478 0.1375
vn 0.2793 -0.9209 0.2720
vn 0.8927 -0.2708 0.3601
vn 0.9229 -0.3823 0.0460
vn 0.9239 -0.3827 -0.0000
vn 0.7004 0.7004 0.1375
vn 0.8619 -0.3570 0.3601
vn 0.8810 -0.4709 0.0460
vn 0.8819 -0.4714 -0.0000
vn -0.7657 0.6284 0.1375
vn -0.7439 0.6105 0.2720
vn 0.8228 -0.4398 0.3601
vn 0.8306 -0.5550 0.0460
vn 0.8315 -0.5556 -0.0000
vn -0.1932 -0.9715 0.1375
vn -0.1877 -0.9438 0.2720
vn 0.8001 -0.5346 0.2720
vn 0.7757 -0.5183 0.3601
vn 0.7722 -0.6337 0.0460
vn 0.7730 -0.6344 -0.0000
vn 0.9478 0.2875 0.1375
vn 0.7439 -0.6105 0.2720
vn 0.7212 -0.5918 0.3601
vn 0.7064 -0.7064 0.0460
vn 0.7071 -0.7071 -0.0000
vn -0.3790 0.9151 0.1375
vn -0.3683 0.8890 0.2720
vn 0.6597 -0.6597 0.3601
vn 0.6337 -0.7722 0.0460
vn 0.6344 -0.7730 -0.0000
vn -0.6284 -0.7657 0.1375
vn -0.6105 -0.7439 0.2720
vn 0.5918 -0.7212 0.3601
vn 0.5550 -0.8306 0.0460
vn 0.5556 -0.8315 -0.0000
vn 0.9715 -0.1932 0.1375
vn 0.5183 -0.7757 0.3601
vn 0.4709 -0.8810 0.0460
vn 0.4714 -0.8819 -0.0000
vn -0.9151 -0.3790 0.1375
vn -0.8890 -0.3683 0.2720
vn 0.4536 -0.8487 0.2720
vn 0.4398 -0.8228 0.3601
vn 0.3823 -0.9229 0.0460
vn 0.3827 -0.9239 -0.0000
vn 0.7657 -0.6284 0.1375
vn 0.3683 -0.8890 0.2720
vn 0.3570 -0.8619 0.3601
vn 0.2900 -0.9559 0.0460
vn 0.2903 -0.9569 -0.0000
vn -0.9857 0.0971 0.1375
vn -0.9577 0.0943 0.2720
vn 0.2708 -0.8927 0.3601
vn 0.1949 -0.9797 0.0460
vn 0.1951 -0.9808 -0.0000
vn 0.3790 -0.9151 0.1375
vn 0.1820 -0.9150 0.3601
vn 0.0979 -0.9941 0.0460
vn 0.0980 -0.9952 -0.0000
vn 0.1932 0.9715 0.1375
vn 0.0971 0.9857 0.1375
vn 0.0914 -0.9284 0.3601
vn -0.0000 -0.9989 0.0460
vn -0.0000 -1.0000 -0.0000
vn 0.6284 0.7657 0.1375
vn -0.0000 -0.9623 0.2720
vn -0.0000 -0.9329 0.3601
vn -0.0979 -0.9941 0.0460
vn -0.0980 -0.9952 -0.0000
vn -0.0943 -0.9577 0.2720
vn -0.0914 -0.9284 0.3601
vn -0.1949 -0.9797 0.0460
vn -0.1951 -0.9808 -0.0000
vn -0.8236 0.5503 0.1375
vn -0.8001 0.5346 0.2720
vn -0.1820 -0.9150 0.3601
vn -0.2900 -0.9559 0.0460
vn -0.2903 -0.9569 -0.0000
vn -0.0971 -0.9857 0.1375
vn -0.2708 -0.8927 0.3601
vn -0.3823 -0.9229 0.0460
vn -0.3827 -0.9239 -0.0000
vn 0.9151 0.3790 0.1375
vn -0.3570 -0.8619 0.3601
vn -0.4709 -0.8810 0.0460
vn -0.4714 -0.8819 -0.0000
vn -0.4669 0.8735 0.1375
vn -0.4536 0.8487 0.2720
vn -0.4536 -0.8487 0.2720
vn -0.4398 -0.8228 0.3601
vn -0.5550 -0.8306 0.0460
vn -0.5556 -0.8315 -0.0000
vn -0.5503 -0.8236 0.1375
vn -0.5346 -0.8001 0.2720
vn -0.5183 -0.7757 0.3601
vn -0.6337 -0.7722 0.0460
vn -0.6344 -0.7730 -0.0000
vn 0.9857 -0.0971 0.1375
vn -0.5918 -0.7212 0.3601
vn -0.7064 -0.7064 0.0460
vn -0.7071 -0.7071 -0.0000
vn -0.6597 -0.6597 0.3601
vn -0.7722 -0.6337 0.0460
vn -0.7730 -0.6344 -0.0000
vn -0.8735 -0.4669 0.1375
vn -0.8487 -0.4536 0.2720
vn -0.7212 -0.5918 0.3601
vn -0.8306 -0.5550 0.0460
vn -0.8315 -0.5556 -0.0000
vn 0.8236 -0.5503 0.1375
vn -0.7757 -0.5183 0.3601
vn -0.8810 -0.4709 0.0460
vn -0.8819 -0.4714 -0.0000
vn -0.9905 -0.0000 0.1375
vn -0.9623 -0.0000 0.2720
vn -0.8228 -0.4398 0.3601
vn -0.9229 -0.3823 0.0460
vn -0.9239 -0.3827 -0.0000
vn 0.4669 -0.8735 0.1375
vn -0.8619 -0.3570 0.3601
vn -0.9559 -0.2900 0.0460
vn -0.9569 -0.2903 -0.0000
vn 0.5503 0.8236 0.1375
vn -0.8927 -0.2708 0.3601
vn -0.9797 -0.1949 0.0460
vn -0.9808 -0.1951 -0.0000
vn -0.8735 0.4669 0.1375
vn -0.8487 0.4536 0.2720
vn -0.9150 -0.1820 0.3601
vn -0.9941 -0.0979 0.0460
vn -0.9952 -0.0980 -0.0000
vn -0.0000 -0.9905 0.1375
vn -0.9284 -0.0914 0.3601
vn -0.9989 -0.0000 0.0460
vn -1.0000 -0.0000 -0.0000
vn 0.8735 0.4669 0.1375
vn -0.9329 -0.0000 0.3601
vn -0.9941 0.0979 0.0460
vn -0.9952 0.0980 -0.0000
vn -0.5503 0.8236 0.1375
vn -0.5346 0.8001 0.2720
vn -0.9284 0.0914 0.3601
vn -0.9797 0.1949 0.0460
vn -0.9808 0.1951 -0.0000
vn -0.4669 -0.8735 0.1375
vn -0.9150 0.1820 0.3601
vn -0.9559 0.2900 0.0460
vn -0.9569 0.2903 -0.0000
vn 0.9905 -0.0000 0.1375
vn -0.8927 0.2708 0.3601
vn -0.9229 0.3823 0.0460
vn -0.9239 0.3827 -0.0000
vn -0.8619 0.3570 0.3601
vn -0.8810 0.4709 0.0460
vn -0.8819 0.4714 -0.0000
vn -0.8228 0.4398 0.3601
vn -0.8306 0.5550 0.0460
vn -0.8315 0.5556 -0.0000
vn -0.7757 0.5183 0.3601
vn -0.7722 0.6337 0.0460
vn -0.7730 0.6344 -0.0000
vn -0.7212 0.5918 0.3601
vn -0.7064 0.7064 0.0460
vn -0.7071 0.7071 -0.0000
vn -0.6597 0.6597 0.3601
vn -0.6337 0.7722 0.0460
vn -0.6344 0.7730 -0.0000
vn -0.5918 0.7212 0.3601
vn -0.5550 0.8306 0.0460
vn -0.5556 0.8315 -0.0000
vn -0.5183 0.7757 0.3601
vn -0.4709 0.8810 0.0460
vn -0.4714 0.8819 -0.0000
vn -0.4398 0.8228 0.3601
vn -0.3823 0.9229 0.0460
vn -0.3827 0.9239 -0.0000
vn -0.3570 0.8619 0.3601
vn -0.2900 0.9559 0.0460
vn -0.2903 0.9569 -0.0000
vn -0.2708 0.8927 0.3601
vn -0.1949 0.9797 0.0460
vn -0.1951 0.9808 -0.0000
vn -0.1820 0.9150 0.3601
vn -0.0943 0.9577 0.2720
vn -0.0914 0.9284 0.3601
vn -0.0971 0.9857 0.1375
vn -0.0000 0.9623 0.2720
vn -0.0000 0.9329 0.3601
vn -0.0000 -0.0000 1.0000
vn -0.0978 0.9935 0.0590
vn -0.1948 0.9791 0.0590
vn 0.8300 0.5546 0.0590
vn 0.7717 0.6333 0.0590
vn -0.3820 -0.9223 0.0590
vn -0.2898 -0.9553 0.0590
vn -0.2898 0.9553 0.0590
vn 0.7059 0.7059 0.0590
vn -0.1948 -0.9791 0.0590
vn -0.3820 0.9223 0.0590
vn 0.6333 0.7717 0.0590
vn -0.0978 -0.9935 0.0590
vn -0.4706 0.8804 0.0590
vn 0.5546 0.8300 0.0590
vn -0.0000 -0.9983 0.0590
vn -0.5546 0.8300 0.0590
vn 0.4706 0.8804 0.0590
vn 0.0978 -0.9935 0.0590
vn -0.6333 0.7717 0.0590
vn 0.3820 0.9223 0.0590
vn 0.1948 -0.9791 0.0590
vn -0.7059 0.7059 0.0590
vn 0.2898 0.9553 0.0590
vn 0.2898 -0.9553 0.0590
vn -0.7717 0.6333 0.0590
vn 0.1948 0.9791 0.0590
vn 0.3820 -0.9223 0.0590
vn -0.8300 0.5546 0.0590
vn 0.0978 0.9935 0.0590
vn 0.4706 -0.8804 0.0590
vn -0.8804 0.4706 0.0590
vn -0.0000 0.9983 0.0590
vn 0.5546 -0.8300 0.0590
vn -0.9223 0.3820 0.0590
vn 0.6333 -0.7717 0.0590
vn -0.9553 0.2898 0.0590
vn 0.7059 -0.7059 0.0590
vn -0.9791 0.1948 0.0590
vn 0.7717 -0.6333 0.0590
vn -0.9935 0.0978 0.0590
vn 0.8300 -0.5546 0.0590
vn -0.9983 -0.0000 0.0590
vn 0.8804 -0.4706 0.0590
vn -0.9935 -0.0978 0.0590
vn 0.9223 -0.3820 0.0590
vn -0.9791 -0.1948 0.0590
vn 0.9553 -0.2898 0.0590
vn -0.9553 -0.2898 0.0590
vn 0.9791 -0.1948 0.0590
vn -0.9223 -0.3820 0.0590
vn 0.9935 -0.0978 0.0590
vn -0.8804 -0.4706 0.0590
vn 0.9983 -0.0000 0.0590
vn -0.8300 -0.5546 0.0590
vn 0.9935 0.0978 0.0590
vn -0.7717 -0.6333 0.0590
vn 0.9791 0.1948 0.0590
vn -0.7059 -0.7059 0.0590
vn 0.9553 0.2898 0.0590
vn -0.6333 -0.7717 0.0590
vn 0.9223 0.3820 0.0590
vn -0.5546 -0.8300 0.0590
vn 0.8804 0.4706 0.0590
vn -0.4706 -0.8804 0.0590
vn -0.0000 0.9905 0.1375
vn -0.0000 0.7067 -0.7075
vn 0.0693 0.7033 -0.7075
vn 0.1379 0.6931 -0.7075
vn 0.2051 0.6763 -0.7075
vn 0.2704 0.6529 -0.7075
vn 0.3331 0.6232 -0.7075
vn 0.3926 0.5876 -0.7075
vn 0.4483 0.5463 -0.7075
vn 0.4997 0.4997 -0.7075
vn 0.5463 0.4483 -0.7075
vn 0.5876 0.3926 -0.7075
vn 0.6232 0.3331 -0.7075
vn 0.6529 0.2704 -0.7075
vn 0.6763 0.2051 -0.7075
vn 0.6931 0.1379 -0.7075
vn 0.7033 0.0693 -0.7075
vn 0.7067 -0.0000 -0.7075
vn 0.7033 -0.0693 -0.7075
vn 0.6931 -0.1379 -0.7075
vn 0.6763 -0.2051 -0.7075
vn 0.6529 -0.2704 -0.7075
vn 0.6232 -0.3331 -0.7075
vn 0.5876 -0.3926 -0.7075
vn 0.5463 -0.4483 -0.7075
vn 0.4997 -0.4997 -0.7075
vn 0.4483 -0.5463 -0.7075
vn 0.3926 -0.5876 -0.7075
vn 0.3331 -0.6232 -0.7075
vn 0.2704 -0.6529 -0.7075
vn 0.2051 -0.6763 -0.7075
vn 0.1379 -0.6931 -0.7075
vn 0.0693 -0.7033 -0.7075
vn -0.0000 -0.7067 -0.7075
vn -0.0693 -0.7033 -0.7075
vn -0.1379 -0.6931 -0.7075
vn -0.2051 -0.6763 -0.7075
vn -0.2704 -0.6529 -0.7075
vn -0.3331 -0.6232 -0.7075
vn -0.3926 -0.5876 -0.7075
vn -0.4483 -0.5463 -0.7075
vn -0.4997 -0.4997 -0.7075
vn -0.5463 -0.4483 -0.7075
vn -0.5876 -0.3926 -0.7075
vn -0.6232 -0.3331 -0.7075
vn -0.6529 -0.2704 -0.7075
vn -0.6763 -0.2051 -0.7075
vn -0.6931 -0.1379 -0.7075
vn -0.7033 -0.0693 -0.7075
vn -0.7067 -0.0000 -0.7075
vn -0.7033 0.0693 -0.7075
vn -0.6931 0.1379 -0.7075
vn -0.6763 0.2051 -0.7075
vn -0.6529 0.2704 -0.7075
vn -0.6232 0.3331 -0.7075
vn -0.5876 0.3926 -0.7075
vn -0.5463 0.4483 -0.7075
vn -0.4997 0.4997 -0.7075
vn -0.4483 0.5463 -0.7075
vn -0.3926 0.5876 -0.7075
vn -0.3331 0.6232 -0.7075
vn -0.2704 0.6529 -0.7075
vn -0.2051 0.6763 -0.7075
vn -0.1379 0.6931 -0.7075
vn -0.0693 0.7033 -0.7075
vn 0.0980 -0.9952 -0.0029
vn -0.0000 -1.0000 -0.0029
vn -0.0000 -0.9989 -0.0474
vn 0.0979 -0.9941 -0.0474
vn 0.8237 0.5503 -0.1368
vn 0.8026 0.5363 -0.2613
vn 0.7462 0.6124 -0.2613
vn 0.7657 0.6284 -0.1368
vn 0.0022 0.0109 0.9999
vn 0.0011 0.0110 0.9999
vn -0.0980 -0.9952 -0.0029
vn -0.1951 -0.9808 -0.0029
vn -0.1949 -0.9797 -0.0474
vn -0.0979 -0.9941 -0.0474
vn -0.8736 0.4670 -0.1368
vn -0.8513 0.4550 -0.2613
vn -0.8918 0.3694 -0.2613
vn -0.9152 0.3791 -0.1368
vn -0.1883 -0.9467 -0.2613
vn -0.1834 -0.9222 -0.3404
vn -0.0922 -0.9357 -0.3404
vn -0.0946 -0.9606 -0.2613
vn -0.2903 -0.9569 -0.0029
vn -0.2900 -0.9559 -0.0474
vn 0.9858 0.0971 -0.1368
vn 0.9606 0.0946 -0.2613
vn 0.9467 0.1883 -0.2613
vn 0.9716 0.1933 -0.1368
vn -0.2802 -0.9237 -0.2613
vn -0.2729 -0.8998 -0.3404
vn -0.3827 -0.9239 -0.0029
vn -0.3823 -0.9228 -0.0474
vn -0.5503 0.8237 -0.1368
vn -0.5363 0.8026 -0.2613
vn -0.6124 0.7462 -0.2613
vn -0.6284 0.7657 -0.1368
vn -0.3694 -0.8918 -0.2613
vn -0.3598 -0.8687 -0.3404
vn -0.4714 -0.8819 -0.0029
vn -0.4709 -0.8809 -0.0474
vn -0.4670 -0.8736 -0.1368
vn -0.4550 -0.8513 -0.2613
vn -0.3791 -0.9152 -0.1368
vn -0.4432 -0.8292 -0.3404
vn -0.5556 -0.8315 -0.0029
vn -0.5549 -0.8305 -0.0474
vn 0.9152 -0.3791 -0.1368
vn 0.8918 -0.3694 -0.2613
vn 0.9237 -0.2802 -0.2613
vn 0.9479 -0.2876 -0.1368
vn -0.5363 -0.8026 -0.2613
vn -0.5224 -0.7818 -0.3404
vn -0.6344 -0.7730 -0.0029
vn -0.6337 -0.7721 -0.0474
vn -0.0971 0.9858 -0.1368
vn -0.0946 0.9606 -0.2613
vn -0.1883 0.9467 -0.2613
vn -0.1933 0.9716 -0.1368
vn -0.6124 -0.7462 -0.2613
vn -0.5965 -0.7268 -0.3404
vn -0.7071 -0.7071 -0.0029
vn -0.7063 -0.7063 -0.0474
vn -0.8237 -0.5503 -0.1368
vn -0.8026 -0.5363 -0.2613
vn -0.7462 -0.6124 -0.2613
vn -0.7657 -0.6284 -0.1368
vn -0.6825 -0.6825 -0.2613
vn -0.6649 -0.6649 -0.3404
vn -0.7730 -0.6344 -0.0029
vn -0.7721 -0.6337 -0.0474
vn 0.6284 -0.7657 -0.1368
vn 0.6124 -0.7462 -0.2613
vn 0.6825 -0.6825 -0.2613
vn 0.7005 -0.7005 -0.1368
vn -0.7268 -0.5965 -0.3404
vn -0.8315 -0.5556 -0.0029
vn -0.8305 -0.5549 -0.0474
vn 0.3791 0.9152 -0.1368
vn 0.3694 0.8918 -0.2613
vn 0.2802 0.9237 -0.2613
vn 0.2876 0.9479 -0.1368
vn -0.7818 -0.5224 -0.3404
vn -0.8819 -0.4714 -0.0029
vn -0.8809 -0.4709 -0.0474
vn -0.9858 -0.0971 -0.1368
vn -0.9606 -0.0946 -0.2613
vn -0.9467 -0.1883 -0.2613
vn -0.9716 -0.1933 -0.1368
vn -0.8513 -0.4550 -0.2613
vn -0.8292 -0.4432 -0.3404
vn -0.9239 -0.3827 -0.0029
vn -0.9228 -0.3823 -0.0474
vn 0.1933 -0.9716 -0.1368
vn 0.1883 -0.9467 -0.2613
vn 0.2802 -0.9237 -0.2613
vn 0.2876 -0.9479 -0.1368
vn -0.8918 -0.3694 -0.2613
vn -0.8687 -0.3598 -0.3404
vn -0.9569 -0.2903 -0.0029
vn -0.9559 -0.2900 -0.0474
vn 0.6825 0.6825 -0.2613
vn 0.7005 0.7005 -0.1368
vn -0.9237 -0.2802 -0.2613
vn -0.8998 -0.2729 -0.3404
vn -0.9808 -0.1951 -0.0029
vn -0.9797 -0.1949 -0.0474
vn -0.9237 0.2802 -0.2613
vn -0.9479 0.2876 -0.1368
vn -0.9222 -0.1834 -0.3404
vn -0.9952 -0.0980 -0.0029
vn -0.9941 -0.0979 -0.0474
vn 0.9237 0.2802 -0.2613
vn 0.9479 0.2876 -0.1368
vn -0.9357 -0.0922 -0.3404
vn -1.0000 -0.0000 -0.0029
vn -0.9989 -0.0000 -0.0474
vn -0.6825 0.6825 -0.2613
vn -0.7005 0.7005 -0.1368
vn -0.9653 -0.0000 -0.2613
vn -0.9403 -0.0000 -0.3404
vn -0.9952 0.0980 -0.0029
vn -0.9941 0.0979 -0.0474
vn -0.2876 -0.9479 -0.1368
vn -0.9606 0.0946 -0.2613
vn -0.9357 0.0922 -0.3404
vn -0.9808 0.1951 -0.0029
vn -0.9797 0.1949 -0.0474
vn 0.9467 -0.1883 -0.2613
vn 0.9716 -0.1933 -0.1368
vn -0.9467 0.1883 -0.2613
vn -0.9222 0.1834 -0.3404
vn -0.9569 0.2903 -0.0029
vn -0.9559 0.2900 -0.0474
vn -0.2802 0.9237 -0.2613
vn -0.2876 0.9479 -0.1368
vn -0.8998 0.2729 -0.3404
vn -0.9239 0.3827 -0.0029
vn -0.9228 0.3823 -0.0474
vn -0.7005 -0.7005 -0.1368
vn -0.8687 0.3598 -0.3404
vn -0.8819 0.4714 -0.0029
vn -0.8809 0.4709 -0.0474
vn 0.7462 -0.6124 -0.2613
vn 0.7657 -0.6284 -0.1368
vn -0.8292 0.4432 -0.3404
vn -0.8315 0.5556 -0.0029
vn -0.8305 0.5549 -0.0474
vn 0.1883 0.9467 -0.2613
vn 0.1933 0.9716 -0.1368
vn -0.8026 0.5363 -0.2613
vn -0.7818 0.5224 -0.3404
vn -0.7730 0.6344 -0.0029
vn -0.7721 0.6337 -0.0474
vn -0.9479 -0.2876 -0.1368
vn -0.7462 0.6124 -0.2613
vn -0.7268 0.5965 -0.3404
vn -0.7071 0.7071 -0.0029
vn -0.7063 0.7063 -0.0474
vn 0.3694 -0.8918 -0.2613
vn 0.3791 -0.9152 -0.1368
vn -0.6649 0.6649 -0.3404
vn -0.6344 0.7730 -0.0029
vn -0.6337 0.7721 -0.0474
vn 0.6124 0.7462 -0.2613
vn 0.6284 0.7657 -0.1368
vn -0.5965 0.7268 -0.3404
vn -0.5556 0.8315 -0.0029
vn -0.5549 0.8305 -0.0474
vn -0.9716 0.1933 -0.1368
vn -0.5224 0.7818 -0.3404
vn -0.4714 0.8819 -0.0029
vn -0.4709 0.8809 -0.0474
vn 0.8918 0.3694 -0.2613
vn 0.9152 0.3791 -0.1368
vn -0.4550 0.8513 -0.2613
vn -0.4432 0.8292 -0.3404
vn -0.3827 0.9239 -0.0029
vn -0.3823 0.9228 -0.0474
vn -0.7657 0.6284 -0.1368
vn -0.3694 0.8918 -0.2613
vn -0.3598 0.8687 -0.3404
vn -0.2903 0.9569 -0.0029
vn -0.2900 0.9559 -0.0474
vn 0.9606 -0.0946 -0.2613
vn 0.9858 -0.0971 -0.1368
vn -0.2729 0.8998 -0.3404
vn -0.1951 0.9808 -0.0029
vn -0.1949 0.9797 -0.0474
vn -0.3791 0.9152 -0.1368
vn -0.1834 0.9222 -0.3404
vn -0.0980 0.9952 -0.0029
vn -0.0979 0.9941 -0.0474
vn -0.1933 -0.9716 -0.1368
vn -0.0971 -0.9858 -0.1368
vn -0.0922 0.9357 -0.3404
vn -0.0000 1.0000 -0.0029
vn -0.0000 0.9989 -0.0474
vn -0.6284 -0.7657 -0.1368
vn -0.0000 0.9653 -0.2613
vn -0.0000 0.9403 -0.3404
vn 0.0980 0.9952 -0.0029
vn 0.0979 0.9941 -0.0474
vn 0.0946 0.9606 -0.2613
vn 0.0922 0.9357 -0.3404
vn 0.1951 0.9808 -0.0029
vn 0.1949 0.9797 -0.0474
vn 0.8026 -0.5363 -0.2613
vn 0.8237 -0.5503 -0.1368
vn 0.1834 0.9222 -0.3404
vn 0.2903 0.9569 -0.0029
vn 0.2900 0.9559 -0.0474
vn 0.0971 0.9858 -0.1368
vn 0.2729 0.8998 -0.3404
vn 0.3827 0.9239 -0.0029
vn 0.3823 0.9228 -0.0474
vn -0.9152 -0.3791 -0.1368
vn 0.3598 0.8687 -0.3404
vn 0.4714 0.8819 -0.0029
vn 0.4709 0.8809 -0.0474
vn 0.4550 -0.8513 -0.2613
vn 0.4670 -0.8736 -0.1368
vn 0.4550 0.8513 -0.2613
vn 0.4432 0.8292 -0.3404
vn 0.5556 0.8315 -0.0029
vn 0.5549 0.8305 -0.0474
vn 0.5363 0.8026 -0.2613
vn 0.5503 0.8237 -0.1368
vn 0.5224 0.7818 -0.3404
vn 0.6344 0.7730 -0.0029
vn 0.6337 0.7721 -0.0474
vn -0.9858 0.0971 -0.1368
vn 0.5965 0.7268 -0.3404
vn 0.7071 0.7071 -0.0029
vn 0.7063 0.7063 -0.0474
vn 0.6649 0.6649 -0.3404
vn 0.7730 0.6344 -0.0029
vn 0.7721 0.6337 -0.0474
vn 0.8513 0.4550 -0.2613
vn 0.8736 0.4670 -0.1368
vn 0.7268 0.5965 -0.3404
vn 0.8315 0.5556 -0.0029
vn 0.8305 0.5549 -0.0474
vn -0.8237 0.5503 -0.1368
vn 0.7818 0.5224 -0.3404
vn 0.8819 0.4714 -0.0029
vn 0.8809 0.4709 -0.0474
vn 0.9653 -0.0000 -0.2613
vn 0.9906 -0.0000 -0.1368
vn 0.8292 0.4432 -0.3404
vn 0.9239 0.3827 -0.0029
vn 0.9228 0.3823 -0.0474
vn -0.4670 0.8736 -0.1368
vn 0.8687 0.3598 -0.3404
vn 0.9569 0.2903 -0.0029
vn 0.9559 0.2900 -0.0474
vn -0.5503 -0.8237 -0.1368
vn 0.8998 0.2729 -0.3404
vn 0.9808 0.1951 -0.0029
vn 0.9797 0.1949 -0.0474
vn 0.8513 -0.4550 -0.2613
vn 0.8736 -0.4670 -0.1368
vn 0.9222 0.1834 -0.3404
vn 0.9952 0.0980 -0.0029
vn 0.9941 0.0979 -0.0474
vn -0.0000 0.9906 -0.1368
vn 0.9357 0.0922 -0.3404
vn 1.0000 -0.0000 -0.0029
vn 0.9989 -0.0000 -0.0474
vn -0.8736 -0.4670 -0.1368
vn 0.9403 -0.0000 -0.3404
vn 0.9952 -0.0980 -0.0029
vn 0.9941 -0.0979 -0.0474
vn 0.5363 -0.8026 -0.2613
vn 0.5503 -0.8237 -0.1368
vn 0.9357 -0.0922 -0.3404
vn 0.9808 -0.1951 -0.0029
vn 0.9797 -0.1949 -0.0474
vn 0.4670 0.8736 -0.1368
vn 0.9222 -0.1834 -0.3404
vn 0.9569 -0.2903 -0.0029
vn 0.9559 -0.2900 -0.0474
vn -0.9906 -0.0000 -0.1368
vn 0.8998 -0.2729 -0.3404
vn 0.9239 -0.3827 -0.0029
vn 0.9228 -0.3823 -0.0474
vn 0.8687 -0.3598 -0.3404
vn 0.8819 -0.4714 -0.0029
vn 0.8809 -0.4709 -0.0474
vn 0.8292 -0.4432 -0.3404
vn 0.8315 -0.5556 -0.0029
vn 0.8305 -0.5549 -0.0474
vn 0.7818 -0.5224 -0.3404
vn 0.7730 -0.6344 -0.0029
vn 0.7721 -0.6337 -0.0474
vn 0.7268 -0.5965 -0.3404
vn 0.7071 -0.7071 -0.0029
vn 0.7063 -0.7063 -0.0474
vn 0.6649 -0.6649 -0.3404
vn 0.6344 -0.7730 -0.0029
vn 0.6337 -0.7721 -0.0474
vn 0.5965 -0.7268 -0.3404
vn 0.5556 -0.8315 -0.0029
vn 0.5549 -0.8305 -0.0474
vn 0.5224 -0.7818 -0.3404
vn 0.4714 -0.8819 -0.0029
vn 0.4709 -0.8809 -0.0474
vn 0.4432 -0.8292 -0.3404
vn 0.3827 -0.9239 -0.0029
vn 0.3823 -0.9228 -0.0474
vn 0.3598 -0.8687 -0.3404
vn 0.2903 -0.9569 -0.0029
vn 0.2900 -0.9559 -0.0474
vn 0.2729 -0.8998 -0.3404
vn 0.1951 -0.9808 -0.0029
vn 0.1949 -0.9797 -0.0474
vn 0.1834 -0.9222 -0.3404
vn 0.0946 -0.9606 -0.2613
vn 0.0922 -0.9357 -0.3404
vn -0.0000 0.0111 0.9999
vn 0.0971 -0.9858 -0.1368
vn -0.0000 -0.9653 -0.2613
vn -0.0000 -0.9403 -0.3404
vn 0.4858 -0.3987 -0.7778
vn 0.5225 -0.3492 -0.7778
vn 0.1226 0.6164 -0.7778
vn 0.0616 0.6254 -0.7778
vn -0.6014 -0.1824 -0.7778
vn -0.5806 -0.2405 -0.7778
vn 0.2405 -0.5806 -0.7778
vn 0.2963 -0.5543 -0.7778
vn 0.3987 0.4858 -0.7778
vn 0.3492 0.5225 -0.7778
vn -0.6164 0.1226 -0.7778
vn -0.6254 0.0616 -0.7778
vn 0.5806 0.2405 -0.7778
vn 0.5542 0.2963 -0.7778
vn -0.4858 0.3987 -0.7778
vn -0.5225 0.3492 -0.7778
vn -0.1226 -0.6164 -0.7778
vn -0.0616 -0.6254 -0.7778
vn 0.6254 -0.0616 -0.7778
vn 0.6285 -0.0000 -0.7778
vn -0.2405 0.5806 -0.7778
vn -0.2963 0.5543 -0.7778
vn -0.3987 -0.4858 -0.7778
vn -0.3492 -0.5225 -0.7778
vn 0.5543 -0.2963 -0.7778
vn -0.0000 0.6285 -0.7778
vn -0.5542 -0.2963 -0.7778
vn 0.3492 -0.5225 -0.7778
vn 0.2963 0.5543 -0.7778
vn -0.6285 -0.0000 -0.7778
vn 0.5225 0.3492 -0.7778
vn -0.5543 0.2963 -0.7778
vn -0.0000 -0.6285 -0.7778
vn 0.6254 0.0616 -0.7778
vn -0.3492 0.5225 -0.7778
vn -0.2963 -0.5543 -0.7778
vn 0.5806 -0.2405 -0.7778
vn -0.0616 0.6254 -0.7778
vn -0.5225 -0.3492 -0.7778
vn 0.0616 -0.6254 -0.7778
vn 0.3987 -0.4858 -0.7778
vn 0.1226 -0.6164 -0.7778
vn 0.2405 0.5806 -0.7778
vn -0.6254 -0.0616 -0.7778
vn 0.4858 0.3987 -0.7778
vn -0.5806 0.2405 -0.7778
vn 0.6164 0.1226 -0.7778
vn -0.3987 0.4858 -0.7778
vn -0.2405 -0.5806 -0.7778
vn 0.6014 -0.1824 -0.7778
vn -0.1226 0.6164 -0.7778
vn -0.4858 -0.3987 -0.7778
vn 0.4444 -0.4444 -0.7778
vn 0.1824 0.6014 -0.7778
vn -0.6164 -0.1226 -0.7778
vn 0.1824 -0.6014 -0.7778
vn 0.4444 0.4444 -0.7778
vn -0.6014 0.1824 -0.7778
vn 0.6014 0.1824 -0.7778
vn -0.4444 0.4444 -0.7778
vn -0.1824 -0.6014 -0.7778
vn 0.6164 -0.1226 -0.7778
vn -0.1824 0.6014 -0.7778
vn -0.4444 -0.4444 -0.7778
vn 0.0977 -0.9925 -0.0739
vn 0.1946 -0.9781 -0.0739
vn -0.8292 -0.5541 -0.0739
vn -0.7709 -0.6327 -0.0739
vn 0.3816 0.9214 -0.0739
vn 0.2895 0.9543 -0.0739
vn 0.2895 -0.9543 -0.0739
vn -0.7052 -0.7052 -0.0739
vn 0.1946 0.9781 -0.0739
vn 0.3816 -0.9214 -0.0739
vn -0.6327 -0.7709 -0.0739
vn 0.0977 0.9925 -0.0739
vn 0.4701 -0.8795 -0.0739
vn -0.5541 -0.8292 -0.0739
vn -0.0000 0.9973 -0.0739
vn 0.5541 -0.8292 -0.0739
vn -0.4701 -0.8795 -0.0739
vn -0.0977 0.9925 -0.0739
vn 0.6327 -0.7709 -0.0739
vn -0.3816 -0.9214 -0.0739
vn -0.1946 0.9781 -0.0739
vn 0.7052 -0.7052 -0.0739
vn -0.2895 -0.9543 -0.0739
vn -0.2895 0.9543 -0.0739
vn 0.7709 -0.6327 -0.0739
vn -0.1946 -0.9781 -0.0739
vn -0.3816 0.9214 -0.0739
vn 0.8292 -0.5541 -0.0739
vn -0.0977 -0.9925 -0.0739
vn -0.4701 0.8795 -0.0739
vn 0.8795 -0.4701 -0.0739
vn -0.0000 -0.9973 -0.0739
vn -0.5541 0.8292 -0.0739
vn 0.9214 -0.3816 -0.0739
vn -0.6327 0.7709 -0.0739
vn 0.9543 -0.2895 -0.0739
vn -0.7052 0.7052 -0.0739
vn 0.9781 -0.1946 -0.0739
vn -0.7709 0.6327 -0.0739
vn 0.9925 -0.0977 -0.0739
vn -0.8292 0.5541 -0.0739
vn 0.9973 -0.0000 -0.0739
vn -0.8795 0.4701 -0.0739
vn 0.9925 0.0977 -0.0739
vn -0.9214 0.3816 -0.0739
vn 0.9781 0.1946 -0.0739
vn -0.9543 0.2895 -0.0739
vn 0.9543 0.2895 -0.0739
vn -0.9781 0.1946 -0.0739
vn 0.9214 0.3816 -0.0739
vn -0.9925 0.0977 -0.0739
vn 0.8795 0.4701 -0.0739
vn -0.9973 -0.0000 -0.0739
vn 0.8292 0.5541 -0.0739
vn -0.9925 -0.0977 -0.0739
vn 0.7709 0.6327 -0.0739
vn -0.9781 -0.1946 -0.0739
vn 0.7052 0.7052 -0.0739
vn -0.9543 -0.2895 -0.0739
vn 0.6327 0.7709 -0.0739
vn -0.9214 -0.3816 -0.0739
vn 0.5541 0.8292 -0.0739
vn -0.8795 -0.4701 -0.0739
vn 0.4701 0.8795 -0.0739
vn -0.0000 -0.9906 -0.1368
vn 0.0032 0.0106 0.9999
vn 0.0043 0.0103 0.9999
vn 0.0052 0.0098 0.9999
vn 0.0062 0.0092 0.9999
vn 0.0070 0.0086 0.9999
vn 0.0079 0.0078 0.9999
vn 0.0086 0.0070 0.9999
vn 0.0092 0.0062 0.9999
vn 0.0098 0.0052 0.9999
vn 0.0103 0.0042 0.9999
vn 0.0106 0.0032 0.9999
vn 0.0109 0.0022 0.9999
vn 0.0110 0.0011 0.9999
vn 0.0111 -0.0000 0.9999
vn 0.0110 -0.0011 0.9999
vn 0.0109 -0.0022 0.9999
vn 0.0106 -0.0032 0.9999
vn 0.0103 -0.0042 0.9999
vn 0.0098 -0.0052 0.9999
vn 0.0092 -0.0062 0.9999
vn 0.0086 -0.0070 0.9999
vn 0.0079 -0.0078 0.9999
vn 0.0070 -0.0086 0.9999
vn 0.0062 -0.0092 0.9999
vn 0.0052 -0.0098 0.9999
vn 0.0043 -0.0103 0.9999
vn 0.0032 -0.0106 0.9999
vn 0.0022 -0.0109 0.9999
vn 0.0011 -0.0110 0.9999
vn -0.0000 -0.0111 0.9999
vn -0.0011 -0.0110 0.9999
vn -0.0022 -0.0109 0.9999
vn -0.0032 -0.0106 0.9999
vn -0.0043 -0.0103 0.9999
vn -0.0052 -0.0098 0.9999
vn -0.0062 -0.0092 0.9999
vn -0.0070 -0.0086 0.9999
vn -0.0079 -0.0078 0.9999
vn -0.0086 -0.0070 0.9999
vn -0.0092 -0.0062 0.9999
vn -0.0098 -0.0052 0.9999
vn -0.0103 -0.0042 0.9999
vn -0.0106 -0.0032 0.9999
vn -0.0109 -0.0022 0.9999
vn -0.0110 -0.0011 0.9999
vn -0.0111 -0.0000 0.9999
vn -0.0110 0.0011 0.9999
vn -0.0109 0.0022 0.9999
vn -0.0106 0.0032 0.9999
vn -0.0103 0.0042 0.9999
vn -0.0098 0.0052 0.9999
vn -0.0092 0.0062 0.9999
vn -0.0086 0.0070 0.9999
vn -0.0079 0.0078 0.9999
vn -0.0070 0.0086 0.9999
vn -0.0062 0.0092 0.9999
vn -0.0052 0.0098 0.9999
vn -0.0043 0.0103 0.9999
vn -0.0032 0.0106 0.9999
vn -0.0022 0.0109 0.9999
vn -0.0011 0.0110 0.9999
vn -0.0000 0.7256 -0.6881
vn 0.0711 0.7221 -0.6881
vn 0.1416 0.7117 -0.6881
vn 0.2106 0.6944 -0.6881
vn 0.2777 0.6704 -0.6881
vn 0.3421 0.6400 -0.6881
vn 0.4031 0.6033 -0.6881
vn 0.4603 0.5609 -0.6881
vn 0.5131 0.5131 -0.6881
vn 0.5609 0.4603 -0.6881
vn 0.6033 0.4031 -0.6881
vn 0.6400 0.3421 -0.6881
vn 0.6704 0.2777 -0.6881
vn 0.6944 0.2106 -0.6881
vn 0.7117 0.1416 -0.6881
vn 0.7221 0.0711 -0.6881
vn 0.7256 -0.0000 -0.6881
vn 0.7222 -0.0711 -0.6881
vn 0.7117 -0.1416 -0.6881
vn 0.6944 -0.2106 -0.6881
vn 0.6704 -0.2777 -0.6881
vn 0.6400 -0.3421 -0.6881
vn 0.6033 -0.4031 -0.6881
vn 0.5609 -0.4603 -0.6881
vn 0.5131 -0.5131 -0.6881
vn 0.4603 -0.5609 -0.6881
vn 0.4031 -0.6033 -0.6881
vn 0.3421 -0.6400 -0.6881
vn 0.2777 -0.6704 -0.6881
vn 0.2106 -0.6944 -0.6881
vn 0.1416 -0.7117 -0.6881
vn 0.0711 -0.7221 -0.6881
vn -0.0000 -0.7256 -0.6881
vn -0.0711 -0.7221 -0.6881
vn -0.1416 -0.7117 -0.6881
vn -0.2106 -0.6944 -0.6881
vn -0.2777 -0.6704 -0.6881
vn -0.3421 -0.6400 -0.6881
vn -0.4031 -0.6033 -0.6881
vn -0.4603 -0.5609 -0.6881
vn -0.5131 -0.5131 -0.6881
vn -0.5609 -0.4603 -0.6881
vn -0.6033 -0.4031 -0.6881
vn -0.6400 -0.3421 -0.6881
vn -0.6704 -0.2777 -0.6881
vn -0.6944 -0.2106 -0.6881
vn -0.7117 -0.1416 -0.6881
vn -0.7221 -0.0711 -0.6881
vn -0.7256 -0.0000 -0.6881
vn -0.7221 0.0711 -0.6881
vn -0.7117 0.1416 -0.6881
vn -0.6944 0.2106 -0.6881
vn -0.6704 0.2777 -0.6881
vn -0.6400 0.3421 -0.6881
vn -0.6033 0.4031 -0.6881
vn -0.5609 0.4603 -0.6881
vn -0.5131 0.5131 -0.6881
vn -0.4603 0.5609 -0.6881
vn -0.4031 0.6033 -0.6881
vn -0.3421 0.6400 -0.6881
vn -0.2777 0.6704 -0.6881
vn -0.2106 0.6944 -0.6881
vn -0.1416 0.7117 -0.6881
vn -0.0711 0.7221 -0.6881
vn -0.0000 -0.0590 0.9983
vn 0.0058 -0.0587 0.9983
vn 0.0115 -0.0579 0.9983
vn 0.0171 -0.0564 0.9983
vn 0.0226 -0.0545 0.9983
vn 0.0278 -0.0520 0.9983
vn 0.0328 -0.0490 0.9983
vn 0.0374 -0.0456 0.9983
vn 0.0417 -0.0417 0.9983
vn 0.0456 -0.0374 0.9983
vn 0.0490 -0.0328 0.9983
vn 0.0520 -0.0278 0.9983
vn 0.0545 -0.0226 0.9983
vn 0.0564 -0.0171 0.9983
vn 0.0579 -0.0115 0.9983
vn 0.0587 -0.0058 0.9983
vn 0.0590 -0.0000 0.9983
vn 0.0587 0.0058 0.9983
vn 0.0579 0.0115 0.9983
vn 0.0564 0.0171 0.9983
vn 0.0545 0.0226 0.9983
vn 0.0520 0.0278 0.9983
vn 0.0490 0.0328 0.9983
vn 0.0456 0.0374 0.9983
vn 0.0417 0.0417 0.9983
vn 0.0374 0.0456 0.9983
vn 0.0328 0.0490 0.9983
vn 0.0278 0.0520 0.9983
vn 0.0226 0.0545 0.9983
vn 0.0171 0.0564 0.9983
vn 0.0115 0.0579 0.9983
vn 0.0058 0.0587 0.9983
vn -0.0000 0.0590 0.9983
vn -0.0058 0.0587 0.9983
vn -0.0115 0.0579 0.9983
vn -0.0171 0.0564 0.9983
vn -0.0226 0.0545 0.9983
vn -0.0278 0.0520 0.9983
vn -0.0328 0.0490 0.9983
vn -0.0374 0.0456 0.9983
vn -0.0417 0.0417 0.9983
vn -0.0456 0.0374 0.9983
vn -0.0490 0.0328 0.9983
vn -0.0520 0.0278 0.9983
vn -0.0545 0.0226 0.9983
vn -0.0564 0.0171 0.9983
vn -0.0579 0.0115 0.9983
vn -0.0587 0.0058 0.9983
vn -0.0590 -0.0000 0.9983
vn -0.0587 -0.0058 0.9983
vn -0.0579 -0.0115 0.9983
vn -0.0564 -0.0171 0.9983
vn -0.0545 -0.0226 0.9983
vn -0.0520 -0.0278 0.9983
vn -0.0490 -0.0328 0.9983
vn -0.0456 -0.0374 0.9983
vn -0.0417 -0.0417 0.9983
vn -0.0374 -0.0456 0.9983
vn -0.0328 -0.0490 0.9983
vn -0.0278 -0.0520 0.9983
vn -0.0226 -0.0545 0.9983
vn -0.0171 -0.0564 0.9983
vn -0.0115 -0.0579 0.9983
vn -0.0058 -0.0587 0.9983
vt 0.015625 0.506299
vt 0.015625 0.937903
vt 0.000000 0.937903
vt 0.000000 0.506299
vt 0.343750 0.980791
vt 0.359375 0.980791
vt 0.359375 1.000000
vt 0.343750 1.000000
vt 0.750000 0.250000
vt 0.772411 0.477548
vt 0.794607 0.474255
vt 0.984375 0.506299
vt 0.984375 0.937903
vt 0.968750 0.937903
vt 0.968750 0.506299
vt 0.671875 0.980791
vt 0.687500 0.980791
vt 0.687500 1.000000
vt 0.671875 1.000000
vt 0.968750 1.000000
vt 0.984375 1.000000
vt 0.984375 1.000000
vt 0.968750 0.937903
vt 0.953125 0.937903
vt 0.953125 0.506299
vt 0.265625 0.980791
vt 0.281250 0.980791
vt 0.281250 1.000000
vt 0.265625 1.000000
vt 0.953125 1.000000
vt 0.953125 0.937903
vt 0.937500 0.937903
vt 0.937500 0.506299
vt 0.593750 0.980791
vt 0.609375 0.980791
vt 0.609375 1.000000
vt 0.593750 1.000000
vt 0.937500 1.000000
vt 0.937500 0.506299
vt 0.937500 0.937903
vt 0.921875 0.937903
vt 0.921875 0.506299
vt 0.921875 0.980791
vt 0.937500 0.980791
vt 0.921875 1.000000
vt 0.921875 0.937903
vt 0.906250 0.937903
vt 0.906250 0.506299
vt 0.187500 0.980791
vt 0.203125 0.980791
vt 0.203125 1.000000
vt 0.187500 1.000000
vt 0.906250 1.000000
vt 0.906250 0.506299
vt 0.906250 0.937903
vt 0.890625 0.937903
vt 0.890625 0.506299
vt 0.515625 0.980791
vt 0.531250 0.980791
vt 0.531250 1.000000
vt 0.515625 1.000000
vt 0.890625 1.000000
vt 0.890625 0.937903
vt 0.875000 0.937903
vt 0.875000 0.506299
vt 0.843750 0.980791
vt 0.859375 0.980791
vt 0.859375 1.000000
vt 0.843750 1.000000
vt 0.875000 1.000000
vt 0.875000 0.937903
vt 0.859375 0.937903
vt 0.859375 0.506299
vt 0.109375 0.980791
vt 0.125000 0.980791
vt 0.125000 1.000000
vt 0.109375 1.000000
vt 0.875000 1.000000
vt 0.859375 0.937903
vt 0.843750 0.937903
vt 0.843750 0.506299
vt 0.437500 0.980791
vt 0.453125 0.980791
vt 0.453125 1.000000
vt 0.437500 1.000000
vt 0.843750 0.937903
vt 0.828125 0.937903
vt 0.828125 0.506299
vt 0.765625 0.980791
vt 0.781250 0.980791
vt 0.781250 1.000000
vt 0.765625 1.000000
vt 0.828125 1.000000
vt 0.828125 0.506299
vt 0.828125 0.937903
vt 0.812500 0.937903
vt 0.812500 0.506299
vt 0.031250 0.980791
vt 0.046875 0.980791
vt 0.046875 1.000000
vt 0.031250 1.000000
vt 0.812500 1.000000
vt 0.812500 0.937903
vt 0.796875 0.937903
vt 0.796875 0.506299
vt 0.359375 0.980791
vt 0.375000 0.980791
vt 0.375000 1.000000
vt 0.796875 1.000000
vt 0.812500 1.000000
vt 0.796875 0.937903
vt 0.781250 0.937903
vt 0.781250 0.506299
vt 0.687500 0.980791
vt 0.703125 0.980791
vt 0.703125 1.000000
vt 0.781250 0.937903
vt 0.765625 0.937903
vt 0.765625 0.506299
vt 0.281250 0.980791
vt 0.296875 0.980791
vt 0.296875 1.000000
vt 0.765625 0.937903
vt 0.750000 0.937903
vt 0.750000 0.506299
vt 0.609375 0.980791
vt 0.625000 0.980791
vt 0.625000 1.000000
vt 0.750000 1.000000
vt 0.750000 0.937903
vt 0.734375 0.937903
vt 0.734375 0.506299
vt 0.937500 0.980791
vt 0.953125 0.980791
vt 0.734375 1.000000
vt 0.734375 0.937903
vt 0.718750 0.937903
vt 0.718750 0.506299
vt 0.218750 0.980791
vt 0.218750 1.000000
vt 0.718750 1.000000
vt 0.718750 0.506299
vt 0.718750 0.937903
vt 0.703125 0.937903
vt 0.703125 0.506299
vt 0.531250 0.980791
vt 0.546875 0.980791
vt 0.546875 1.000000
vt 0.703125 0.937903
vt 0.687500 0.937903
vt 0.687500 0.506299
vt 0.859375 0.980791
vt 0.875000 0.980791
vt 0.687500 0.937903
vt 0.671875 0.937903
vt 0.671875 0.506299
vt 0.140625 0.980791
vt 0.140625 1.000000
vt 0.671875 0.937903
vt 0.656250 0.937903
vt 0.656250 0.506299
vt 0.468750 0.980791
vt 0.468750 1.000000
vt 0.656250 1.000000
vt 0.656250 0.937903
vt 0.640625 0.937903
vt 0.640625 0.506299
vt 0.781250 0.980791
vt 0.796875 0.980791
vt 0.640625 1.000000
vt 0.640625 0.937903
vt 0.625000 0.937903
vt 0.625000 0.506299
vt 0.046875 0.980791
vt 0.062500 0.980791
vt 0.062500 1.000000
vt 0.046875 1.000000
vt 0.625000 0.937903
vt 0.609375 0.937903
vt 0.609375 0.506299
vt 0.390625 0.980791
vt 0.390625 1.000000
vt 0.609375 0.506299
vt 0.609375 0.937903
vt 0.593750 0.937903
vt 0.593750 0.506299
vt 0.718750 0.980791
vt 0.593750 0.937903
vt 0.578125 0.937903
vt 0.578125 0.506299
vt 0.296875 0.980791
vt 0.312500 0.980791
vt 0.312500 1.000000
vt 0.578125 1.000000
vt 0.578125 0.937903
vt 0.562500 0.937903
vt 0.562500 0.506299
vt 0.640625 0.980791
vt 0.562500 1.000000
vt 0.562500 0.937903
vt 0.546875 0.937903
vt 0.546875 0.506299
vt 0.218750 0.980791
vt 0.234375 0.980791
vt 0.234375 1.000000
vt 0.218750 1.000000
vt 0.546875 0.937903
vt 0.531250 0.937903
vt 0.531250 0.506299
vt 0.546875 0.980791
vt 0.562500 0.980791
vt 0.531250 0.937903
vt 0.515625 0.937903
vt 0.515625 0.506299
vt 0.968750 0.980791
vt 0.984375 0.980791
vt 0.515625 0.937903
vt 0.500000 0.937903
vt 0.500000 0.506299
vt 0.890625 0.980791
vt 0.500000 1.000000
vt 0.500000 0.937903
vt 0.484375 0.937903
vt 0.484375 0.506299
vt 0.968750 0.980791
vt 0.484375 1.000000
vt 0.484375 0.937903
vt 0.468750 0.937903
vt 0.468750 0.506299
vt 0.156250 0.980791
vt 0.156250 1.000000
vt 0.468750 0.506299
vt 0.468750 0.937903
vt 0.453125 0.937903
vt 0.453125 0.506299
vt 0.468750 0.980791
vt 0.484375 0.980791
vt 0.453125 0.506299
vt 0.453125 0.937903
vt 0.437500 0.937903
vt 0.437500 0.506299
vt 0.796875 0.980791
vt 0.812500 0.980791
vt 0.437500 0.937903
vt 0.421875 0.937903
vt 0.421875 0.506299
vt 0.062500 0.980791
vt 0.078125 0.980791
vt 0.078125 1.000000
vt 0.421875 1.000000
vt 0.421875 0.937903
vt 0.406250 0.937903
vt 0.406250 0.506299
vt 0.406250 0.980791
vt 0.406250 1.000000
vt 0.406250 1.000000
vt 0.406250 0.937903
vt 0.390625 0.937903
vt 0.390625 0.506299
vt 0.718750 0.980791
vt 0.734375 0.980791
vt 0.390625 0.937903
vt 0.375000 0.937903
vt 0.375000 0.506299
vt 0.375000 0.937903
vt 0.359375 0.937903
vt 0.359375 0.506299
vt 0.312500 0.980791
vt 0.328125 0.980791
vt 0.328125 1.000000
vt 0.359375 0.506299
vt 0.359375 0.937903
vt 0.343750 0.937903
vt 0.343750 0.506299
vt 0.656250 0.980791
vt 0.343750 0.937903
vt 0.328125 0.937903
vt 0.328125 0.506299
vt 0.234375 0.980791
vt 0.250000 0.980791
vt 0.250000 1.000000
vt 0.328125 0.937903
vt 0.312500 0.937903
vt 0.312500 0.506299
vt 0.562500 0.980791
vt 0.578125 0.980791
vt 0.312500 0.937903
vt 0.296875 0.937903
vt 0.296875 0.506299
vt 0.906250 0.980791
vt 0.296875 0.937903
vt 0.281250 0.937903
vt 0.281250 0.506299
vt 0.156250 0.980791
vt 0.171875 0.980791
vt 0.171875 1.000000
vt 0.281250 0.937903
vt 0.265625 0.937903
vt 0.265625 0.506299
vt 0.484375 0.980791
vt 0.500000 0.980791
vt 0.265625 0.937903
vt 0.250000 0.937903
vt 0.250000 0.506299
vt 0.812500 0.980791
vt 0.828125 0.980791
vt 0.250000 0.937903
vt 0.234375 0.937903
vt 0.234375 0.506299
vt 0.078125 0.980791
vt 0.093750 0.980791
vt 0.093750 1.000000
vt 0.078125 1.000000
vt 0.234375 0.506299
vt 0.234375 0.937903
vt 0.218750 0.937903
vt 0.218750 0.506299
vt 0.406250 0.980791
vt 0.421875 0.980791
vt 0.218750 0.937903
vt 0.203125 0.937903
vt 0.203125 0.506299
vt 0.734375 0.980791
vt 0.750000 0.980791
vt 0.203125 0.937903
vt 0.187500 0.937903
vt 0.187500 0.506299
vt 0.187500 0.937903
vt 0.171875 0.937903
vt 0.171875 0.506299
vt 0.328125 0.980791
vt 0.343750 0.980791
vt 0.187500 1.000000
vt 0.171875 0.937903
vt 0.156250 0.937903
vt 0.156250 0.506299
vt 0.656250 0.980791
vt 0.671875 0.980791
vt 0.156250 0.937903
vt 0.140625 0.937903
vt 0.140625 0.506299
vt 0.250000 0.980791
vt 0.265625 0.980791
vt 0.140625 0.937903
vt 0.125000 0.937903
vt 0.125000 0.506299
vt 0.578125 0.980791
vt 0.593750 0.980791
vt 0.125000 0.937903
vt 0.109375 0.937903
vt 0.109375 0.506299
vt 0.906250 0.980791
vt 0.921875 0.980791
vt 0.109375 0.937903
vt 0.093750 0.937903
vt 0.093750 0.506299
vt 0.171875 0.980791
vt 0.187500 0.980791
vt 0.109375 1.000000
vt 0.093750 0.937903
vt 0.078125 0.937903
vt 0.078125 0.506299
vt 0.500000 0.980791
vt 0.515625 0.980791
vt 0.078125 0.937903
vt 0.062500 0.937903
vt 0.062500 0.506299
vt 0.828125 0.980791
vt 0.843750 0.980791
vt 0.062500 0.937903
vt 0.046875 0.937903
vt 0.046875 0.506299
vt 0.093750 0.980791
vt 0.109375 0.980791
vt 0.046875 0.937903
vt 0.031250 0.937903
vt 0.031250 0.506299
vt 0.421875 0.980791
vt 0.437500 0.980791
vt 0.031250 0.937903
vt 0.015625 0.937903
vt 0.750000 0.980791
vt 0.765625 0.980791
vt 0.015625 1.000000
vt 0.750000 0.478649
vt 0.772412 0.477548
vt 0.015625 0.980791
vt 0.031250 0.980791
vt 0.000000 1.000000
vt 1.000000 1.000000
vt 0.000000 0.980791
vt 0.015625 0.980791
vt 0.816373 0.468803
vt 0.816373 0.468803
vt 0.837500 0.461244
vt 0.837500 0.461244
vt 0.857784 0.451650
vt 0.877030 0.440115
vt 0.877030 0.440115
vt 0.895053 0.426748
vt 0.911679 0.411679
vt 0.926748 0.395053
vt 0.926748 0.395053
vt 0.940115 0.377030
vt 0.940115 0.377030
vt 0.951650 0.357784
vt 0.951650 0.357784
vt 0.961244 0.337500
vt 0.961244 0.337500
vt 0.968803 0.316373
vt 0.968803 0.316373
vt 0.974255 0.294607
vt 0.974255 0.294607
vt 0.977548 0.272412
vt 0.977548 0.272411
vt 0.978649 0.250000
vt 0.978649 0.250000
vt 0.977548 0.227589
vt 0.977548 0.227589
vt 0.974255 0.205393
vt 0.974255 0.205393
vt 0.968803 0.183627
vt 0.968803 0.183627
vt 0.961244 0.162500
vt 0.951650 0.142216
vt 0.940115 0.122970
vt 0.926748 0.104947
vt 0.911679 0.088321
vt 0.911679 0.088321
vt 0.895053 0.073252
vt 0.895053 0.073252
vt 0.877030 0.059885
vt 0.877030 0.059885
vt 0.857784 0.048350
vt 0.857784 0.048350
vt 0.837500 0.038756
vt 0.816373 0.031197
vt 0.816373 0.031197
vt 0.794607 0.025745
vt 0.794607 0.025745
vt 0.772412 0.022452
vt 0.772411 0.022452
vt 0.750000 0.021351
vt 0.750000 0.021351
vt 0.727589 0.022452
vt 0.727589 0.022452
vt 0.705393 0.025745
vt 0.705393 0.025745
vt 0.683627 0.031197
vt 0.683627 0.031197
vt 0.662500 0.038756
vt 0.642216 0.048350
vt 0.642216 0.048350
vt 0.622970 0.059885
vt 0.622970 0.059885
vt 0.604947 0.073252
vt 0.588321 0.088321
vt 0.588321 0.088321
vt 0.573252 0.104947
vt 0.573252 0.104947
vt 0.559885 0.122970
vt 0.548350 0.142216
vt 0.538756 0.162500
vt 0.531197 0.183627
vt 0.525745 0.205393
vt 0.522452 0.227589
vt 0.521351 0.250000
vt 0.522452 0.272412
vt 0.522452 0.272411
vt 0.525745 0.294607
vt 0.531197 0.316373
vt 0.538756 0.337500
vt 0.538756 0.337500
vt 0.548350 0.357784
vt 0.559885 0.377030
vt 0.559885 0.377030
vt 0.573252 0.395053
vt 0.573252 0.395053
vt 0.588321 0.411679
vt 0.604947 0.426748
vt 0.604947 0.426748
vt 0.622970 0.440115
vt 0.622970 0.440115
vt 0.642216 0.451650
vt 0.642216 0.451650
vt 0.662500 0.461244
vt 0.662500 0.461244
vt 0.683627 0.468803
vt 0.705393 0.474255
vt 0.727589 0.477548
vt 1.000000 0.506299
vt 1.000000 0.937903
vt 0.984375 0.937903
vt 1.000000 0.980791
vt 0.984375 0.980791
vt 0.750000 0.490000
vt 0.773524 0.488844
vt 0.796822 0.485388
vt 0.819668 0.479666
vt 0.841844 0.471731
vt 0.863135 0.461661
vt 0.883337 0.449553
vt 0.902254 0.435522
vt 0.919706 0.419706
vt 0.935522 0.402254
vt 0.949553 0.383337
vt 0.961661 0.363135
vt 0.971731 0.341844
vt 0.979666 0.319668
vt 0.985388 0.296822
vt 0.988844 0.273524
vt 0.990000 0.250000
vt 0.988844 0.226476
vt 0.985388 0.203178
vt 0.979666 0.180332
vt 0.971731 0.158156
vt 0.961661 0.136865
vt 0.949553 0.116663
vt 0.935522 0.097746
vt 0.919706 0.080294
vt 0.902254 0.064478
vt 0.883337 0.050447
vt 0.863135 0.038339
vt 0.841844 0.028269
vt 0.819668 0.020334
vt 0.796822 0.014612
vt 0.773524 0.011156
vt 0.750000 0.010000
vt 0.726476 0.011156
vt 0.703178 0.014612
vt 0.680332 0.020334
vt 0.658156 0.028269
vt 0.636865 0.038339
vt 0.616663 0.050447
vt 0.597746 0.064478
vt 0.580294 0.080294
vt 0.564478 0.097746
vt 0.550447 0.116663
vt 0.538339 0.136865
vt 0.528269 0.158156
vt 0.520334 0.180332
vt 0.514612 0.203178
vt 0.511156 0.226476
vt 0.510000 0.250000
vt 0.511156 0.273524
vt 0.514612 0.296822
vt 0.520334 0.319668
vt 0.528269 0.341844
vt 0.538339 0.363135
vt 0.550447 0.383337
vt 0.564478 0.402254
vt 0.580294 0.419706
vt 0.597746 0.435522
vt 0.616663 0.449553
vt 0.636865 0.461661
vt 0.658156 0.471731
vt 0.680332 0.479666
vt 0.703178 0.485388
vt 0.726476 0.488844
vt 0.750000 0.478649
vt 0.727589 0.477548
s 1
f 512/1/1 385/2/2 258/3/3 387/4/4
f 342/5/5 340/6/6 235/7/7 236/8/8
f 1/9/9 389/10/9 391/11/9
f 388/12/10 261/13/11 263/14/12 390/15/13
f 300/16/14 298/17/15 214/18/16 215/19/17
f 196/20/18 195/21/19 3/22/20 4/20/21
f 390/15/13 263/23/12 265/24/22 392/25/23
f 352/26/24 350/27/25 240/28/26 241/29/27
f 197/30/28 196/20/18 4/20/21 5/30/29
f 392/25/23 265/31/22 267/32/30 394/33/31
f 310/34/32 308/35/33 219/36/34 220/37/35
f 198/38/36 197/30/28 5/30/29 6/38/37
f 394/39/31 267/40/30 269/41/38 396/42/39
f 268/43/40 266/44/41 198/38/36 199/45/42
f 199/45/42 198/38/36 6/38/37 7/45/43
f 396/42/39 269/46/38 271/47/44 398/48/45
f 362/49/46 360/50/47 245/51/48 246/52/49
f 200/53/50 199/45/42 7/45/43 8/53/51
f 398/54/45 271/55/44 273/56/52 400/57/53
f 320/58/54 318/59/55 224/60/56 225/61/57
f 201/62/58 200/53/50 8/53/51 9/62/59
f 400/57/53 273/63/52 275/64/60 402/65/61
f 278/66/62 276/67/63 203/68/64 204/69/65
f 202/70/66 201/62/58 9/62/59 10/70/67
f 402/65/61 275/71/60 277/72/68 404/73/69
f 372/74/70 370/75/71 250/76/72 251/77/73
f 203/68/64 202/78/66 10/70/67 11/68/74
f 404/73/69 277/79/68 279/80/75 406/81/76
f 330/82/77 328/83/78 229/84/79 230/85/80
f 204/69/65 203/68/64 11/68/74 12/69/81
f 406/81/76 279/86/75 281/87/82 408/88/83
f 288/89/84 286/90/85 208/91/86 209/92/87
f 205/93/88 204/69/65 12/69/81 13/93/89
f 408/94/83 281/95/82 283/96/90 410/97/91
f 382/98/92 380/99/93 255/100/94 256/101/95
f 206/102/96 205/93/88 13/93/89 14/102/97
f 410/97/91 283/103/90 285/104/98 412/105/99
f 340/106/6 338/107/100 234/108/101 235/7/7
f 207/109/102 206/110/96 14/102/97 15/109/103
f 412/105/99 285/111/98 287/112/104 414/113/105
f 298/114/15 296/115/106 213/116/107 214/18/16
f 208/91/86 207/109/102 15/109/103 16/91/108
f 414/113/105 287/117/104 289/118/109 416/119/110
f 350/120/25 348/121/111 239/122/112 240/28/26
f 209/92/87 208/91/86 16/91/108 17/92/113
f 416/119/110 289/123/109 291/124/114 418/125/115
f 308/126/33 306/127/116 218/128/117 219/36/34
f 210/129/118 209/92/87 17/92/113 18/129/119
f 418/125/115 291/130/114 293/131/120 420/132/121
f 266/133/41 264/134/122 197/30/28 198/38/36
f 211/135/123 210/129/118 18/129/119 19/135/124
f 420/132/121 293/136/120 295/137/125 422/138/126
f 360/50/47 358/139/127 244/140/128 245/51/48
f 212/141/129 211/135/123 19/135/124 20/141/130
f 422/142/126 295/143/125 297/144/131 424/145/132
f 318/146/55 316/147/133 223/148/134 224/60/56
f 213/116/107 212/141/129 20/141/130 21/116/135
f 424/145/132 297/149/131 299/150/136 426/151/137
f 276/152/63 274/153/138 202/78/66 203/68/64
f 214/18/16 213/116/107 21/116/135 22/18/139
f 426/151/137 299/154/136 301/155/140 428/156/141
f 370/75/71 368/157/142 249/158/143 250/76/72
f 215/19/17 214/18/16 22/18/139 23/19/144
f 428/156/141 301/159/140 303/160/145 430/161/146
f 328/83/78 326/162/147 228/163/148 229/84/79
f 216/164/149 215/19/17 23/19/144 24/164/150
f 430/161/146 303/165/145 305/166/151 432/167/152
f 286/168/85 284/169/153 207/109/102 208/91/86
f 217/170/154 216/164/149 24/164/150 25/170/155
f 432/167/152 305/171/151 307/172/156 434/173/157
f 380/174/93 378/175/158 254/176/159 255/177/94
f 218/128/117 217/170/154 25/170/155 26/128/160
f 434/173/157 307/178/156 309/179/161 436/180/162
f 338/107/100 336/181/163 233/182/164 234/108/101
f 219/36/34 218/128/117 26/128/160 27/36/165
f 436/183/162 309/184/161 311/185/166 438/186/167
f 296/115/106 294/187/168 212/141/129 213/116/107
f 220/37/35 219/36/34 27/36/165 28/37/169
f 438/186/167 311/188/166 313/189/170 440/190/171
f 348/191/111 346/192/172 238/193/173 239/122/112
f 221/194/174 220/37/35 28/37/169 29/194/175
f 440/190/171 313/195/170 315/196/176 442/197/177
f 306/127/116 304/198/178 217/170/154 218/128/117
f 222/199/179 221/194/174 29/194/175 30/199/180
f 442/197/177 315/200/176 317/201/181 444/202/182
f 358/203/127 356/204/183 243/205/184 244/206/128
f 223/148/134 222/199/179 30/199/180 31/148/185
f 444/202/182 317/207/181 319/208/186 446/209/187
f 316/210/133 314/211/188 222/199/179 223/148/134
f 224/60/56 223/148/134 31/148/185 32/60/189
f 446/209/187 319/212/186 321/213/190 448/214/191
f 262/215/192 260/216/193 195/21/19 196/20/18
f 225/61/57 224/60/56 32/60/189 33/61/194
f 448/214/191 321/217/190 323/218/195 450/219/196
f 274/153/138 272/220/197 201/62/58 202/70/66
f 226/221/198 225/61/57 33/61/194 34/221/199
f 450/219/196 323/222/195 325/223/200 452/224/201
f 264/134/122 262/225/192 196/20/18 197/30/28
f 227/226/202 226/221/198 34/221/199 35/226/203
f 452/224/201 325/227/200 327/228/204 454/229/205
f 368/157/142 366/230/206 248/231/207 249/158/143
f 228/163/148 227/226/202 35/226/203 36/163/208
f 454/232/205 327/233/204 329/234/209 456/235/210
f 326/236/147 324/237/211 227/226/202 228/163/148
f 229/84/79 228/163/148 36/163/208 37/84/212
f 456/238/210 329/239/209 331/240/213 458/241/214
f 284/242/153 282/243/215 206/110/96 207/109/102
f 230/85/80 229/84/79 37/84/212 38/85/216
f 458/241/214 331/244/213 333/245/217 460/246/218
f 378/247/158 376/248/219 253/249/220 254/176/159
f 231/250/221 230/85/80 38/85/216 39/250/222
f 460/246/218 333/251/217 335/252/223 462/253/224
f 336/181/163 334/254/225 232/255/226 233/182/164
f 232/256/226 231/250/221 39/250/222 40/256/227
f 462/253/224 335/257/223 337/258/228 464/259/229
f 294/260/168 292/261/230 211/135/123 212/141/129
f 233/182/164 232/255/226 40/256/227 41/182/231
f 464/259/229 337/262/228 339/263/232 466/264/233
f 234/108/101 233/182/164 41/182/231 42/108/234
f 466/264/233 339/265/232 341/266/235 468/267/236
f 346/268/172 344/269/237 237/270/238 238/193/173
f 235/7/7 234/108/101 42/108/234 43/7/239
f 468/271/236 341/272/235 343/273/240 470/274/241
f 304/198/178 302/275/242 216/164/149 217/170/154
f 236/8/8 235/7/7 43/7/239 44/8/243
f 470/274/241 343/276/240 345/277/244 472/278/245
f 356/279/183 354/280/246 242/281/247 243/205/184
f 237/270/238 236/8/8 44/8/243 45/270/248
f 472/278/245 345/282/244 347/283/249 474/284/250
f 314/285/188 312/286/251 221/194/174 222/199/179
f 238/193/173 237/270/238 45/270/248 46/193/252
f 474/284/250 347/287/249 349/288/253 476/289/254
f 272/220/197 270/290/255 200/53/50 201/62/58
f 239/122/112 238/193/173 46/193/252 47/122/256
f 476/289/254 349/291/253 351/292/257 478/293/258
f 366/294/206 364/295/259 247/296/260 248/231/207
f 240/28/26 239/122/112 47/122/256 48/28/261
f 478/293/258 351/297/257 353/298/262 480/299/263
f 324/300/211 322/301/264 226/221/198 227/226/202
f 241/29/27 240/28/26 48/28/261 49/29/265
f 480/299/263 353/302/262 355/303/266 482/304/267
f 282/305/215 280/306/268 205/93/88 206/102/96
f 242/281/247 241/29/27 49/29/265 50/281/269
f 482/304/267 355/307/266 357/308/270 484/309/271
f 376/310/219 374/311/272 252/312/273 253/313/220
f 243/205/184 242/281/247 50/281/269 51/205/274
f 484/314/271 357/315/270 359/316/275 486/317/276
f 334/318/225 332/319/277 231/250/221 232/256/226
f 244/206/128 243/205/184 51/205/274 52/206/278
f 486/317/276 359/320/275 361/321/279 488/322/280
f 292/323/230 290/324/281 210/129/118 211/135/123
f 245/51/48 244/140/128 52/206/278 53/51/282
f 488/322/280 361/325/279 363/326/283 490/327/284
f 246/52/49 245/51/48 53/51/282 54/52/285
f 490/327/284 363/328/283 365/329/286 492/330/287
f 344/331/237 342/332/5 236/8/8 237/270/238
f 247/296/260 246/333/49 54/52/285 55/296/288
f 492/330/287 365/334/286 367/335/289 494/336/290
f 302/337/242 300/338/14 215/19/17 216/164/149
f 248/231/207 247/296/260 55/296/288 56/231/291
f 494/336/290 367/339/289 369/340/292 496/341/293
f 354/342/246 352/343/24 241/29/27 242/281/247
f 249/158/143 248/231/207 56/231/291 57/158/294
f 496/341/293 369/344/292 371/345/295 498/346/296
f 312/347/251 310/348/32 220/37/35 221/194/174
f 250/76/72 249/158/143 57/158/294 58/76/297
f 498/346/296 371/349/295 373/350/298 500/351/299
f 270/352/255 268/353/40 199/45/42 200/53/50
f 251/77/73 250/76/72 58/76/297 59/77/300
f 500/351/299 373/354/298 375/355/301 502/356/302
f 364/357/259 362/358/46 246/333/49 247/296/260
f 252/312/273 251/359/73 59/77/300 60/312/303
f 502/356/302 375/360/301 377/361/304 504/362/305
f 322/363/264 320/364/54 225/61/57 226/221/198
f 253/313/220 252/312/273 60/312/303 61/313/306
f 504/362/305 377/365/304 379/366/307 506/367/308
f 280/368/268 278/369/62 204/69/65 205/93/88
f 254/176/159 253/249/220 61/313/306 62/176/309
f 506/367/308 379/370/307 381/371/310 508/372/311
f 374/373/272 372/374/70 251/359/73 252/312/273
f 255/177/94 254/176/159 62/176/309 63/177/312
f 508/372/311 381/375/310 383/376/313 510/377/314
f 332/378/277 330/379/77 230/85/80 231/250/221
f 256/101/95 255/100/94 63/177/312 64/101/315
f 510/377/314 383/380/313 385/381/2 512/1/1
f 290/382/281 288/383/84 209/92/87 210/129/118
f 257/384/316 256/101/95 64/101/315 65/384/317
f 1/9/9 386/385/9 389/386/9
f 384/387/318 382/388/92 256/101/95 257/384/316
f 194/389/319 257/384/316 65/384/317 2/389/320
f 57/158/321 56/231/321 120/231/321 121/158/321
f 36/163/321 35/226/321 99/226/321 100/163/321
f 15/109/321 14/102/321 78/102/321 79/109/321
f 62/176/321 61/313/321 125/313/321 126/176/321
f 41/182/321 40/256/321 104/256/321 105/182/321
f 20/141/321 19/135/321 83/135/321 84/141/321
f 46/193/321 45/270/321 109/270/321 110/193/321
f 25/170/321 24/164/321 88/164/321 89/170/321
f 4/20/321 3/22/321 67/22/321 68/20/321
f 51/205/321 50/281/321 114/281/321 115/205/321
f 30/199/321 29/194/321 93/194/321 94/199/321
f 9/62/321 8/53/321 72/53/321 73/62/321
f 56/231/321 55/296/321 119/296/321 120/231/321
f 35/226/321 34/221/321 98/221/321 99/226/321
f 14/102/321 13/93/321 77/93/321 78/102/321
f 61/313/321 60/312/321 124/312/321 125/313/321
f 40/256/321 39/250/321 103/250/321 104/256/321
f 19/135/321 18/129/321 82/129/321 83/135/321
f 45/270/321 44/8/321 108/8/321 109/270/321
f 24/164/321 23/19/321 87/19/321 88/164/321
f 3/22/321 2/390/321 66/390/321 67/22/321
f 50/281/321 49/29/321 113/29/321 114/281/321
f 29/194/321 28/37/321 92/37/321 93/194/321
f 8/53/321 7/45/321 71/45/321 72/53/321
f 55/296/321 54/52/321 118/52/321 119/296/321
f 34/221/321 33/61/321 97/61/321 98/221/321
f 13/93/321 12/69/321 76/69/321 77/93/321
f 2/389/321 65/384/321 129/384/321 66/389/321
f 60/312/321 59/77/321 123/77/321 124/312/321
f 65/384/321 64/101/321 128/101/321 129/384/321
f 39/250/321 38/85/321 102/85/321 103/250/321
f 18/129/321 17/92/321 81/92/321 82/129/321
f 44/8/321 43/7/321 107/7/321 108/8/321
f 23/19/321 22/18/321 86/18/321 87/19/321
f 49/29/321 48/28/321 112/28/321 113/29/321
f 28/37/321 27/36/321 91/36/321 92/37/321
f 7/45/321 6/38/321 70/38/321 71/45/321
f 54/52/321 53/51/321 117/51/321 118/52/321
f 33/61/321 32/60/321 96/60/321 97/61/321
f 12/69/321 11/68/321 75/68/321 76/69/321
f 59/77/321 58/76/321 122/76/321 123/77/321
f 38/85/321 37/84/321 101/84/321 102/85/321
f 17/92/321 16/91/321 80/91/321 81/92/321
f 64/101/321 63/177/321 127/177/321 128/101/321
f 43/7/321 42/108/321 106/108/321 107/7/321
f 22/18/321 21/116/321 85/116/321 86/18/321
f 48/28/321 47/122/321 111/122/321 112/28/321
f 27/36/321 26/128/321 90/128/321 91/36/321
f 6/38/321 5/30/321 69/30/321 70/38/321
f 53/51/321 52/206/321 116/206/321 117/51/321
f 32/60/321 31/148/321 95/148/321 96/60/321
f 11/68/321 10/70/321 74/70/321 75/68/321
f 58/76/321 57/158/321 121/158/321 122/76/321
f 37/84/321 36/163/321 100/163/321 101/84/321
f 16/91/321 15/109/321 79/109/321 80/91/321
f 63/177/321 62/176/321 126/176/321 127/177/321
f 42/108/321 41/182/321 105/182/321 106/108/321
f 21/116/321 20/141/321 84/141/321 85/116/321
f 47/122/321 46/193/321 110/193/321 111/122/321
f 26/128/321 25/170/321 89/170/321 90/128/321
f 5/30/321 4/20/321 68/20/321 69/30/321
f 52/206/321 51/205/321 115/205/321 116/206/321
f 31/148/321 30/199/321 94/199/321 95/148/321
f 10/70/321 9/62/321 73/62/321 74/70/321
f 129/384/322 128/101/323 192/101/323 193/384/322
f 76/69/324 75/68/325 139/68/325 140/69/324
f 102/85/326 101/84/327 165/84/327 166/85/326
f 128/101/323 127/177/328 191/177/328 192/101/323
f 75/68/325 74/70/329 138/70/329 139/68/325
f 101/84/327 100/163/330 164/163/330 165/84/327
f 127/177/328 126/176/331 190/176/331 191/177/328
f 74/70/329 73/62/332 137/62/332 138/70/329
f 100/163/330 99/226/333 163/226/333 164/163/330
f 126/176/331 125/313/334 189/313/334 190/176/331
f 73/62/332 72/53/335 136/53/335 137/62/332
f 99/226/333 98/221/336 162/221/336 163/226/333
f 125/313/334 124/312/337 188/312/337 189/313/334
f 72/53/335 71/45/338 135/45/338 136/53/335
f 98/221/336 97/61/339 161/61/339 162/221/336
f 124/312/337 123/77/340 187/77/340 188/312/337
f 71/45/338 70/38/341 134/38/341 135/45/338
f 97/61/339 96/60/342 160/60/342 161/61/339
f 123/77/340 122/76/343 186/76/343 187/77/340
f 70/38/341 69/30/344 133/30/344 134/38/341
f 96/60/342 95/148/345 159/148/345 160/60/342
f 122/76/343 121/158/346 185/158/346 186/76/343
f 69/30/344 68/20/347 132/20/347 133/30/344
f 95/148/345 94/199/348 158/199/348 159/148/345
f 121/158/346 120/231/349 184/231/349 185/158/346
f 68/20/347 67/22/350 131/22/350 132/20/347
f 94/199/348 93/194/351 157/194/351 158/199/348
f 120/231/349 119/296/352 183/296/352 184/231/349
f 67/22/350 66/390/353 130/390/353 131/22/350
f 93/194/351 92/37/354 156/37/354 157/194/351
f 119/296/352 118/52/355 182/52/355 183/296/352
f 92/37/354 91/36/356 155/36/356 156/37/354
f 118/52/355 117/51/357 181/51/357 182/52/355
f 91/36/356 90/128/358 154/128/358 155/36/356
f 117/51/357 116/206/359 180/206/359 181/51/357
f 90/128/358 89/170/360 153/170/360 154/128/358
f 116/206/359 115/205/361 179/205/361 180/206/359
f 89/170/360 88/164/362 152/164/362 153/170/360
f 115/205/361 114/281/363 178/281/363 179/205/361
f 88/164/362 87/19/364 151/19/364 152/164/362
f 114/281/363 113/29/365 177/29/365 178/281/363
f 87/19/364 86/18/366 150/18/366 151/19/364
f 113/29/365 112/28/367 176/28/367 177/29/365
f 86/18/366 85/116/368 149/116/368 150/18/366
f 112/28/367 111/122/369 175/122/369 176/28/367
f 85/116/368 84/141/370 148/141/370 149/116/368
f 111/122/369 110/193/371 174/193/371 175/122/369
f 84/141/370 83/135/372 147/135/372 148/141/370
f 110/193/371 109/270/373 173/270/373 174/193/371
f 83/135/372 82/129/374 146/129/374 147/135/372
f 109/270/373 108/8/375 172/8/375 173/270/373
f 82/129/374 81/92/376 145/92/376 146/129/374
f 108/8/375 107/7/377 171/7/377 172/8/375
f 81/92/376 80/91/378 144/91/378 145/92/376
f 107/7/377 106/108/379 170/108/379 171/7/377
f 80/91/378 79/109/380 143/109/380 144/91/378
f 106/108/379 105/182/381 169/182/381 170/108/379
f 79/109/380 78/102/382 142/102/382 143/109/380
f 105/182/381 104/256/383 168/256/383 169/182/381
f 78/102/382 77/93/384 141/93/384 142/102/382
f 104/256/383 103/250/385 167/250/385 168/256/383
f 66/389/353 129/384/322 193/384/322 130/389/353
f 77/93/384 76/69/324 140/69/324 141/93/384
f 103/250/385 102/85/326 166/85/326 167/250/385
f 259/391/386 384/392/318 257/384/316 194/389/319
f 1/9/9 391/11/9 393/393/9
f 1/9/9 393/394/9 395/395/9
f 1/9/9 395/396/9 397/397/9
f 1/9/9 397/397/9 399/398/9
f 1/9/9 399/399/9 401/400/9
f 1/9/9 401/400/9 403/401/9
f 1/9/9 403/401/9 405/402/9
f 1/9/9 405/403/9 407/404/9
f 1/9/9 407/405/9 409/406/9
f 1/9/9 409/407/9 411/408/9
f 1/9/9 411/409/9 413/410/9
f 1/9/9 413/411/9 415/412/9
f 1/9/9 415/413/9 417/414/9
f 1/9/9 417/415/9 419/416/9
f 1/9/9 419/417/9 421/418/9
f 1/9/9 421/419/9 423/420/9
f 1/9/9 423/421/9 425/422/9
f 1/9/9 425/423/9 427/424/9
f 1/9/9 427/424/9 429/425/9
f 1/9/9 429/425/9 431/426/9
f 1/9/9 431/426/9 433/427/9
f 1/9/9 433/427/9 435/428/9
f 1/9/9 435/429/9 437/430/9
f 1/9/9 437/431/9 439/432/9
f 1/9/9 439/433/9 441/434/9
f 1/9/9 441/435/9 443/436/9
f 1/9/9 443/436/9 445/437/9
f 1/9/9 445/438/9 447/439/9
f 1/9/9 447/440/9 449/441/9
f 1/9/9 449/442/9 451/443/9
f 1/9/9 451/444/9 453/445/9
f 1/9/9 453/446/9 455/447/9
f 1/9/9 455/448/9 457/449/9
f 1/9/9 457/450/9 459/451/9
f 1/9/9 459/451/9 461/452/9
f 1/9/9 461/453/9 463/454/9
f 1/9/9 463/455/9 465/456/9
f 1/9/9 465/456/9 467/457/9
f 1/9/9 467/458/9 469/459/9
f 1/9/9 469/460/9 471/461/9
f 1/9/9 471/461/9 473/462/9
f 1/9/9 473/462/9 475/463/9
f 1/9/9 475/463/9 477/464/9
f 1/9/9 477/464/9 479/465/9
f 1/9/9 479/465/9 481/466/9
f 1/9/9 481/466/9 483/467/9
f 1/9/9 483/467/9 485/468/9
f 1/9/9 485/469/9 487/470/9
f 1/9/9 487/470/9 489/471/9
f 1/9/9 489/471/9 491/472/9
f 1/9/9 491/473/9 493/474/9
f 1/9/9 493/474/9 495/475/9
f 1/9/9 495/476/9 497/477/9
f 1/9/9 497/478/9 499/479/9
f 1/9/9 499/479/9 501/480/9
f 1/9/9 501/481/9 503/482/9
f 1/9/9 503/483/9 505/484/9
f 1/9/9 505/485/9 507/486/9
f 1/9/9 507/487/9 509/488/9
f 1/9/9 509/488/9 511/489/9
f 1/9/9 511/489/9 513/490/9
f 387/491/4 258/492/3 261/493/11 388/12/10
f 195/22/19 194/390/319 2/390/320 3/22/20
f 261/493/11 258/492/3 259/494/386 260/495/193
f 263/14/12 261/13/11 260/216/193 262/215/192
f 265/24/22 263/23/12 262/225/192 264/134/122
f 267/32/30 265/31/22 264/134/122 266/133/41
f 269/41/38 267/40/30 266/44/41 268/43/40
f 271/47/44 269/46/38 268/353/40 270/352/255
f 273/56/52 271/55/44 270/290/255 272/220/197
f 275/64/60 273/63/52 272/220/197 274/153/138
f 277/72/68 275/71/60 274/153/138 276/152/63
f 279/80/75 277/79/68 276/67/63 278/66/62
f 281/87/82 279/86/75 278/369/62 280/368/268
f 283/96/90 281/95/82 280/306/268 282/305/215
f 285/104/98 283/103/90 282/243/215 284/242/153
f 287/112/104 285/111/98 284/169/153 286/168/85
f 289/118/109 287/117/104 286/90/85 288/89/84
f 291/124/114 289/123/109 288/383/84 290/382/281
f 293/131/120 291/130/114 290/324/281 292/323/230
f 295/137/125 293/136/120 292/261/230 294/260/168
f 297/144/131 295/143/125 294/187/168 296/115/106
f 299/150/136 297/149/131 296/115/106 298/114/15
f 301/155/140 299/154/136 298/17/15 300/16/14
f 303/160/145 301/159/140 300/338/14 302/337/242
f 305/166/151 303/165/145 302/275/242 304/198/178
f 307/172/156 305/171/151 304/198/178 306/127/116
f 309/179/161 307/178/156 306/127/116 308/126/33
f 311/185/166 309/184/161 308/35/33 310/34/32
f 313/189/170 311/188/166 310/348/32 312/347/251
f 315/196/176 313/195/170 312/286/251 314/285/188
f 317/201/181 315/200/176 314/211/188 316/210/133
f 319/208/186 317/207/181 316/147/133 318/146/55
f 321/213/190 319/212/186 318/59/55 320/58/54
f 323/218/195 321/217/190 320/364/54 322/363/264
f 325/223/200 323/222/195 322/301/264 324/300/211
f 327/228/204 325/227/200 324/237/211 326/236/147
f 329/234/209 327/233/204 326/162/147 328/83/78
f 331/240/213 329/239/209 328/83/78 330/82/77
f 333/245/217 331/244/213 330/379/77 332/378/277
f 335/252/223 333/251/217 332/319/277 334/318/225
f 337/258/228 335/257/223 334/254/225 336/181/163
f 339/263/232 337/262/228 336/181/163 338/107/100
f 341/266/235 339/265/232 338/107/100 340/106/6
f 343/273/240 341/272/235 340/6/6 342/5/5
f 345/277/244 343/276/240 342/332/5 344/331/237
f 347/283/249 345/282/244 344/269/237 346/268/172
f 349/288/253 347/287/249 346/192/172 348/191/111
f 351/292/257 349/291/253 348/121/111 350/120/25
f 353/298/262 351/297/257 350/27/25 352/26/24
f 355/303/266 353/302/262 352/343/24 354/342/246
f 357/308/270 355/307/266 354/280/246 356/279/183
f 359/316/275 357/315/270 356/204/183 358/203/127
f 361/321/279 359/320/275 358/139/127 360/50/47
f 363/326/283 361/325/279 360/50/47 362/49/46
f 365/329/286 363/328/283 362/358/46 364/357/259
f 367/335/289 365/334/286 364/295/259 366/294/206
f 369/340/292 367/339/289 366/230/206 368/157/142
f 371/345/295 369/344/292 368/157/142 370/75/71
f 373/350/298 371/349/295 370/75/71 372/74/70
f 375/355/301 373/354/298 372/374/70 374/373/272
f 377/361/304 375/360/301 374/311/272 376/310/219
f 379/366/307 377/365/304 376/248/219 378/247/158
f 381/371/310 379/370/307 378/175/158 380/174/93
f 383/376/313 381/375/310 380/99/93 382/98/92
f 385/381/2 383/380/313 382/388/92 384/387/318
f 258/3/3 385/2/2 384/392/318 259/391/386
f 260/495/193 259/494/386 194/390/319 195/22/19
f 387/496/387 388/497/388 389/386/388 386/385/387
f 388/497/388 390/498/389 391/11/389 389/10/388
f 390/498/389 392/499/390 393/393/390 391/11/389
f 392/499/390 394/500/391 395/395/391 393/394/390
f 394/500/391 396/501/392 397/397/392 395/396/391
f 396/501/392 398/502/393 399/398/393 397/397/392
f 398/502/393 400/503/394 401/400/394 399/399/393
f 400/503/394 402/504/395 403/401/395 401/400/394
f 402/504/395 404/505/396 405/402/396 403/401/395
f 404/505/396 406/506/397 407/404/397 405/403/396
f 406/506/397 408/507/398 409/406/398 407/405/397
f 408/507/398 410/508/399 411/408/399 409/407/398
f 410/508/399 412/509/400 413/410/400 411/409/399
f 412/509/400 414/510/401 415/412/401 413/411/400
f 414/510/401 416/511/402 417/414/402 415/413/401
f 416/511/402 418/512/403 419/416/403 417/415/402
f 418/512/403 420/513/404 421/418/404 419/417/403
f 420/513/404 422/514/405 423/420/405 421/419/404
f 422/514/405 424/515/406 425/422/406 423/421/405
f 424/515/406 426/516/407 427/424/407 425/423/406
f 426/516/407 428/517/408 429/425/408 427/424/407
f 428/517/408 430/518/409 431/426/409 429/425/408
f 430/518/409 432/519/410 433/427/410 431/426/409
f 432/519/410 434/520/411 435/428/411 433/427/410
f 434/520/411 436/521/412 437/430/412 435/429/411
f 436/521/412 438/522/413 439/432/413 437/431/412
f 438/522/413 440/523/414 441/434/414 439/433/413
f 440/523/414 442/524/415 443/436/415 441/435/414
f 442/524/415 444/525/416 445/437/416 443/436/415
f 444/525/416 446/526/417 447/439/417 445/438/416
f 446/526/417 448/527/418 449/441/418 447/440/417
f 448/527/418 450/528/419 451/443/419 449/442/418
f 450/528/419 452/529/420 453/445/420 451/444/419
f 452/529/420 454/530/421 455/447/421 453/446/420
f 454/530/421 456/531/422 457/449/422 455/448/421
f 456/531/422 458/532/423 459/451/423 457/450/422
f 458/532/423 460/533/424 461/452/424 459/451/423
f 460/533/424 462/534/425 463/454/425 461/453/424
f 462/534/425 464/535/426 465/456/426 463/455/425
f 464/535/426 466/536/427 467/457/427 465/456/426
f 466/536/427 468/537/428 469/459/428 467/458/427
f 468/537/428 470/538/429 471/461/429 469/460/428
f 470/538/429 472/539/430 473/462/430 471/461/429
f 472/539/430 474/540/431 475/463/431 473/462/430
f 474/540/431 476/541/432 477/464/432 475/463/431
f 476/541/432 478/542/433 479/465/433 477/464/432
f 478/542/433 480/543/434 481/466/434 479/465/433
f 480/543/434 482/544/435 483/467/435 481/466/434
f 482/544/435 484/545/436 485/468/436 483/467/435
f 484/545/436 486/546/437 487/470/437 485/469/436
f 486/546/437 488/547/438 489/471/438 487/470/437
f 488/547/438 490/548/439 491/472/439 489/471/438
f 490/548/439 492/549/440 493/474/440 491/473/439
f 492/549/440 494/550/441 495/475/441 493/474/440
f 494/550/441 496/551/442 497/477/442 495/476/441
f 496/551/442 498/552/443 499/479/443 497/478/442
f 498/552/443 500/553/444 501/480/444 499/479/443
f 500/553/444 502/554/445 503/482/445 501/481/444
f 502/554/445 504/555/446 505/484/446 503/483/445
f 504/555/446 506/556/447 507/486/447 505/485/446
f 506/556/447 508/557/448 509/488/448 507/487/447
f 508/557/448 510/558/449 511/489/449 509/488/448
f 510/558/449 512/559/450 513/490/450 511/489/449
f 512/559/450 387/496/387 386/560/387 513/561/450
f 1/9/9 513/561/9 386/560/9
f 1025/1/451 900/4/452 771/3/453 898/2/454
f 855/5/455 749/8/456 748/7/457 853/6/458
f 514/9/321 904/11/459 902/10/460
f 901/12/461 903/15/462 776/14/463 774/13/464
f 813/16/465 728/19/466 727/18/467 811/17/468
f 709/20/469 517/20/470 516/22/471 708/21/472
f 903/15/462 905/25/473 778/24/474 776/23/463
f 865/26/475 754/29/476 753/28/477 863/27/478
f 710/30/479 518/30/480 517/20/470 709/20/469
f 905/25/473 907/33/481 780/32/482 778/31/474
f 823/34/483 733/37/484 732/36/485 821/35/486
f 711/38/487 519/38/488 518/30/480 710/30/479
f 907/39/481 909/42/489 782/41/490 780/40/482
f 781/43/491 712/45/492 711/38/487 779/44/493
f 712/45/492 520/45/494 519/38/488 711/38/487
f 909/42/489 911/48/495 784/47/496 782/46/490
f 875/49/497 759/52/498 758/51/499 873/50/500
f 713/53/501 521/53/502 520/45/494 712/45/492
f 911/54/495 913/57/503 786/56/504 784/55/496
f 833/58/505 738/61/506 737/60/507 831/59/508
f 714/62/509 522/62/510 521/53/502 713/53/501
f 913/57/503 915/65/511 788/64/512 786/63/504
f 791/66/513 717/69/514 716/68/515 789/67/516
f 715/70/517 523/70/518 522/62/510 714/62/509
f 915/65/511 917/73/519 790/72/520 788/71/512
f 885/74/521 764/77/522 763/76/523 883/75/524
f 716/68/515 524/68/525 523/70/518 715/78/517
f 917/73/519 919/81/526 792/80/527 790/79/520
f 843/82/528 743/85/529 742/84/530 841/83/531
f 717/69/514 525/69/532 524/68/525 716/68/515
f 919/81/526 921/88/533 794/87/534 792/86/527
f 801/89/535 722/92/536 721/91/537 799/90/538
f 718/93/539 526/93/540 525/69/532 717/69/514
f 921/94/533 923/97/541 796/96/542 794/95/534
f 895/98/543 769/101/544 768/100/545 893/99/546
f 719/102/547 527/102/548 526/93/540 718/93/539
f 923/97/541 925/105/549 798/104/550 796/103/542
f 853/106/458 748/7/457 747/108/551 851/107/552
f 720/109/553 528/109/554 527/102/548 719/110/547
f 925/105/549 927/113/555 800/112/556 798/111/550
f 811/114/468 727/18/467 726/116/557 809/115/558
f 721/91/537 529/91/559 528/109/554 720/109/553
f 927/113/555 929/119/560 802/118/561 800/117/556
f 863/120/478 753/28/477 752/122/562 861/121/563
f 722/92/536 530/92/564 529/91/559 721/91/537
f 929/119/560 931/125/565 804/124/566 802/123/561
f 821/126/486 732/36/485 731/128/567 819/127/568
f 723/129/569 531/129/570 530/92/564 722/92/536
f 931/125/565 933/132/571 806/131/572 804/130/566
f 779/133/493 711/38/487 710/30/479 777/134/573
f 724/135/574 532/135/575 531/129/570 723/129/569
f 933/132/571 935/138/576 808/137/577 806/136/572
f 873/50/500 758/51/499 757/140/578 871/139/579
f 725/141/580 533/141/581 532/135/575 724/135/574
f 935/142/576 937/145/582 810/144/583 808/143/577
f 831/146/508 737/60/507 736/148/584 829/147/585
f 726/116/557 534/116/586 533/141/581 725/141/580
f 937/145/582 939/151/587 812/150/588 810/149/583
f 789/152/516 716/68/515 715/78/517 787/153/589
f 727/18/467 535/18/590 534/116/586 726/116/557
f 939/151/587 941/156/591 814/155/592 812/154/588
f 883/75/524 763/76/523 762/158/593 881/157/594
f 728/19/466 536/19/595 535/18/590 727/18/467
f 941/156/591 943/161/596 816/160/597 814/159/592
f 841/83/531 742/84/530 741/163/598 839/162/599
f 729/164/600 537/164/601 536/19/595 728/19/466
f 943/161/596 945/167/602 818/166/603 816/165/597
f 799/168/538 721/91/537 720/109/553 797/169/604
f 730/170/605 538/170/606 537/164/601 729/164/600
f 945/167/602 947/173/607 820/172/608 818/171/603
f 893/174/546 768/177/545 767/176/609 891/175/610
f 731/128/567 539/128/611 538/170/606 730/170/605
f 947/173/607 949/180/612 822/179/613 820/178/608
f 851/107/552 747/108/551 746/182/614 849/181/615
f 732/36/485 540/36/616 539/128/611 731/128/567
f 949/183/612 951/186/617 824/185/618 822/184/613
f 809/115/558 726/116/557 725/141/580 807/187/619
f 733/37/484 541/37/620 540/36/616 732/36/485
f 951/186/617 953/190/621 826/189/622 824/188/618
f 861/191/563 752/122/562 751/193/623 859/192/624
f 734/194/625 542/194/626 541/37/620 733/37/484
f 953/190/621 955/197/627 828/196/628 826/195/622
f 819/127/568 731/128/567 730/170/605 817/198/629
f 735/199/630 543/199/631 542/194/626 734/194/625
f 955/197/627 957/202/632 830/201/633 828/200/628
f 871/203/579 757/206/578 756/205/634 869/204/635
f 736/148/584 544/148/636 543/199/631 735/199/630
f 957/202/632 959/209/637 832/208/638 830/207/633
f 829/210/585 736/148/584 735/199/630 827/211/639
f 737/60/507 545/60/640 544/148/636 736/148/584
f 959/209/637 961/214/641 834/213/642 832/212/638
f 775/215/643 709/20/469 708/21/472 773/216/644
f 738/61/506 546/61/645 545/60/640 737/60/507
f 961/214/641 963/219/646 836/218/647 834/217/642
f 787/153/589 715/70/517 714/62/509 785/220/648
f 739/221/649 547/221/650 546/61/645 738/61/506
f 963/219/646 965/224/651 838/223/652 836/222/647
f 777/134/573 710/30/479 709/20/469 775/225/643
f 740/226/653 548/226/654 547/221/650 739/221/649
f 965/224/651 967/229/655 840/228/656 838/227/652
f 881/157/594 762/158/593 761/231/657 879/230/658
f 741/163/598 549/163/659 548/226/654 740/226/653
f 967/232/655 969/235/660 842/234/661 840/233/656
f 839/236/599 741/163/598 740/226/653 837/237/662
f 742/84/530 550/84/663 549/163/659 741/163/598
f 969/238/660 971/241/664 844/240/665 842/239/661
f 797/242/604 720/109/553 719/110/547 795/243/666
f 743/85/529 551/85/667 550/84/663 742/84/530
f 971/241/664 973/246/668 846/245/669 844/244/665
f 891/247/610 767/176/609 766/249/670 889/248/671
f 744/250/672 552/250/673 551/85/667 743/85/529
f 973/246/668 975/253/674 848/252/675 846/251/669
f 849/181/615 746/182/614 745/255/676 847/254/677
f 745/256/676 553/256/678 552/250/673 744/250/672
f 975/253/674 977/259/679 850/258/680 848/257/675
f 807/260/619 725/141/580 724/135/574 805/261/681
f 746/182/614 554/182/682 553/256/678 745/255/676
f 977/259/679 979/264/683 852/263/684 850/262/680
f 747/108/551 555/108/685 554/182/682 746/182/614
f 979/264/683 981/267/686 854/266/687 852/265/684
f 859/268/624 751/193/623 750/270/688 857/269/689
f 748/7/457 556/7/690 555/108/685 747/108/551
f 981/271/686 983/274/691 856/273/692 854/272/687
f 817/198/629 730/170/605 729/164/600 815/275/693
f 749/8/456 557/8/694 556/7/690 748/7/457
f 983/274/691 985/278/695 858/277/696 856/276/692
f 869/279/635 756/205/634 755/281/697 867/280/698
f 750/270/688 558/270/699 557/8/694 749/8/456
f 985/278/695 987/284/700 860/283/701 858/282/696
f 827/285/639 735/199/630 734/194/625 825/286/702
f 751/193/623 559/193/703 558/270/699 750/270/688
f 987/284/700 989/289/704 862/288/705 860/287/701
f 785/220/648 714/62/509 713/53/501 783/290/706
f 752/122/562 560/122/707 559/193/703 751/193/623
f 989/289/704 991/293/708 864/292/709 862/291/705
f 879/294/658 761/231/657 760/296/710 877/295/711
f 753/28/477 561/28/712 560/122/707 752/122/562
f 991/293/708 993/299/713 866/298/714 864/297/709
f 837/300/662 740/226/653 739/221/649 835/301/715
f 754/29/476 562/29/716 561/28/712 753/28/477
f 993/299/713 995/304/717 868/303/718 866/302/714
f 795/305/666 719/102/547 718/93/539 793/306/719
f 755/281/697 563/281/720 562/29/716 754/29/476
f 995/304/717 997/309/721 870/308/722 868/307/718
f 889/310/671 766/313/670 765/312/723 887/311/724
f 756/205/634 564/205/725 563/281/720 755/281/697
f 997/314/721 999/317/726 872/316/727 870/315/722
f 847/318/677 745/256/676 744/250/672 845/319/728
f 757/206/578 565/206/729 564/205/725 756/205/634
f 999/317/726 1001/322/730 874/321/731 872/320/727
f 805/323/681 724/135/574 723/129/569 803/324/732
f 758/51/499 566/51/733 565/206/729 757/140/578
f 1001/322/730 1003/327/734 876/326/735 874/325/731
f 759/52/498 567/52/736 566/51/733 758/51/499
f 1003/327/734 1005/330/737 878/329/738 876/328/735
f 857/331/689 750/270/688 749/8/456 855/332/455
f 760/296/710 568/296/739 567/52/736 759/333/498
f 1005/330/737 1007/336/740 880/335/741 878/334/738
f 815/337/693 729/164/600 728/19/466 813/338/465
f 761/231/657 569/231/742 568/296/739 760/296/710
f 1007/336/740 1009/341/743 882/340/744 880/339/741
f 867/342/698 755/281/697 754/29/476 865/343/475
f 762/158/593 570/158/745 569/231/742 761/231/657
f 1009/341/743 1011/346/746 884/345/747 882/344/744
f 825/347/702 734/194/625 733/37/484 823/348/483
f 763/76/523 571/76/748 570/158/745 762/158/593
f 1011/346/746 1013/351/749 886/350/750 884/349/747
f 783/352/706 713/53/501 712/45/492 781/353/491
f 764/77/522 572/77/751 571/76/748 763/76/523
f 1013/351/749 1015/356/752 888/355/753 886/354/750
f 877/357/711 760/296/710 759/333/498 875/358/497
f 765/312/723 573/312/754 572/77/751 764/359/522
f 1015/356/752 1017/362/755 890/361/756 888/360/753
f 835/363/715 739/221/649 738/61/506 833/364/505
f 766/313/670 574/313/757 573/312/754 765/312/723
f 1017/362/755 1019/367/758 892/366/759 890/365/756
f 793/368/719 718/93/539 717/69/514 791/369/513
f 767/176/609 575/176/760 574/313/757 766/249/670
f 1019/367/758 1021/372/761 894/371/762 892/370/759
f 887/373/724 765/312/723 764/359/522 885/374/521
f 768/177/545 576/177/763 575/176/760 767/176/609
f 1021/372/761 1023/377/764 896/376/765 894/375/762
f 845/378/728 744/250/672 743/85/529 843/379/528
f 769/101/544 577/101/766 576/177/763 768/100/545
f 1023/377/764 1025/1/451 898/381/454 896/380/765
f 803/382/732 723/129/569 722/92/536 801/383/535
f 770/384/767 578/384/768 577/101/766 769/101/544
f 514/9/321 902/386/460 899/385/769
f 897/387/770 770/384/767 769/101/544 895/388/543
f 707/389/771 515/389/772 578/384/768 770/384/767
f 570/158/773 634/158/773 633/231/774 569/231/774
f 549/163/775 613/163/775 612/226/776 548/226/776
f 528/109/777 592/109/777 591/102/778 527/102/778
f 575/176/779 639/176/779 638/313/780 574/313/780
f 554/182/781 618/182/781 617/256/782 553/256/782
f 533/141/783 597/141/783 596/135/784 532/135/784
f 559/193/785 623/193/785 622/270/786 558/270/786
f 538/170/787 602/170/787 601/164/788 537/164/788
f 517/20/789 581/20/789 580/22/790 516/22/790
f 564/205/791 628/205/791 627/281/792 563/281/792
f 543/199/793 607/199/793 606/194/794 542/194/794
f 522/62/795 586/62/795 585/53/796 521/53/796
f 569/231/774 633/231/774 632/296/797 568/296/797
f 548/226/776 612/226/776 611/221/798 547/221/798
f 527/102/778 591/102/778 590/93/799 526/93/799
f 574/313/780 638/313/780 637/312/800 573/312/800
f 553/256/782 617/256/782 616/250/801 552/250/801
f 532/135/784 596/135/784 595/129/802 531/129/802
f 558/270/786 622/270/786 621/8/803 557/8/803
f 537/164/788 601/164/788 600/19/804 536/19/804
f 516/22/790 580/22/790 579/390/805 515/390/805
f 563/281/792 627/281/792 626/29/806 562/29/806
f 542/194/794 606/194/794 605/37/807 541/37/807
f 521/53/796 585/53/796 584/45/808 520/45/808
f 568/296/797 632/296/797 631/52/809 567/52/809
f 547/221/798 611/221/798 610/61/810 546/61/810
f 526/93/799 590/93/799 589/69/811 525/69/811
f 515/389/805 579/389/805 642/384/812 578/384/812
f 573/312/800 637/312/800 636/77/813 572/77/813
f 578/384/812 642/384/812 641/101/814 577/101/814
f 552/250/801 616/250/801 615/85/815 551/85/815
f 531/129/802 595/129/802 594/92/816 530/92/816
f 557/8/803 621/8/803 620/7/817 556/7/817
f 536/19/804 600/19/804 599/18/818 535/18/818
f 562/29/806 626/29/806 625/28/819 561/28/819
f 541/37/807 605/37/807 604/36/820 540/36/820
f 520/45/808 584/45/808 583/38/821 519/38/821
f 567/52/809 631/52/809 630/51/822 566/51/822
f 546/61/810 610/61/810 609/60/823 545/60/823
f 525/69/811 589/69/811 588/68/824 524/68/824
f 572/77/813 636/77/813 635/76/825 571/76/825
f 551/85/815 615/85/815 614/84/826 550/84/826
f 530/92/816 594/92/816 593/91/827 529/91/827
f 577/101/814 641/101/814 640/177/828 576/177/828
f 556/7/817 620/7/817 619/108/829 555/108/829
f 535/18/818 599/18/818 598/116/830 534/116/830
f 561/28/819 625/28/819 624/122/831 560/122/831
f 540/36/820 604/36/820 603/128/832 539/128/832
f 519/38/821 583/38/821 582/30/833 518/30/833
f 566/51/822 630/51/822 629/206/834 565/206/834
f 545/60/823 609/60/823 608/148/835 544/148/835
f 524/68/824 588/68/824 587/70/836 523/70/836
f 571/76/825 635/76/825 634/158/773 570/158/773
f 550/84/826 614/84/826 613/163/775 549/163/775
f 529/91/827 593/91/827 592/109/777 528/109/777
f 576/177/828 640/177/828 639/176/779 575/176/779
f 555/108/829 619/108/829 618/182/781 554/182/781
f 534/116/830 598/116/830 597/141/783 533/141/783
f 560/122/831 624/122/831 623/193/785 559/193/785
f 539/128/832 603/128/832 602/170/787 538/170/787
f 518/30/833 582/30/833 581/20/789 517/20/789
f 565/206/834 629/206/834 628/205/791 564/205/791
f 544/148/835 608/148/835 607/199/793 543/199/793
f 523/70/836 587/70/836 586/62/795 522/62/795
f 642/384/837 706/384/837 705/101/838 641/101/838
f 589/69/839 653/69/839 652/68/840 588/68/840
f 615/85/841 679/85/841 678/84/842 614/84/842
f 641/101/838 705/101/838 704/177/843 640/177/843
f 588/68/840 652/68/840 651/70/844 587/70/844
f 614/84/842 678/84/842 677/163/845 613/163/845
f 640/177/843 704/177/843 703/176/846 639/176/846
f 587/70/844 651/70/844 650/62/847 586/62/847
f 613/163/845 677/163/845 676/226/848 612/226/848
f 639/176/846 703/176/846 702/313/849 638/313/849
f 586/62/847 650/62/847 649/53/850 585/53/850
f 612/226/848 676/226/848 675/221/851 611/221/851
f 638/313/849 702/313/849 701/312/852 637/312/852
f 585/53/850 649/53/850 648/45/853 584/45/853
f 611/221/851 675/221/851 674/61/854 610/61/854
f 637/312/852 701/312/852 700/77/855 636/77/855
f 584/45/853 648/45/853 647/38/856 583/38/856
f 610/61/854 674/61/854 673/60/857 609/60/857
f 636/77/855 700/77/855 699/76/858 635/76/858
f 583/38/856 647/38/856 646/30/859 582/30/859
f 609/60/857 673/60/857 672/148/860 608/148/860
f 635/76/858 699/76/858 698/158/861 634/158/861
f 582/30/859 646/30/859 645/20/862 581/20/862
f 608/148/860 672/148/860 671/199/863 607/199/863
f 634/158/861 698/158/861 697/231/864 633/231/864
f 581/20/862 645/20/862 644/22/865 580/22/865
f 607/199/863 671/199/863 670/194/866 606/194/866
f 633/231/864 697/231/864 696/296/867 632/296/867
f 580/22/865 644/22/865 643/390/868 579/390/868
f 606/194/866 670/194/866 669/37/869 605/37/869
f 632/296/867 696/296/867 695/52/870 631/52/870
f 605/37/869 669/37/869 668/36/871 604/36/871
f 631/52/870 695/52/870 694/51/872 630/51/872
f 604/36/871 668/36/871 667/128/873 603/128/873
f 630/51/872 694/51/872 693/206/874 629/206/874
f 603/128/873 667/128/873 666/170/875 602/170/875
f 629/206/874 693/206/874 692/205/876 628/205/876
f 602/170/875 666/170/875 665/164/877 601/164/877
f 628/205/876 692/205/876 691/281/878 627/281/878
f 601/164/877 665/164/877 664/19/879 600/19/879
f 627/281/878 691/281/878 690/29/880 626/29/880
f 600/19/879 664/19/879 663/18/881 599/18/881
f 626/29/880 690/29/880 689/28/882 625/28/882
f 599/18/881 663/18/881 662/116/883 598/116/883
f 625/28/882 689/28/882 688/122/884 624/122/884
f 598/116/883 662/116/883 661/141/885 597/141/885
f 624/122/884 688/122/884 687/193/886 623/193/886
f 597/141/885 661/141/885 660/135/887 596/135/887
f 623/193/886 687/193/886 686/270/888 622/270/888
f 596/135/887 660/135/887 659/129/889 595/129/889
f 622/270/888 686/270/888 685/8/890 621/8/890
f 595/129/889 659/129/889 658/92/891 594/92/891
f 621/8/890 685/8/890 684/7/892 620/7/892
f 594/92/891 658/92/891 657/91/893 593/91/893
f 620/7/892 684/7/892 683/108/894 619/108/894
f 593/91/893 657/91/893 656/109/895 592/109/895
f 619/108/894 683/108/894 682/182/896 618/182/896
f 592/109/895 656/109/895 655/102/897 591/102/897
f 618/182/896 682/182/896 681/256/898 617/256/898
f 591/102/897 655/102/897 654/93/899 590/93/899
f 617/256/898 681/256/898 680/250/900 616/250/900
f 579/389/868 643/389/868 706/384/837 642/384/837
f 590/93/899 654/93/899 653/69/839 589/69/839
f 616/250/900 680/250/900 679/85/841 615/85/841
f 772/391/901 707/389/771 770/384/767 897/392/770
f 514/9/321 906/393/902 904/11/459
f 514/9/321 908/395/903 906/394/902
f 514/9/321 910/397/904 908/396/903
f 514/9/321 912/398/905 910/397/904
f 514/9/321 914/400/906 912/399/905
f 514/9/321 916/401/907 914/400/906
f 514/9/321 918/402/908 916/401/907
f 514/9/321 920/404/909 918/403/908
f 514/9/321 922/406/910 920/405/909
f 514/9/321 924/408/911 922/407/910
f 514/9/321 926/410/912 924/409/911
f 514/9/321 928/412/913 926/411/912
f 514/9/321 930/414/914 928/413/913
f 514/9/321 932/416/915 930/415/914
f 514/9/321 934/418/916 932/417/915
f 514/9/321 936/420/917 934/419/916
f 514/9/321 938/422/918 936/421/917
f 514/9/321 940/424/919 938/423/918
f 514/9/321 942/425/920 940/424/919
f 514/9/321 944/426/921 942/425/920
f 514/9/321 946/427/922 944/426/921
f 514/9/321 948/428/923 946/427/922
f 514/9/321 950/430/924 948/429/923
f 514/9/321 952/432/925 950/431/924
f 514/9/321 954/434/926 952/433/925
f 514/9/321 956/436/927 954/435/926
f 514/9/321 958/437/928 956/436/927
f 514/9/321 960/439/929 958/438/928
f 514/9/321 962/441/930 960/440/929
f 514/9/321 964/443/931 962/442/930
f 514/9/321 966/445/932 964/444/931
f 514/9/321 968/447/933 966/446/932
f 514/9/321 970/449/934 968/448/933
f 514/9/321 972/451/935 970/450/934
f 514/9/321 974/452/936 972/451/935
f 514/9/321 976/454/937 974/453/936
f 514/9/321 978/456/938 976/455/937
f 514/9/321 980/457/939 978/456/938
f 514/9/321 982/459/940 980/458/939
f 514/9/321 984/461/941 982/460/940
f 514/9/321 986/462/942 984/461/941
f 514/9/321 988/463/943 986/462/942
f 514/9/321 990/464/944 988/463/943
f 514/9/321 992/465/945 990/464/944
f 514/9/321 994/466/946 992/465/945
f 514/9/321 996/467/947 994/466/946
f 514/9/321 998/468/948 996/467/947
f 514/9/321 1000/470/949 998/469/948
f 514/9/321 1002/471/950 1000/470/949
f 514/9/321 1004/472/951 1002/471/950
f 514/9/321 1006/474/952 1004/473/951
f 514/9/321 1008/475/953 1006/474/952
f 514/9/321 1010/477/954 1008/476/953
f 514/9/321 1012/479/955 1010/478/954
f 514/9/321 1014/480/956 1012/479/955
f 514/9/321 1016/482/957 1014/481/956
f 514/9/321 1018/484/958 1016/483/957
f 514/9/321 1020/486/959 1018/485/958
f 514/9/321 1022/488/960 1020/487/959
f 514/9/321 1024/489/961 1022/488/960
f 514/9/321 1026/490/962 1024/489/961
f 900/491/452 901/12/461 774/493/464 771/492/453
f 708/22/472 516/22/471 515/390/772 707/390/771
f 774/493/464 773/495/644 772/494/901 771/492/453
f 776/14/463 775/215/643 773/216/644 774/13/464
f 778/24/474 777/134/573 775/225/643 776/23/463
f 780/32/482 779/133/493 777/134/573 778/31/474
f 782/41/490 781/43/491 779/44/493 780/40/482
f 784/47/496 783/352/706 781/353/491 782/46/490
f 786/56/504 785/220/648 783/290/706 784/55/496
f 788/64/512 787/153/589 785/220/648 786/63/504
f 790/72/520 789/152/516 787/153/589 788/71/512
f 792/80/527 791/66/513 789/67/516 790/79/520
f 794/87/534 793/368/719 791/369/513 792/86/527
f 796/96/542 795/305/666 793/306/719 794/95/534
f 798/104/550 797/242/604 795/243/666 796/103/542
f 800/112/556 799/168/538 797/169/604 798/111/550
f 802/118/561 801/89/535 799/90/538 800/117/556
f 804/124/566 803/382/732 801/383/535 802/123/561
f 806/131/572 805/323/681 803/324/732 804/130/566
f 808/137/577 807/260/619 805/261/681 806/136/572
f 810/144/583 809/115/558 807/187/619 808/143/577
f 812/150/588 811/114/468 809/115/558 810/149/583
f 814/155/592 813/16/465 811/17/468 812/154/588
f 816/160/597 815/337/693 813/338/465 814/159/592
f 818/166/603 817/198/629 815/275/693 816/165/597
f 820/172/608 819/127/568 817/198/629 818/171/603
f 822/179/613 821/126/486 819/127/568 820/178/608
f 824/185/618 823/34/483 821/35/486 822/184/613
f 826/189/622 825/347/702 823/348/483 824/188/618
f 828/196/628 827/285/639 825/286/702 826/195/622
f 830/201/633 829/210/585 827/211/639 828/200/628
f 832/208/638 831/146/508 829/147/585 830/207/633
f 834/213/642 833/58/505 831/59/508 832/212/638
f 836/218/647 835/363/715 833/364/505 834/217/642
f 838/223/652 837/300/662 835/301/715 836/222/647
f 840/228/656 839/236/599 837/237/662 838/227/652
f 842/234/661 841/83/531 839/162/599 840/233/656
f 844/240/665 843/82/528 841/83/531 842/239/661
f 846/245/669 845/378/728 843/379/528 844/244/665
f 848/252/675 847/318/677 845/319/728 846/251/669
f 850/258/680 849/181/615 847/254/677 848/257/675
f 852/263/684 851/107/552 849/181/615 850/262/680
f 854/266/687 853/106/458 851/107/552 852/265/684
f 856/273/692 855/5/455 853/6/458 854/272/687
f 858/277/696 857/331/689 855/332/455 856/276/692
f 860/283/701 859/268/624 857/269/689 858/282/696
f 862/288/705 861/191/563 859/192/624 860/287/701
f 864/292/709 863/120/478 861/121/563 862/291/705
f 866/298/714 865/26/475 863/27/478 864/297/709
f 868/303/718 867/342/698 865/343/475 866/302/714
f 870/308/722 869/279/635 867/280/698 868/307/718
f 872/316/727 871/203/579 869/204/635 870/315/722
f 874/321/731 873/50/500 871/139/579 872/320/727
f 876/326/735 875/49/497 873/50/500 874/325/731
f 878/329/738 877/357/711 875/358/497 876/328/735
f 880/335/741 879/294/658 877/295/711 878/334/738
f 882/340/744 881/157/594 879/230/658 880/339/741
f 884/345/747 883/75/524 881/157/594 882/344/744
f 886/350/750 885/74/521 883/75/524 884/349/747
f 888/355/753 887/373/724 885/374/521 886/354/750
f 890/361/756 889/310/671 887/311/724 888/360/753
f 892/366/759 891/247/610 889/248/671 890/365/756
f 894/371/762 893/174/546 891/175/610 892/370/759
f 896/376/765 895/98/543 893/99/546 894/375/762
f 898/381/454 897/387/770 895/388/543 896/380/765
f 771/3/453 772/391/901 897/392/770 898/2/454
f 773/495/644 708/22/472 707/390/771 772/494/901
f 900/496/963 899/385/963 902/386/964 901/497/964
f 901/497/964 902/10/964 904/11/965 903/498/965
f 903/498/965 904/11/965 906/393/966 905/499/966
f 905/499/966 906/394/966 908/395/967 907/500/967
f 907/500/967 908/396/967 910/397/968 909/501/968
f 909/501/968 910/397/968 912/398/969 911/502/969
f 911/502/969 912/399/969 914/400/970 913/503/970
f 913/503/970 914/400/970 916/401/971 915/504/971
f 915/504/971 916/401/971 918/402/972 917/505/972
f 917/505/972 918/403/972 920/404/973 919/506/973
f 919/506/973 920/405/973 922/406/974 921/507/974
f 921/507/974 922/407/974 924/408/975 923/508/975
f 923/508/975 924/409/975 926/410/976 925/509/976
f 925/509/976 926/411/976 928/412/977 927/510/977
f 927/510/977 928/413/977 930/414/978 929/511/978
f 929/511/978 930/415/978 932/416/979 931/512/979
f 931/512/979 932/417/979 934/418/980 933/513/980
f 933/513/980 934/419/980 936/420/981 935/514/981
f 935/514/981 936/421/981 938/422/982 937/515/982
f 937/515/982 938/423/982 940/424/983 939/516/983
f 939/516/983 940/424/983 942/425/984 941/517/984
f 941/517/984 942/425/984 944/426/985 943/518/985
f 943/518/985 944/426/985 946/427/986 945/519/986
f 945/519/986 946/427/986 948/428/987 947/520/987
f 947/520/987 948/429/987 950/430/988 949/521/988
f 949/521/988 950/431/988 952/432/989 951/522/989
f 951/522/989 952/433/989 954/434/990 953/523/990
f 953/523/990 954/435/990 956/436/991 955/524/991
f 955/524/991 956/436/991 958/437/992 957/525/992
f 957/525/992 958/438/992 960/439/993 959/526/993
f 959/526/993 960/440/993 962/441/994 961/527/994
f 961/527/994 962/442/994 964/443/995 963/528/995
f 963/528/995 964/444/995 966/445/996 965/529/996
f 965/529/996 966/446/996 968/447/997 967/530/997
f 967/530/997 968/448/997 970/449/998 969/531/998
f 969/531/998 970/450/998 972/451/999 971/532/999
f 971/532/999 972/451/999 974/452/1000 973/533/1000
f 973/533/1000 974/453/1000 976/454/1001 975/534/1001
f 975/534/1001 976/455/1001 978/456/1002 977/535/1002
f 977/535/1002 978/456/1002 980/457/1003 979/536/1003
f 979/536/1003 980/458/1003 982/459/1004 981/537/1004
f 981/537/1004 982/460/1004 984/461/1005 983/538/1005
f 983/538/1005 984/461/1005 986/462/1006 985/539/1006
f 985/539/1006 986/462/1006 988/463/1007 987/540/1007
f 987/540/1007 988/463/1007 990/464/1008 989/541/1008
f 989/541/1008 990/464/1008 992/465/1009 991/542/1009
f 991/542/1009 992/465/1009 994/466/1010 993/543/1010
f 993/543/1010 994/466/1010 996/467/1011 995/544/1011
f 995/544/1011 996/467/1011 998/468/1012 997/545/1012
f 997/545/1012 998/469/1012 1000/470/1013 999/546/1013
f 999/546/1013 1000/470/1013 1002/471/1014 1001/547/1014
f 1001/547/1014 1002/471/1014 1004/472/1015 1003/548/1015
f 1003/548/1015 1004/473/1015 1006/474/1016 1005/549/1016
f 1005/549/1016 1006/474/1016 1008/475/1017 1007/550/1017
f 1007/550/1017 1008/476/1017 1010/477/1018 1009/551/1018
f 1009/551/1018 1010/478/1018 1012/479/1019 1011/552/1019
f 1011/552/1019 1012/479/1019 1014/480/1020 1013/553/1020
f 1013/553/1020 1014/481/1020 1016/482/1021 1015/554/1021
f 1015/554/1021 1016/483/1021 1018/484/1022 1017/555/1022
f 1017/555/1022 1018/485/1022 1020/486/1023 1019/556/1023
f 1019/556/1023 1020/487/1023 1022/488/1024 1021/557/1024
f 1021/557/1024 1022/488/1024 1024/489/1025 1023/558/1025
f 1023/558/1025 1024/489/1025 1026/490/1026 1025/559/1026
f 1025/559/1026 1026/561/1026 899/560/963 900/496/963
f 514/9/321 899/560/769 1026/561/962
f 130/389/1027 193/384/1028 706/384/1028 643/389/1027
f 193/384/1028 192/101/1029 705/101/1029 706/384/1028
f 192/101/1029 191/177/1030 704/177/1030 705/101/1029
f 191/177/1030 190/176/1031 703/176/1031 704/177/1030
f 190/176/1031 189/313/1032 702/313/1032 703/176/1031
f 189/313/1032 188/312/1033 701/312/1033 702/313/1032
f 188/312/1033 187/77/1034 700/77/1034 701/312/1033
f 187/77/1034 186/76/1035 699/76/1035 700/77/1034
f 186/76/1035 185/158/1036 698/158/1036 699/76/1035
f 185/158/1036 184/231/1037 697/231/1037 698/158/1036
f 184/231/1037 183/296/1038 696/296/1038 697/231/1037
f 183/296/1038 182/52/1039 695/52/1039 696/296/1038
f 182/52/1039 181/51/1040 694/51/1040 695/52/1039
f 181/51/1040 180/206/1041 693/206/1041 694/51/1040
f 180/206/1041 179/205/1042 692/205/1042 693/206/1041
f 179/205/1042 178/281/1043 691/281/1043 692/205/1042
f 178/281/1043 177/29/1044 690/29/1044 691/281/1043
f 177/29/1044 176/28/1045 689/28/1045 690/29/1044
f 176/28/1045 175/122/1046 688/122/1046 689/28/1045
f 175/122/1046 174/193/1047 687/193/1047 688/122/1046
f 174/193/1047 173/270/1048 686/270/1048 687/193/1047
f 173/270/1048 172/8/1049 685/8/1049 686/270/1048
f 172/8/1049 171/7/1050 684/7/1050 685/8/1049
f 171/7/1050 170/108/1051 683/108/1051 684/7/1050
f 170/108/1051 169/182/1052 682/182/1052 683/108/1051
f 169/182/1052 168/256/1053 681/256/1053 682/182/1052
f 168/256/1053 167/250/1054 680/250/1054 681/256/1053
f 167/250/1054 166/85/1055 679/85/1055 680/250/1054
f 166/85/1055 165/84/1056 678/84/1056 679/85/1055
f 165/84/1056 164/163/1057 677/163/1057 678/84/1056
f 164/163/1057 163/226/1058 676/226/1058 677/163/1057
f 163/226/1058 162/221/1059 675/221/1059 676/226/1058
f 162/221/1059 161/61/1060 674/61/1060 675/221/1059
f 161/61/1060 160/60/1061 673/60/1061 674/61/1060
f 160/60/1061 159/148/1062 672/148/1062 673/60/1061
f 159/148/1062 158/199/1063 671/199/1063 672/148/1062
f 158/199/1063 157/194/1064 670/194/1064 671/199/1063
f 157/194/1064 156/37/1065 669/37/1065 670/194/1064
f 156/37/1065 155/36/1066 668/36/1066 669/37/1065
f 155/36/1066 154/128/1067 667/128/1067 668/36/1066
f 154/128/1067 153/170/1068 666/170/1068 667/128/1067
f 153/170/1068 152/164/1069 665/164/1069 666/170/1068
f 152/164/1069 151/19/1070 664/19/1070 665/164/1069
f 151/19/1070 150/18/1071 663/18/1071 664/19/1070
f 150/18/1071 149/116/1072 662/116/1072 663/18/1071
f 149/116/1072 148/141/1073 661/141/1073 662/116/1072
f 148/141/1073 147/135/1074 660/135/1074 661/141/1073
f 147/135/1074 146/129/1075 659/129/1075 660/135/1074
f 146/129/1075 145/92/1076 658/92/1076 659/129/1075
f 145/92/1076 144/91/1077 657/91/1077 658/92/1076
f 144/91/1077 143/109/1078 656/109/1078 657/91/1077
f 143/109/1078 142/102/1079 655/102/1079 656/109/1078
f 142/102/1079 141/93/1080 654/93/1080 655/102/1079
f 141/93/1080 140/69/1081 653/69/1081 654/93/1080
f 140/69/1081 139/68/1082 652/68/1082 653/69/1081
f 139/68/1082 138/70/1083 651/70/1083 652/68/1082
f 138/70/1083 137/62/1084 650/62/1084 651/70/1083
f 137/62/1084 136/53/1085 649/53/1085 650/62/1084
f 136/53/1085 135/45/1086 648/45/1086 649/53/1085
f 135/45/1086 134/38/1087 647/38/1087 648/45/1086
f 134/38/1087 133/30/1088 646/30/1088 647/38/1087
f 133/30/1088 132/20/1089 645/20/1089 646/30/1088
f 132/20/1089 131/22/1090 644/22/1090 645/20/1089
f 131/22/1090 130/390/1027 643/390/1027 644/22/1090
