# Blender 3.6.4
# www.blender.org
mtllib elongated_2023.mtl
o Cylinder
v -0.008400 0.006334 -0.069906
v -0.008400 0.034184 0.108094
v -0.005670 0.034050 0.108094
v -0.002967 0.033649 0.108094
v -0.000315 0.032985 0.108094
v 0.002258 0.032064 0.108094
v 0.004729 0.030896 0.108094
v 0.007073 0.029491 0.108094
v 0.009268 0.027863 0.108094
v 0.011293 0.026027 0.108094
v 0.013129 0.024002 0.108094
v 0.014757 0.021807 0.108094
v 0.016162 0.019463 0.108094
v 0.017330 0.016992 0.108094
v 0.018251 0.014419 0.108094
v 0.018915 0.011768 0.108094
v 0.019316 0.009064 0.108094
v 0.019450 0.006334 0.108094
v 0.019316 0.003604 0.108094
v 0.018915 0.000901 0.108094
v 0.018251 -0.001750 0.108094
v 0.017330 -0.004324 0.108094
v 0.016162 -0.006794 0.108094
v 0.014757 -0.009138 0.108094
v 0.013129 -0.011334 0.108094
v 0.011293 -0.013359 0.108094
v 0.009268 -0.015194 0.108094
v 0.007073 -0.016822 0.108094
v 0.004729 -0.018227 0.108094
v 0.002258 -0.019396 0.108094
v -0.000315 -0.020317 0.108094
v -0.002967 -0.020981 0.108094
v -0.005670 -0.021382 0.108094
v -0.008400 -0.021516 0.108094
v -0.011130 -0.021382 0.108094
v -0.013833 -0.020981 0.108094
v -0.016484 -0.020317 0.108094
v -0.019058 -0.019396 0.108094
v -0.021528 -0.018227 0.108094
v -0.023873 -0.016822 0.108094
v -0.026068 -0.015194 0.108094
v -0.028093 -0.013359 0.108094
v -0.029928 -0.011334 0.108094
v -0.031556 -0.009138 0.108094
v -0.032961 -0.006794 0.108094
v -0.034130 -0.004324 0.108094
v -0.035051 -0.001750 0.108094
v -0.035715 0.000901 0.108094
v -0.036116 0.003604 0.108094
v -0.036250 0.006334 0.108094
v -0.036116 0.009064 0.108094
v -0.035715 0.011768 0.108094
v -0.035051 0.014419 0.108094
v -0.034130 0.016992 0.108094
v -0.032961 0.019463 0.108094
v -0.031556 0.021807 0.108094
v -0.029928 0.024002 0.108094
v -0.028093 0.026027 0.108094
v -0.026068 0.027863 0.108094
v -0.023873 0.029491 0.108094
v -0.021528 0.030896 0.108094
v -0.019058 0.032064 0.108094
v -0.016484 0.032985 0.108094
v -0.013833 0.033649 0.108094
v -0.011130 0.034050 0.108094
v -0.008400 0.047304 -0.004708
v -0.008400 0.037780 0.084470
v -0.008400 0.045730 0.015815
v -0.008400 0.043367 0.039969
v -0.008400 0.040575 0.064078
v -0.005318 0.037628 0.084470
v -0.004384 0.047106 -0.004708
v -0.005044 0.040411 0.064078
v -0.004770 0.043189 0.039969
v -0.004538 0.045540 0.015815
v -0.002265 0.037176 0.084470
v -0.000407 0.046517 -0.004708
v -0.001720 0.039918 0.064078
v -0.001175 0.042656 0.039969
v -0.000714 0.044973 0.015815
v 0.000728 0.036426 0.084470
v 0.003493 0.045540 -0.004708
v 0.001540 0.039101 0.064078
v 0.002350 0.041772 0.039969
v 0.003036 0.044033 0.015815
v 0.003634 0.035386 0.084470
v 0.007279 0.044185 -0.004708
v 0.004704 0.037969 0.064078
v 0.005772 0.040548 0.039969
v 0.006676 0.042731 0.015815
v 0.006424 0.034067 0.084470
v 0.010913 0.042466 -0.004708
v 0.007741 0.036532 0.064078
v 0.009057 0.038994 0.039969
v 0.010171 0.041078 0.015815
v 0.009070 0.032480 0.084470
v 0.014362 0.040399 -0.004708
v 0.010624 0.034805 0.064078
v 0.012175 0.037126 0.039969
v 0.013487 0.039090 0.015815
v 0.011549 0.030642 0.084470
v 0.017591 0.038004 -0.004708
v 0.013323 0.032803 0.064078
v 0.015094 0.034961 0.039969
v 0.016592 0.036787 0.015815
v 0.013836 0.028570 0.084470
v 0.020570 0.035304 -0.004708
v 0.015812 0.030546 0.064078
v 0.017786 0.032520 0.039969
v 0.019457 0.034191 0.015815
v 0.015908 0.026283 0.084470
v 0.023270 0.032325 -0.004708
v 0.018069 0.028057 0.064078
v 0.020227 0.029828 0.039969
v 0.022053 0.031327 0.015815
v 0.017746 0.023805 0.084470
v 0.025665 0.029096 -0.004708
v 0.020071 0.025358 0.064078
v 0.022392 0.026909 0.039969
v 0.024356 0.028221 0.015815
v 0.019333 0.021158 0.084470
v 0.027732 0.025647 -0.004708
v 0.021798 0.022475 0.064078
v 0.024260 0.023791 0.039969
v 0.026344 0.024905 0.015815
v 0.020652 0.018368 0.084470
v 0.029451 0.022013 -0.004708
v 0.023235 0.019438 0.064078
v 0.025814 0.020506 0.039969
v 0.027997 0.021410 0.015815
v 0.021692 0.015462 0.084470
v 0.030806 0.018227 -0.004708
v 0.024367 0.016274 0.064078
v 0.027038 0.017084 0.039969
v 0.029299 0.017770 0.015815
v 0.022442 0.012469 0.084470
v 0.031782 0.014327 -0.004708
v 0.025183 0.013014 0.064078
v 0.027921 0.013559 0.039969
v 0.030239 0.014020 0.015815
v 0.022894 0.009416 0.084470
v 0.032372 0.010350 -0.004708
v 0.025677 0.009690 0.064078
v 0.028455 0.009964 0.039969
v 0.030806 0.010196 0.015815
v 0.023046 0.006334 0.084470
v 0.032570 0.006334 -0.004708
v 0.025841 0.006334 0.064078
v 0.028633 0.006334 0.039969
v 0.030996 0.006334 0.015815
v 0.022894 0.003252 0.084470
v 0.032372 0.002319 -0.004708
v 0.025677 0.002978 0.064078
v 0.028455 0.002704 0.039969
v 0.030806 0.002473 0.015815
v 0.022442 0.000199 0.084470
v 0.031782 -0.001659 -0.004708
v 0.025183 -0.000346 0.064078
v 0.027921 -0.000891 0.039969
v 0.030239 -0.001351 0.015815
v 0.021692 -0.002794 0.084470
v 0.030806 -0.005559 -0.004708
v 0.024367 -0.003605 0.064078
v 0.027038 -0.004416 0.039969
v 0.029299 -0.005102 0.015815
v 0.020652 -0.005699 0.084470
v 0.029451 -0.009344 -0.004708
v 0.023235 -0.006769 0.064078
v 0.025814 -0.007838 0.039969
v 0.027997 -0.008742 0.015815
v 0.019333 -0.008489 0.084470
v 0.027732 -0.012979 -0.004708
v 0.021798 -0.009807 0.064078
v 0.024260 -0.011123 0.039969
v 0.026344 -0.012237 0.015815
v 0.017746 -0.011136 0.084470
v 0.025665 -0.016427 -0.004708
v 0.020071 -0.012689 0.064078
v 0.022392 -0.014240 0.039969
v 0.024356 -0.015553 0.015815
v 0.015908 -0.013615 0.084470
v 0.023270 -0.019657 -0.004708
v 0.018069 -0.015388 0.064078
v 0.020227 -0.017159 0.039969
v 0.022053 -0.018658 0.015815
v 0.013836 -0.015901 0.084470
v 0.020570 -0.022636 -0.004708
v 0.015812 -0.017878 0.064078
v 0.017786 -0.019852 0.039969
v 0.019457 -0.021523 0.015815
v 0.011549 -0.017974 0.084470
v 0.017591 -0.025336 -0.004708
v 0.013323 -0.020135 0.064078
v 0.015094 -0.022293 0.039969
v 0.016592 -0.024119 0.015815
v 0.009070 -0.019812 0.084470
v 0.014362 -0.027731 -0.004708
v 0.010624 -0.022136 0.064078
v 0.012175 -0.024457 0.039969
v 0.013487 -0.026422 0.015815
v 0.006424 -0.021398 0.084470
v 0.010913 -0.029798 -0.004708
v 0.007741 -0.023864 0.064078
v 0.009057 -0.026326 0.039969
v 0.010171 -0.028410 0.015815
v 0.003634 -0.022718 0.084470
v 0.007279 -0.031517 -0.004708
v 0.004704 -0.025301 0.064078
v 0.005772 -0.027880 0.039969
v 0.006676 -0.030062 0.015815
v 0.000728 -0.023757 0.084470
v 0.003493 -0.032871 -0.004708
v 0.001540 -0.026433 0.064078
v 0.002350 -0.029104 0.039969
v 0.003036 -0.031365 0.015815
v -0.002265 -0.024507 0.084470
v -0.000407 -0.033848 -0.004708
v -0.001720 -0.027249 0.064078
v -0.001175 -0.029987 0.039969
v -0.000714 -0.032304 0.015815
v -0.005318 -0.024960 0.084470
v -0.004384 -0.034438 -0.004708
v -0.005044 -0.027742 0.064078
v -0.004770 -0.030520 0.039969
v -0.004538 -0.032872 0.015815
v -0.008400 -0.025111 0.084470
v -0.008400 -0.034635 -0.004708
v -0.008400 -0.027907 0.064078
v -0.008400 -0.030699 0.039969
v -0.008400 -0.033061 0.015815
v -0.011482 -0.024960 0.084470
v -0.012416 -0.034438 -0.004708
v -0.011756 -0.027742 0.064078
v -0.012030 -0.030520 0.039969
v -0.012261 -0.032872 0.015815
v -0.014535 -0.024507 0.084470
v -0.016393 -0.033848 -0.004708
v -0.015080 -0.027249 0.064078
v -0.015625 -0.029987 0.039969
v -0.016086 -0.032304 0.015815
v -0.017528 -0.023757 0.084470
v -0.020293 -0.032871 -0.004708
v -0.018340 -0.026433 0.064078
v -0.019150 -0.029104 0.039969
v -0.019836 -0.031365 0.015815
v -0.020434 -0.022718 0.084470
v -0.024078 -0.031517 -0.004708
v -0.021503 -0.025301 0.064078
v -0.022572 -0.027880 0.039969
v -0.023476 -0.030062 0.015815
v -0.023223 -0.021398 0.084470
v -0.027713 -0.029798 -0.004708
v -0.024541 -0.023864 0.064078
v -0.025857 -0.026326 0.039969
v -0.026971 -0.028410 0.015815
v -0.025870 -0.019812 0.084470
v -0.031161 -0.027731 -0.004708
v -0.027423 -0.022136 0.064078
v -0.028974 -0.024457 0.039969
v -0.030287 -0.026422 0.015815
v -0.028349 -0.017974 0.084470
v -0.034391 -0.025336 -0.004708
v -0.030122 -0.020135 0.064078
v -0.031893 -0.022293 0.039969
v -0.033392 -0.024119 0.015815
v -0.030635 -0.015901 0.084470
v -0.037370 -0.022636 -0.004708
v -0.032612 -0.017878 0.064078
v -0.034586 -0.019852 0.039969
v -0.036257 -0.021523 0.015815
v -0.032708 -0.013615 0.084470
v -0.040070 -0.019657 -0.004708
v -0.034869 -0.015388 0.064078
v -0.037027 -0.017159 0.039969
v -0.038853 -0.018658 0.015815
v -0.034546 -0.011136 0.084470
v -0.042465 -0.016427 -0.004708
v -0.036870 -0.012689 0.064078
v -0.039192 -0.014240 0.039969
v -0.041156 -0.015553 0.015815
v -0.036132 -0.008489 0.084470
v -0.044532 -0.012979 -0.004708
v -0.038598 -0.009807 0.064078
v -0.041060 -0.011123 0.039969
v -0.043144 -0.012237 0.015815
v -0.037452 -0.005699 0.084470
v -0.046251 -0.009344 -0.004708
v -0.040035 -0.006769 0.064078
v -0.042614 -0.007838 0.039969
v -0.044797 -0.008742 0.015815
v -0.038491 -0.002794 0.084470
v -0.047605 -0.005559 -0.004708
v -0.041167 -0.003605 0.064078
v -0.043838 -0.004416 0.039969
v -0.046099 -0.005102 0.015815
v -0.039241 0.000199 0.084470
v -0.048582 -0.001659 -0.004708
v -0.041983 -0.000346 0.064078
v -0.044721 -0.000891 0.039969
v -0.047038 -0.001351 0.015815
v -0.039694 0.003252 0.084470
v -0.049172 0.002319 -0.004708
v -0.042476 0.002978 0.064078
v -0.045254 0.002704 0.039969
v -0.047606 0.002473 0.015815
v -0.039846 0.006334 0.084470
v -0.049369 0.006334 -0.004708
v -0.042641 0.006334 0.064078
v -0.045433 0.006334 0.039969
v -0.047795 0.006334 0.015815
v -0.039694 0.009416 0.084470
v -0.049172 0.010350 -0.004708
v -0.042476 0.009690 0.064078
v -0.045254 0.009964 0.039969
v -0.047606 0.010196 0.015815
v -0.039241 0.012469 0.084470
v -0.048582 0.014327 -0.004708
v -0.041983 0.013014 0.064078
v -0.044721 0.013559 0.039969
v -0.047038 0.014020 0.015815
v -0.038491 0.015462 0.084470
v -0.047605 0.018227 -0.004708
v -0.041167 0.016274 0.064078
v -0.043838 0.017084 0.039969
v -0.046099 0.017770 0.015815
v -0.037452 0.018368 0.084470
v -0.046251 0.022013 -0.004708
v -0.040035 0.019438 0.064078
v -0.042614 0.020506 0.039969
v -0.044797 0.021410 0.015815
v -0.036132 0.021158 0.084470
v -0.044532 0.025647 -0.004708
v -0.038598 0.022475 0.064078
v -0.041060 0.023791 0.039969
v -0.043144 0.024905 0.015815
v -0.034546 0.023805 0.084470
v -0.042465 0.029096 -0.004708
v -0.036870 0.025358 0.064078
v -0.039192 0.026909 0.039969
v -0.041156 0.028221 0.015815
v -0.032708 0.026283 0.084470
v -0.040070 0.032325 -0.004708
v -0.034869 0.028057 0.064078
v -0.037027 0.029828 0.039969
v -0.038853 0.031327 0.015815
v -0.030635 0.028570 0.084470
v -0.037370 0.035304 -0.004708
v -0.032612 0.030546 0.064078
v -0.034586 0.032520 0.039969
v -0.036257 0.034191 0.015815
v -0.028349 0.030642 0.084470
v -0.034391 0.038004 -0.004708
v -0.030122 0.032803 0.064078
v -0.031893 0.034961 0.039969
v -0.033392 0.036787 0.015815
v -0.025870 0.032480 0.084470
v -0.031161 0.040399 -0.004708
v -0.027423 0.034805 0.064078
v -0.028974 0.037126 0.039969
v -0.030287 0.039090 0.015815
v -0.023223 0.034067 0.084470
v -0.027713 0.042466 -0.004708
v -0.024541 0.036532 0.064078
v -0.025857 0.038994 0.039969
v -0.026971 0.041078 0.015815
v -0.020434 0.035386 0.084470
v -0.024078 0.044185 -0.004708
v -0.021503 0.037969 0.064078
v -0.022572 0.040548 0.039969
v -0.023476 0.042731 0.015815
v -0.017528 0.036426 0.084470
v -0.020293 0.045540 -0.004708
v -0.018340 0.039101 0.064078
v -0.019150 0.041772 0.039969
v -0.019836 0.044033 0.015815
v -0.014535 0.037176 0.084470
v -0.016393 0.046517 -0.004708
v -0.015080 0.039918 0.064078
v -0.015625 0.042656 0.039969
v -0.016086 0.044973 0.015815
v -0.011482 0.037628 0.084470
v -0.012416 0.047106 -0.004708
v -0.011756 0.040411 0.064078
v -0.012030 0.043189 0.039969
v -0.012261 0.045540 0.015815
v -0.008400 0.048108 -0.069906
v -0.008400 0.051135 -0.066690
v -0.008400 0.050331 -0.068964
v -0.004009 0.050920 -0.066690
v -0.004305 0.047906 -0.069906
v -0.004087 0.050119 -0.068964
v 0.000340 0.050275 -0.066690
v -0.000250 0.047305 -0.069906
v 0.000183 0.049486 -0.068964
v 0.004605 0.049206 -0.066690
v 0.003726 0.046309 -0.069906
v 0.004372 0.048436 -0.068964
v 0.008745 0.047725 -0.066690
v 0.007586 0.044928 -0.069906
v 0.008437 0.046982 -0.068964
v 0.012719 0.045845 -0.066690
v 0.011292 0.043175 -0.069906
v 0.012340 0.045136 -0.068964
v 0.016490 0.043585 -0.066690
v 0.014808 0.041068 -0.069906
v 0.016043 0.042916 -0.068964
v 0.020022 0.040966 -0.066690
v 0.018101 0.038625 -0.069906
v 0.019511 0.040344 -0.068964
v 0.023279 0.038013 -0.066690
v 0.021138 0.035872 -0.069906
v 0.022711 0.037445 -0.068964
v 0.026232 0.034756 -0.066690
v 0.023891 0.032835 -0.069906
v 0.025610 0.034245 -0.068964
v 0.028851 0.031224 -0.066690
v 0.026333 0.029542 -0.069906
v 0.028182 0.030778 -0.068964
v 0.031111 0.027453 -0.066690
v 0.028441 0.026026 -0.069906
v 0.030402 0.027074 -0.068964
v 0.032991 0.023479 -0.066690
v 0.030194 0.022320 -0.069906
v 0.032248 0.023171 -0.068964
v 0.034472 0.019339 -0.066690
v 0.031575 0.018460 -0.069906
v 0.033702 0.019106 -0.068964
v 0.035540 0.015075 -0.066690
v 0.032571 0.014484 -0.069906
v 0.034751 0.014918 -0.068964
v 0.036186 0.010726 -0.066690
v 0.033172 0.010429 -0.069906
v 0.035385 0.010647 -0.068964
v 0.036401 0.006334 -0.066690
v 0.033374 0.006334 -0.069906
v 0.035597 0.006334 -0.068964
v 0.036186 0.001943 -0.066690
v 0.033172 0.002240 -0.069906
v 0.035385 0.002022 -0.068964
v 0.035540 -0.002406 -0.066690
v 0.032571 -0.001815 -0.069906
v 0.034751 -0.002249 -0.068964
v 0.034472 -0.006671 -0.066690
v 0.031575 -0.005792 -0.069906
v 0.033702 -0.006437 -0.068964
v 0.032991 -0.010810 -0.066690
v 0.030194 -0.009652 -0.069906
v 0.032248 -0.010503 -0.068964
v 0.031111 -0.014785 -0.066690
v 0.028441 -0.013358 -0.069906
v 0.030402 -0.014406 -0.068964
v 0.028851 -0.018556 -0.066690
v 0.026333 -0.016874 -0.069906
v 0.028182 -0.018109 -0.068964
v 0.026232 -0.022087 -0.066690
v 0.023891 -0.020166 -0.069906
v 0.025610 -0.021577 -0.068964
v 0.023279 -0.025345 -0.066690
v 0.021138 -0.023204 -0.069906
v 0.022711 -0.024776 -0.068964
v 0.020022 -0.028298 -0.066690
v 0.018101 -0.025957 -0.069906
v 0.019511 -0.027676 -0.068964
v 0.016490 -0.030917 -0.066690
v 0.014808 -0.028399 -0.069906
v 0.016043 -0.030248 -0.068964
v 0.012719 -0.033177 -0.066690
v 0.011292 -0.030507 -0.069906
v 0.012340 -0.032467 -0.068964
v 0.008745 -0.035057 -0.066690
v 0.007586 -0.032259 -0.069906
v 0.008437 -0.034313 -0.068964
v 0.004605 -0.036538 -0.066690
v 0.003726 -0.033640 -0.069906
v 0.004372 -0.035768 -0.068964
v 0.000340 -0.037606 -0.066690
v -0.000250 -0.034636 -0.069906
v 0.000183 -0.036817 -0.068964
v -0.004009 -0.038251 -0.066690
v -0.004305 -0.035238 -0.069906
v -0.004087 -0.037451 -0.068964
v -0.008400 -0.038467 -0.066690
v -0.008400 -0.035439 -0.069906
v -0.008400 -0.037662 -0.068964
v -0.012791 -0.038251 -0.066690
v -0.012494 -0.035238 -0.069906
v -0.012712 -0.037451 -0.068964
v -0.017140 -0.037606 -0.066690
v -0.016549 -0.034636 -0.069906
v -0.016983 -0.036817 -0.068964
v -0.021405 -0.036538 -0.066690
v -0.020526 -0.033640 -0.069906
v -0.021171 -0.035768 -0.068964
v -0.025545 -0.035057 -0.066690
v -0.024386 -0.032259 -0.069906
v -0.025237 -0.034313 -0.068964
v -0.029519 -0.033177 -0.066690
v -0.028092 -0.030507 -0.069906
v -0.029140 -0.032467 -0.068964
v -0.033290 -0.030917 -0.066690
v -0.031608 -0.028399 -0.069906
v -0.032843 -0.030248 -0.068964
v -0.036821 -0.028298 -0.066690
v -0.034901 -0.025957 -0.069906
v -0.036311 -0.027676 -0.068964
v -0.040079 -0.025345 -0.066690
v -0.037938 -0.023204 -0.069906
v -0.039510 -0.024776 -0.068964
v -0.043032 -0.022087 -0.066690
v -0.040691 -0.020166 -0.069906
v -0.042410 -0.021577 -0.068964
v -0.045651 -0.018556 -0.066690
v -0.043133 -0.016874 -0.069906
v -0.044982 -0.018109 -0.068964
v -0.047911 -0.014785 -0.066690
v -0.045241 -0.013358 -0.069906
v -0.047201 -0.014406 -0.068964
v -0.049791 -0.010810 -0.066690
v -0.046993 -0.009652 -0.069906
v -0.049047 -0.010503 -0.068964
v -0.051272 -0.006671 -0.066690
v -0.048374 -0.005792 -0.069906
v -0.050502 -0.006437 -0.068964
v -0.052340 -0.002406 -0.066690
v -0.049371 -0.001815 -0.069906
v -0.051551 -0.002249 -0.068964
v -0.052985 0.001943 -0.066690
v -0.049972 0.002240 -0.069906
v -0.052185 0.002022 -0.068964
v -0.053201 0.006334 -0.066690
v -0.050173 0.006334 -0.069906
v -0.052397 0.006334 -0.068964
v -0.052985 0.010726 -0.066690
v -0.049972 0.010429 -0.069906
v -0.052185 0.010647 -0.068964
v -0.052340 0.015075 -0.066690
v -0.049371 0.014484 -0.069906
v -0.051551 0.014918 -0.068964
v -0.051272 0.019339 -0.066690
v -0.048374 0.018460 -0.069906
v -0.050502 0.019106 -0.068964
v -0.049791 0.023479 -0.066690
v -0.046993 0.022320 -0.069906
v -0.049047 0.023171 -0.068964
v -0.047911 0.027453 -0.066690
v -0.045241 0.026026 -0.069906
v -0.047201 0.027074 -0.068964
v -0.045651 0.031224 -0.066690
v -0.043133 0.029542 -0.069906
v -0.044982 0.030778 -0.068964
v -0.043032 0.034756 -0.066690
v -0.040691 0.032835 -0.069906
v -0.042410 0.034245 -0.068964
v -0.040079 0.038013 -0.066690
v -0.037938 0.035872 -0.069906
v -0.039510 0.037445 -0.068964
v -0.036821 0.040966 -0.066690
v -0.034901 0.038625 -0.069906
v -0.036311 0.040344 -0.068964
v -0.033290 0.043585 -0.066690
v -0.031608 0.041068 -0.069906
v -0.032843 0.042916 -0.068964
v -0.029519 0.045845 -0.066690
v -0.028092 0.043175 -0.069906
v -0.029140 0.045136 -0.068964
v -0.025545 0.047725 -0.066690
v -0.024386 0.044928 -0.069906
v -0.025237 0.046982 -0.068964
v -0.021405 0.049206 -0.066690
v -0.020526 0.046309 -0.069906
v -0.021171 0.048436 -0.068964
v -0.017140 0.050275 -0.066690
v -0.016549 0.047305 -0.069906
v -0.016983 0.049486 -0.068964
v -0.012791 0.050920 -0.066690
v -0.012494 0.047906 -0.069906
v -0.012712 0.050119 -0.068964
v -0.008400 0.006334 -0.066906
v -0.008400 0.031218 0.107642
v -0.005961 0.031099 0.107642
v -0.003545 0.030740 0.107642
v -0.001176 0.030147 0.107642
v 0.001123 0.029324 0.107642
v 0.003331 0.028280 0.107642
v 0.005425 0.027025 0.107642
v 0.007387 0.025570 0.107642
v 0.009196 0.023930 0.107642
v 0.010836 0.022121 0.107642
v 0.012291 0.020159 0.107642
v 0.013546 0.018065 0.107642
v 0.014590 0.015857 0.107642
v 0.015413 0.013558 0.107642
v 0.016006 0.011189 0.107642
v 0.016365 0.008773 0.107642
v 0.016484 0.006334 0.107642
v 0.016365 0.003895 0.107642
v 0.016006 0.001480 0.107642
v 0.015413 -0.000889 0.107642
v 0.014590 -0.003189 0.107642
v 0.013546 -0.005396 0.107642
v 0.012291 -0.007491 0.107642
v 0.010836 -0.009452 0.107642
v 0.009196 -0.011262 0.107642
v 0.007387 -0.012902 0.107642
v 0.005425 -0.014356 0.107642
v 0.003331 -0.015612 0.107642
v 0.001123 -0.016656 0.107642
v -0.001176 -0.017478 0.107642
v -0.003545 -0.018072 0.107642
v -0.005961 -0.018430 0.107642
v -0.008400 -0.018550 0.107642
v -0.010839 -0.018430 0.107642
v -0.013255 -0.018072 0.107642
v -0.015623 -0.017478 0.107642
v -0.017923 -0.016656 0.107642
v -0.020130 -0.015612 0.107642
v -0.022225 -0.014356 0.107642
v -0.024186 -0.012902 0.107642
v -0.025996 -0.011262 0.107642
v -0.027636 -0.009452 0.107642
v -0.029090 -0.007491 0.107642
v -0.030346 -0.005396 0.107642
v -0.031390 -0.003189 0.107642
v -0.032213 -0.000889 0.107642
v -0.032806 0.001480 0.107642
v -0.033164 0.003895 0.107642
v -0.033284 0.006334 0.107642
v -0.033164 0.008773 0.107642
v -0.032806 0.011189 0.107642
v -0.032213 0.013558 0.107642
v -0.031390 0.015857 0.107642
v -0.030346 0.018065 0.107642
v -0.029090 0.020159 0.107642
v -0.027636 0.022121 0.107642
v -0.025996 0.023930 0.107642
v -0.024186 0.025570 0.107642
v -0.022225 0.027025 0.107642
v -0.020130 0.028280 0.107642
v -0.017923 0.029324 0.107642
v -0.015623 0.030147 0.107642
v -0.013255 0.030740 0.107642
v -0.010839 0.031099 0.107642
v -0.008400 0.044311 -0.004915
v -0.008400 0.034811 0.084041
v -0.008400 0.042741 0.015554
v -0.008400 0.040384 0.039651
v -0.008400 0.037599 0.063702
v -0.005609 0.034674 0.084041
v -0.004677 0.044128 -0.004915
v -0.005335 0.037449 0.063702
v -0.005062 0.040220 0.039651
v -0.004831 0.042566 0.015554
v -0.002844 0.034264 0.084041
v -0.000991 0.043581 -0.004915
v -0.002300 0.036998 0.063702
v -0.001757 0.039730 0.039651
v -0.001297 0.042042 0.015554
v -0.000134 0.033585 0.084041
v 0.002624 0.042676 -0.004915
v 0.000676 0.036253 0.063702
v 0.001484 0.038918 0.039651
v 0.002169 0.041173 0.015554
v 0.002498 0.032643 0.084041
v 0.006133 0.041420 -0.004915
v 0.003565 0.035219 0.063702
v 0.004630 0.037792 0.039651
v 0.005532 0.039970 0.015554
v 0.005024 0.031448 0.084041
v 0.009502 0.039827 -0.004915
v 0.006338 0.033907 0.063702
v 0.007651 0.036364 0.039651
v 0.008762 0.038442 0.015554
v 0.007421 0.030012 0.084041
v 0.012699 0.037911 -0.004915
v 0.008970 0.032330 0.063702
v 0.010517 0.034646 0.039651
v 0.011827 0.036605 0.015554
v 0.009665 0.028347 0.084041
v 0.015692 0.035691 -0.004915
v 0.011434 0.030502 0.063702
v 0.013201 0.032655 0.039651
v 0.014696 0.034477 0.015554
v 0.011736 0.026470 0.084041
v 0.018454 0.033188 -0.004915
v 0.013708 0.028442 0.063702
v 0.015677 0.030411 0.039651
v 0.017344 0.032078 0.015554
v 0.013613 0.024400 0.084041
v 0.020957 0.030426 -0.004915
v 0.015768 0.026169 0.063702
v 0.017921 0.027935 0.039651
v 0.019743 0.029431 0.015554
v 0.015278 0.022155 0.084041
v 0.023177 0.027433 -0.004915
v 0.017596 0.023704 0.063702
v 0.019912 0.025251 0.039651
v 0.021871 0.026561 0.015554
v 0.016714 0.019758 0.084041
v 0.025093 0.024236 -0.004915
v 0.019173 0.021072 0.063702
v 0.021629 0.022385 0.039651
v 0.023708 0.023496 0.015554
v 0.017909 0.017232 0.084041
v 0.026686 0.020867 -0.004915
v 0.020485 0.018299 0.063702
v 0.023058 0.019365 0.039651
v 0.025236 0.020267 0.015554
v 0.018851 0.014601 0.084041
v 0.027942 0.017358 -0.004915
v 0.021519 0.015410 0.063702
v 0.024184 0.016218 0.039651
v 0.026439 0.016903 0.015554
v 0.019530 0.011890 0.084041
v 0.028847 0.013743 -0.004915
v 0.022264 0.012434 0.063702
v 0.024996 0.012977 0.039651
v 0.027307 0.013437 0.015554
v 0.019940 0.009125 0.084041
v 0.029394 0.010057 -0.004915
v 0.022715 0.009399 0.063702
v 0.025486 0.009672 0.039651
v 0.027832 0.009903 0.015554
v 0.020077 0.006334 0.084041
v 0.029577 0.006334 -0.004915
v 0.022865 0.006334 0.063702
v 0.025650 0.006334 0.039651
v 0.028007 0.006334 0.015554
v 0.019940 0.003543 0.084041
v 0.029394 0.002612 -0.004915
v 0.022715 0.003270 0.063702
v 0.025486 0.002997 0.039651
v 0.027832 0.002766 0.015554
v 0.019530 0.000779 0.084041
v 0.028847 -0.001075 -0.004915
v 0.022264 0.000235 0.063702
v 0.024996 -0.000309 0.039651
v 0.027307 -0.000768 0.015554
v 0.018851 -0.001932 0.084041
v 0.027942 -0.004690 -0.004915
v 0.021519 -0.002741 0.063702
v 0.024184 -0.003550 0.039651
v 0.026439 -0.004234 0.015554
v 0.017909 -0.004563 0.084041
v 0.026686 -0.008199 -0.004915
v 0.020485 -0.005630 0.063702
v 0.023058 -0.006696 0.039651
v 0.025236 -0.007598 0.015554
v 0.016714 -0.007090 0.084041
v 0.025093 -0.011568 -0.004915
v 0.019173 -0.008404 0.063702
v 0.021629 -0.009717 0.039651
v 0.023708 -0.010828 0.015554
v 0.015278 -0.009486 0.084041
v 0.023177 -0.014764 -0.004915
v 0.017596 -0.011036 0.063702
v 0.019912 -0.012583 0.039651
v 0.021871 -0.013892 0.015554
v 0.013613 -0.011731 0.084041
v 0.020957 -0.017758 -0.004915
v 0.015768 -0.013500 0.063702
v 0.017921 -0.015267 0.039651
v 0.019743 -0.016762 0.015554
v 0.011736 -0.013802 0.084041
v 0.018454 -0.020519 -0.004915
v 0.013708 -0.015773 0.063702
v 0.015677 -0.017743 0.039651
v 0.017344 -0.019409 0.015554
v 0.009665 -0.015678 0.084041
v 0.015692 -0.023022 -0.004915
v 0.011434 -0.017834 0.063702
v 0.013201 -0.019987 0.039651
v 0.014696 -0.021809 0.015554
v 0.007421 -0.017343 0.084041
v 0.012699 -0.025242 -0.004915
v 0.008970 -0.019662 0.063702
v 0.010517 -0.021977 0.039651
v 0.011827 -0.023937 0.015554
v 0.005024 -0.018780 0.084041
v 0.009502 -0.027158 -0.004915
v 0.006338 -0.021239 0.063702
v 0.007651 -0.023695 0.039651
v 0.008762 -0.025774 0.015554
v 0.002498 -0.019975 0.084041
v 0.006133 -0.028752 -0.004915
v 0.003565 -0.022551 0.063702
v 0.004630 -0.025124 0.039651
v 0.005532 -0.027301 0.015554
v -0.000134 -0.020916 0.084041
v 0.002624 -0.030007 -0.004915
v 0.000676 -0.023584 0.063702
v 0.001484 -0.026249 0.039651
v 0.002169 -0.028505 0.015554
v -0.002844 -0.021595 0.084041
v -0.000991 -0.030913 -0.004915
v -0.002300 -0.024330 0.063702
v -0.001757 -0.027061 0.039651
v -0.001297 -0.029373 0.015554
v -0.005609 -0.022005 0.084041
v -0.004677 -0.031460 -0.004915
v -0.005335 -0.024780 0.063702
v -0.005062 -0.027552 0.039651
v -0.004831 -0.029897 0.015554
v -0.008400 -0.022142 0.084041
v -0.008400 -0.031642 -0.004915
v -0.008400 -0.024931 0.063702
v -0.008400 -0.027716 0.039651
v -0.008400 -0.030073 0.015554
v -0.011191 -0.022005 0.084041
v -0.012122 -0.031460 -0.004915
v -0.011464 -0.024780 0.063702
v -0.011737 -0.027552 0.039651
v -0.011968 -0.029897 0.015554
v -0.013955 -0.021595 0.084041
v -0.015809 -0.030913 -0.004915
v -0.014499 -0.024330 0.063702
v -0.015043 -0.027061 0.039651
v -0.015502 -0.029373 0.015554
v -0.016666 -0.020916 0.084041
v -0.019424 -0.030007 -0.004915
v -0.017476 -0.023584 0.063702
v -0.018284 -0.026249 0.039651
v -0.018968 -0.028505 0.015554
v -0.019297 -0.019975 0.084041
v -0.022933 -0.028752 -0.004915
v -0.020364 -0.022551 0.063702
v -0.021430 -0.025124 0.039651
v -0.022332 -0.027301 0.015554
v -0.021824 -0.018780 0.084041
v -0.026302 -0.027158 -0.004915
v -0.023138 -0.021239 0.063702
v -0.024451 -0.023695 0.039651
v -0.025562 -0.025774 0.015554
v -0.024221 -0.017343 0.084041
v -0.029499 -0.025242 -0.004915
v -0.025770 -0.019662 0.063702
v -0.027317 -0.021977 0.039651
v -0.028626 -0.023937 0.015554
v -0.026465 -0.015678 0.084041
v -0.032492 -0.023022 -0.004915
v -0.028234 -0.017834 0.063702
v -0.030001 -0.019987 0.039651
v -0.031496 -0.021809 0.015554
v -0.028536 -0.013802 0.084041
v -0.035253 -0.020519 -0.004915
v -0.030507 -0.015773 0.063702
v -0.032477 -0.017743 0.039651
v -0.034143 -0.019409 0.015554
v -0.030413 -0.011731 0.084041
v -0.037756 -0.017758 -0.004915
v -0.032568 -0.013500 0.063702
v -0.034721 -0.015267 0.039651
v -0.036543 -0.016762 0.015554
v -0.032077 -0.009486 0.084041
v -0.039976 -0.014764 -0.004915
v -0.034396 -0.011036 0.063702
v -0.036711 -0.012583 0.039651
v -0.038671 -0.013892 0.015554
v -0.033514 -0.007090 0.084041
v -0.041892 -0.011568 -0.004915
v -0.035973 -0.008404 0.063702
v -0.038429 -0.009717 0.039651
v -0.040508 -0.010828 0.015554
v -0.034709 -0.004563 0.084041
v -0.043486 -0.008199 -0.004915
v -0.037285 -0.005630 0.063702
v -0.039858 -0.006696 0.039651
v -0.042035 -0.007598 0.015554
v -0.035650 -0.001932 0.084041
v -0.044741 -0.004690 -0.004915
v -0.038319 -0.002741 0.063702
v -0.040983 -0.003550 0.039651
v -0.043239 -0.004234 0.015554
v -0.036329 0.000779 0.084041
v -0.045647 -0.001075 -0.004915
v -0.039064 0.000235 0.063702
v -0.041795 -0.000309 0.039651
v -0.044107 -0.000768 0.015554
v -0.036739 0.003543 0.084041
v -0.046194 0.002612 -0.004915
v -0.039514 0.003270 0.063702
v -0.042286 0.002997 0.039651
v -0.044631 0.002766 0.015554
v -0.036876 0.006334 0.084041
v -0.046377 0.006334 -0.004915
v -0.039665 0.006334 0.063702
v -0.042450 0.006334 0.039651
v -0.044807 0.006334 0.015554
v -0.036739 0.009125 0.084041
v -0.046194 0.010057 -0.004915
v -0.039514 0.009399 0.063702
v -0.042286 0.009672 0.039651
v -0.044631 0.009903 0.015554
v -0.036329 0.011890 0.084041
v -0.045647 0.013743 -0.004915
v -0.039064 0.012434 0.063702
v -0.041795 0.012977 0.039651
v -0.044107 0.013437 0.015554
v -0.035650 0.014601 0.084041
v -0.044741 0.017358 -0.004915
v -0.038319 0.015410 0.063702
v -0.040983 0.016218 0.039651
v -0.043239 0.016903 0.015554
v -0.034709 0.017232 0.084041
v -0.043486 0.020867 -0.004915
v -0.037285 0.018299 0.063702
v -0.039858 0.019365 0.039651
v -0.042035 0.020267 0.015554
v -0.033514 0.019758 0.084041
v -0.041892 0.024236 -0.004915
v -0.035973 0.021072 0.063702
v -0.038429 0.022385 0.039651
v -0.040508 0.023496 0.015554
v -0.032077 0.022155 0.084041
v -0.039976 0.027433 -0.004915
v -0.034396 0.023704 0.063702
v -0.036711 0.025251 0.039651
v -0.038671 0.026561 0.015554
v -0.030413 0.024400 0.084041
v -0.037756 0.030426 -0.004915
v -0.032568 0.026169 0.063702
v -0.034721 0.027935 0.039651
v -0.036543 0.029431 0.015554
v -0.028536 0.026470 0.084041
v -0.035253 0.033188 -0.004915
v -0.030507 0.028442 0.063702
v -0.032477 0.030411 0.039651
v -0.034143 0.032078 0.015554
v -0.026465 0.028347 0.084041
v -0.032492 0.035691 -0.004915
v -0.028234 0.030502 0.063702
v -0.030001 0.032655 0.039651
v -0.031496 0.034477 0.015554
v -0.024221 0.030012 0.084041
v -0.029499 0.037911 -0.004915
v -0.025770 0.032330 0.063702
v -0.027317 0.034646 0.039651
v -0.028626 0.036605 0.015554
v -0.021824 0.031448 0.084041
v -0.026302 0.039827 -0.004915
v -0.023138 0.033907 0.063702
v -0.024451 0.036364 0.039651
v -0.025562 0.038442 0.015554
v -0.019297 0.032643 0.084041
v -0.022933 0.041420 -0.004915
v -0.020364 0.035219 0.063702
v -0.021430 0.037792 0.039651
v -0.022332 0.039970 0.015554
v -0.016666 0.033585 0.084041
v -0.019424 0.042676 -0.004915
v -0.017476 0.036253 0.063702
v -0.018284 0.038918 0.039651
v -0.018968 0.041173 0.015554
v -0.013955 0.034264 0.084041
v -0.015809 0.043581 -0.004915
v -0.014499 0.036998 0.063702
v -0.015043 0.039730 0.039651
v -0.015502 0.042042 0.015554
v -0.011191 0.034674 0.084041
v -0.012122 0.044128 -0.004915
v -0.011464 0.037449 0.063702
v -0.011737 0.040220 0.039651
v -0.011968 0.042566 0.015554
v -0.008400 0.047493 -0.066970
v -0.008400 0.048164 -0.066276
v -0.008400 0.048129 -0.066927
v -0.004300 0.047963 -0.066276
v -0.004366 0.047294 -0.066970
v -0.004303 0.047927 -0.066927
v -0.000239 0.047360 -0.066276
v -0.000370 0.046702 -0.066970
v -0.000246 0.047326 -0.066927
v 0.003743 0.046363 -0.066276
v 0.003548 0.045720 -0.066970
v 0.003732 0.046329 -0.066927
v 0.007608 0.044980 -0.066276
v 0.007351 0.044360 -0.066970
v 0.007594 0.044947 -0.066927
v 0.011319 0.043225 -0.066276
v 0.011002 0.042633 -0.066970
v 0.011302 0.043194 -0.066927
v 0.014840 0.041114 -0.066276
v 0.014466 0.040556 -0.066970
v 0.014820 0.041085 -0.066927
v 0.018137 0.038669 -0.066276
v 0.017711 0.038150 -0.066970
v 0.018114 0.038642 -0.066927
v 0.021178 0.035912 -0.066276
v 0.020703 0.035438 -0.066970
v 0.021153 0.035887 -0.066927
v 0.023935 0.032871 -0.066276
v 0.023416 0.032445 -0.066970
v 0.023908 0.032848 -0.066927
v 0.026380 0.029574 -0.066276
v 0.025822 0.029201 -0.066970
v 0.026351 0.029554 -0.066927
v 0.028491 0.026053 -0.066276
v 0.027899 0.025736 -0.066970
v 0.028460 0.026036 -0.066927
v 0.030246 0.022342 -0.066276
v 0.029625 0.022085 -0.066970
v 0.030213 0.022328 -0.066927
v 0.031629 0.018477 -0.066276
v 0.030986 0.018282 -0.066970
v 0.031595 0.018467 -0.066927
v 0.032626 0.014495 -0.066276
v 0.031968 0.014364 -0.066970
v 0.032591 0.014488 -0.066927
v 0.033229 0.010434 -0.066276
v 0.032560 0.010368 -0.066970
v 0.033193 0.010431 -0.066927
v 0.033430 0.006334 -0.066276
v 0.032758 0.006334 -0.066970
v 0.033395 0.006334 -0.066927
v 0.033229 0.002234 -0.066276
v 0.032560 0.002300 -0.066970
v 0.033193 0.002238 -0.066927
v 0.032626 -0.001826 -0.066276
v 0.031968 -0.001695 -0.066970
v 0.032591 -0.001819 -0.066927
v 0.031629 -0.005808 -0.066276
v 0.030986 -0.005613 -0.066970
v 0.031595 -0.005798 -0.066927
v 0.030246 -0.009673 -0.066276
v 0.029625 -0.009416 -0.066970
v 0.030213 -0.009660 -0.066927
v 0.028491 -0.013384 -0.066276
v 0.027899 -0.013068 -0.066970
v 0.028460 -0.013367 -0.066927
v 0.026380 -0.016905 -0.066276
v 0.025822 -0.016532 -0.066970
v 0.026351 -0.016885 -0.066927
v 0.023935 -0.020202 -0.066276
v 0.023416 -0.019776 -0.066970
v 0.023908 -0.020180 -0.066927
v 0.021178 -0.023244 -0.066276
v 0.020703 -0.022769 -0.066970
v 0.021153 -0.023219 -0.066927
v 0.018137 -0.026001 -0.066276
v 0.017711 -0.025482 -0.066970
v 0.018114 -0.025973 -0.066927
v 0.014840 -0.028446 -0.066276
v 0.014466 -0.027888 -0.066970
v 0.014820 -0.028417 -0.066927
v 0.011319 -0.030556 -0.066276
v 0.011002 -0.029964 -0.066970
v 0.011302 -0.030525 -0.066927
v 0.007608 -0.032311 -0.066276
v 0.007351 -0.031691 -0.066970
v 0.007594 -0.032279 -0.066927
v 0.003743 -0.033694 -0.066276
v 0.003548 -0.033052 -0.066970
v 0.003732 -0.033660 -0.066927
v -0.000239 -0.034692 -0.066276
v -0.000370 -0.034033 -0.066970
v -0.000246 -0.034657 -0.066927
v -0.004300 -0.035294 -0.066276
v -0.004366 -0.034626 -0.066970
v -0.004303 -0.035259 -0.066927
v -0.008400 -0.035496 -0.066276
v -0.008400 -0.034824 -0.066970
v -0.008400 -0.035460 -0.066927
v -0.012500 -0.035294 -0.066276
v -0.012434 -0.034626 -0.066970
v -0.012496 -0.035259 -0.066927
v -0.016560 -0.034692 -0.066276
v -0.016429 -0.034033 -0.066970
v -0.016554 -0.034657 -0.066927
v -0.020542 -0.033694 -0.066276
v -0.020347 -0.033052 -0.066970
v -0.020532 -0.033660 -0.066927
v -0.024407 -0.032311 -0.066276
v -0.024150 -0.031691 -0.066970
v -0.024394 -0.032279 -0.066927
v -0.028118 -0.030556 -0.066276
v -0.027802 -0.029964 -0.066970
v -0.028102 -0.030525 -0.066927
v -0.031639 -0.028446 -0.066276
v -0.031266 -0.027888 -0.066970
v -0.031620 -0.028417 -0.066927
v -0.034936 -0.026001 -0.066276
v -0.034510 -0.025482 -0.066970
v -0.034914 -0.025973 -0.066927
v -0.037978 -0.023244 -0.066276
v -0.037503 -0.022769 -0.066970
v -0.037953 -0.023219 -0.066927
v -0.040735 -0.020202 -0.066276
v -0.040216 -0.019776 -0.066970
v -0.040707 -0.020180 -0.066927
v -0.043180 -0.016905 -0.066276
v -0.042622 -0.016532 -0.066970
v -0.043151 -0.016885 -0.066927
v -0.045290 -0.013384 -0.066276
v -0.044698 -0.013068 -0.066970
v -0.045259 -0.013367 -0.066927
v -0.047046 -0.009673 -0.066276
v -0.046425 -0.009416 -0.066970
v -0.047013 -0.009660 -0.066927
v -0.048428 -0.005808 -0.066276
v -0.047786 -0.005613 -0.066970
v -0.048395 -0.005798 -0.066927
v -0.049426 -0.001826 -0.066276
v -0.048767 -0.001695 -0.066970
v -0.049391 -0.001819 -0.066927
v -0.050028 0.002234 -0.066276
v -0.049360 0.002300 -0.066970
v -0.049993 0.002238 -0.066927
v -0.050230 0.006334 -0.066276
v -0.049558 0.006334 -0.066970
v -0.050194 0.006334 -0.066927
v -0.050028 0.010434 -0.066276
v -0.049360 0.010368 -0.066970
v -0.049993 0.010431 -0.066927
v -0.049426 0.014495 -0.066276
v -0.048767 0.014364 -0.066970
v -0.049391 0.014488 -0.066927
v -0.048428 0.018477 -0.066276
v -0.047786 0.018282 -0.066970
v -0.048395 0.018467 -0.066927
v -0.047046 0.022342 -0.066276
v -0.046425 0.022085 -0.066970
v -0.047013 0.022328 -0.066927
v -0.045290 0.026053 -0.066276
v -0.044698 0.025736 -0.066970
v -0.045259 0.026036 -0.066927
v -0.043180 0.029574 -0.066276
v -0.042622 0.029201 -0.066970
v -0.043151 0.029554 -0.066927
v -0.040735 0.032871 -0.066276
v -0.040216 0.032445 -0.066970
v -0.040707 0.032848 -0.066927
v -0.037978 0.035912 -0.066276
v -0.037503 0.035438 -0.066970
v -0.037953 0.035887 -0.066927
v -0.034936 0.038669 -0.066276
v -0.034510 0.038150 -0.066970
v -0.034914 0.038642 -0.066927
v -0.031639 0.041114 -0.066276
v -0.031266 0.040556 -0.066970
v -0.031620 0.041085 -0.066927
v -0.028118 0.043225 -0.066276
v -0.027802 0.042633 -0.066970
v -0.028102 0.043194 -0.066927
v -0.024407 0.044980 -0.066276
v -0.024150 0.044360 -0.066970
v -0.024394 0.044947 -0.066927
v -0.020542 0.046363 -0.066276
v -0.020347 0.045720 -0.066970
v -0.020532 0.046329 -0.066927
v -0.016560 0.047360 -0.066276
v -0.016429 0.046702 -0.066970
v -0.016554 0.047326 -0.066927
v -0.012500 0.047963 -0.066276
v -0.012434 0.047294 -0.066970
v -0.012496 0.047927 -0.066927
vn -0.0971 0.9857 -0.1378
vn -0.0978 0.9928 0.0691
vn -0.0000 0.9976 0.0691
vn -0.0000 0.9905 -0.1378
vn -0.0000 -0.0000 -1.0000
vn 0.1808 0.0966 -0.9788
vn 0.1894 0.0785 -0.9788
vn 0.0978 0.9928 0.0691
vn 0.0971 0.9857 -0.1378
vn 0.1946 0.9784 0.0691
vn 0.1932 0.9714 -0.1378
vn -0.1139 0.1705 -0.9788
vn -0.0966 0.1808 -0.9788
vn 0.1931 0.9707 0.1431
vn 0.0970 0.9849 0.1431
vn 0.0969 0.9839 0.1505
vn 0.1929 0.9696 0.1505
vn 0.2896 0.9547 0.0691
vn 0.2875 0.9478 -0.1378
vn -0.0966 -0.1808 -0.9788
vn -0.1139 -0.1705 -0.9788
vn 0.2873 0.9471 0.1431
vn 0.2870 0.9460 0.1505
vn 0.3818 0.9217 0.0691
vn 0.3790 0.9151 -0.1378
vn 0.2050 -0.0000 -0.9788
vn 0.2040 -0.0201 -0.9788
vn 0.3787 0.9144 0.1431
vn 0.3783 0.9134 0.1505
vn 0.4703 0.8798 0.0691
vn 0.4669 0.8735 -0.1378
vn 0.4665 0.8728 0.1431
vn 0.4660 0.8719 0.1505
vn 0.5542 0.8295 0.0691
vn 0.5503 0.8235 -0.1378
vn -0.1705 -0.1139 -0.9788
vn -0.1808 -0.0966 -0.9788
vn 0.5499 0.8229 0.1431
vn 0.5492 0.8220 0.1505
vn 0.6329 0.7712 0.0691
vn 0.6283 0.7656 -0.1378
vn 0.1808 -0.0966 -0.9788
vn 0.1705 -0.1139 -0.9788
vn 0.6279 0.7651 0.1431
vn 0.6272 0.7642 0.1505
vn 0.7054 0.7054 0.0691
vn 0.7004 0.7004 -0.1378
vn -0.2040 -0.0201 -0.9788
vn -0.2050 -0.0000 -0.9788
vn 0.6998 0.6998 0.1431
vn 0.6991 0.6991 0.1505
vn 0.7712 0.6329 0.0691
vn 0.7656 0.6283 -0.1378
vn 0.1139 -0.1705 -0.9788
vn 0.0966 -0.1808 -0.9788
vn 0.7651 0.6279 0.1431
vn 0.7642 0.6272 0.1505
vn 0.8295 0.5542 0.0691
vn 0.8235 0.5503 -0.1378
vn 0.0966 0.1808 -0.9788
vn 0.1139 0.1705 -0.9788
vn 0.8229 0.5499 0.1431
vn 0.8220 0.5492 0.1505
vn 0.8798 0.4703 0.0691
vn 0.8735 0.4669 -0.1378
vn -0.1894 0.0785 -0.9788
vn -0.1808 0.0966 -0.9788
vn 0.8728 0.4665 0.1431
vn 0.8719 0.4660 0.1505
vn 0.9217 0.3818 0.0691
vn 0.9151 0.3790 -0.1378
vn 0.0201 -0.2040 -0.9788
vn -0.0000 -0.2050 -0.9788
vn 0.9144 0.3787 0.1431
vn 0.9134 0.3783 0.1505
vn 0.9547 0.2896 0.0691
vn 0.9478 0.2875 -0.1378
vn 0.1705 0.1139 -0.9788
vn 0.9471 0.2873 0.1431
vn 0.9460 0.2870 0.1505
vn 0.9784 0.1946 0.0691
vn 0.9714 0.1932 -0.1378
vn -0.1301 0.1585 -0.9788
vn 0.9707 0.1931 0.1431
vn 0.9696 0.1929 0.1505
vn 0.9928 0.0978 0.0691
vn 0.9857 0.0971 -0.1378
vn -0.0785 -0.1894 -0.9788
vn 0.9849 0.0970 0.1431
vn 0.9839 0.0969 0.1505
vn 0.9976 -0.0000 0.0691
vn 0.9905 -0.0000 -0.1378
vn 0.2040 0.0201 -0.9788
vn 0.9897 -0.0000 0.1431
vn 0.9886 -0.0000 0.1505
vn 0.9928 -0.0978 0.0691
vn 0.9857 -0.0971 -0.1378
vn -0.0400 0.2011 -0.9788
vn -0.0201 0.2040 -0.9788
vn 0.9849 -0.0970 0.1431
vn 0.9839 -0.0969 0.1505
vn 0.9784 -0.1946 0.0691
vn 0.9714 -0.1932 -0.1378
vn -0.1585 -0.1301 -0.9788
vn 0.9707 -0.1931 0.1431
vn 0.9696 -0.1929 0.1505
vn 0.9547 -0.2896 0.0691
vn 0.9478 -0.2875 -0.1378
vn 0.1894 -0.0785 -0.9788
vn 0.9471 -0.2873 0.1431
vn 0.9460 -0.2870 0.1505
vn 0.9217 -0.3818 0.0691
vn 0.9151 -0.3790 -0.1378
vn -0.2011 -0.0400 -0.9788
vn 0.9144 -0.3787 0.1431
vn 0.9134 -0.3783 0.1505
vn 0.8798 -0.4703 0.0691
vn 0.8735 -0.4669 -0.1378
vn 0.1301 -0.1585 -0.9788
vn 0.8728 -0.4665 0.1431
vn 0.8719 -0.4660 0.1505
vn 0.8295 -0.5542 0.0691
vn 0.8235 -0.5503 -0.1378
vn 0.0785 0.1894 -0.9788
vn 0.8229 -0.5499 0.1431
vn 0.8220 -0.5492 0.1505
vn 0.7712 -0.6329 0.0691
vn 0.7656 -0.6283 -0.1378
vn -0.1962 0.0595 -0.9788
vn 0.7651 -0.6279 0.1431
vn 0.7642 -0.6272 0.1505
vn 0.7054 -0.7054 0.0691
vn 0.7004 -0.7004 -0.1378
vn 0.0400 -0.2011 -0.9788
vn 0.6998 -0.6998 0.1431
vn 0.6991 -0.6991 0.1505
vn 0.6329 -0.7712 0.0691
vn 0.6283 -0.7656 -0.1378
vn 0.1585 0.1301 -0.9788
vn 0.6279 -0.7651 0.1431
vn 0.6272 -0.7642 0.1505
vn 0.5542 -0.8295 0.0691
vn 0.5503 -0.8235 -0.1378
vn -0.1450 0.1450 -0.9788
vn 0.5499 -0.8229 0.1431
vn 0.5492 -0.8220 0.1505
vn 0.4703 -0.8798 0.0691
vn 0.4669 -0.8735 -0.1378
vn -0.0595 -0.1962 -0.9788
vn 0.4665 -0.8728 0.1431
vn 0.4660 -0.8719 0.1505
vn 0.3818 -0.9217 0.0691
vn 0.3790 -0.9151 -0.1378
vn 0.2011 0.0400 -0.9788
vn 0.3787 -0.9144 0.1431
vn 0.3783 -0.9134 0.1505
vn 0.2896 -0.9547 0.0691
vn 0.2875 -0.9478 -0.1378
vn -0.0595 0.1962 -0.9788
vn 0.2873 -0.9471 0.1431
vn 0.2870 -0.9460 0.1505
vn 0.1946 -0.9784 0.0691
vn 0.1932 -0.9714 -0.1378
vn -0.1450 -0.1450 -0.9788
vn 0.1931 -0.9707 0.1431
vn 0.1929 -0.9696 0.1505
vn 0.0978 -0.9928 0.0691
vn 0.0971 -0.9857 -0.1378
vn 0.1962 -0.0595 -0.9788
vn 0.0970 -0.9849 0.1431
vn 0.0969 -0.9839 0.1505
vn -0.0000 -0.9976 0.0691
vn -0.0000 -0.9905 -0.1378
vn -0.1962 -0.0595 -0.9788
vn -0.0000 -0.9897 0.1431
vn -0.0000 -0.9886 0.1505
vn -0.0978 -0.9928 0.0691
vn -0.0971 -0.9857 -0.1378
vn 0.1450 -0.1450 -0.9788
vn -0.0970 -0.9849 0.1431
vn -0.0969 -0.9839 0.1505
vn -0.1946 -0.9784 0.0691
vn -0.1932 -0.9714 -0.1378
vn 0.0595 0.1962 -0.9788
vn -0.1931 -0.9707 0.1431
vn -0.1929 -0.9696 0.1505
vn -0.2896 -0.9547 0.0691
vn -0.2875 -0.9478 -0.1378
vn -0.2011 0.0400 -0.9788
vn -0.2873 -0.9471 0.1431
vn -0.2870 -0.9460 0.1505
vn -0.3818 -0.9217 0.0691
vn -0.3790 -0.9151 -0.1378
vn 0.0595 -0.1962 -0.9788
vn -0.3787 -0.9144 0.1431
vn -0.3783 -0.9134 0.1505
vn -0.4703 -0.8798 0.0691
vn -0.4669 -0.8735 -0.1378
vn 0.1450 0.1450 -0.9788
vn -0.4665 -0.8728 0.1431
vn -0.4660 -0.8719 0.1505
vn -0.5542 -0.8295 0.0691
vn -0.5503 -0.8235 -0.1378
vn -0.1585 0.1301 -0.9788
vn -0.5499 -0.8229 0.1431
vn -0.5492 -0.8220 0.1505
vn -0.6329 -0.7712 0.0691
vn -0.6283 -0.7656 -0.1378
vn -0.0400 -0.2011 -0.9788
vn -0.6279 -0.7651 0.1431
vn -0.6272 -0.7642 0.1505
vn -0.7054 -0.7054 0.0691
vn -0.7004 -0.7004 -0.1378
vn 0.1962 0.0595 -0.9788
vn -0.6998 -0.6998 0.1431
vn -0.6991 -0.6991 0.1505
vn -0.7712 -0.6329 0.0691
vn -0.7656 -0.6283 -0.1378
vn -0.0785 0.1894 -0.9788
vn -0.7651 -0.6279 0.1431
vn -0.7642 -0.6272 0.1505
vn -0.8295 -0.5542 0.0691
vn -0.8235 -0.5503 -0.1378
vn -0.1301 -0.1585 -0.9788
vn -0.8229 -0.5499 0.1431
vn -0.8220 -0.5492 0.1505
vn -0.8798 -0.4703 0.0691
vn -0.8735 -0.4669 -0.1378
vn 0.2011 -0.0400 -0.9788
vn -0.8728 -0.4665 0.1431
vn -0.8719 -0.4660 0.1505
vn -0.9217 -0.3818 0.0691
vn -0.9151 -0.3790 -0.1378
vn -0.1894 -0.0785 -0.9788
vn -0.9144 -0.3787 0.1431
vn -0.9134 -0.3783 0.1505
vn -0.9547 -0.2896 0.0691
vn -0.9478 -0.2875 -0.1378
vn 0.1585 -0.1301 -0.9788
vn -0.9471 -0.2873 0.1431
vn -0.9460 -0.2870 0.1505
vn -0.9784 -0.1946 0.0691
vn -0.9714 -0.1932 -0.1378
vn -0.2040 0.0201 -0.9788
vn -0.9707 -0.1931 0.1431
vn -0.9696 -0.1929 0.1505
vn -0.9928 -0.0978 0.0691
vn -0.9857 -0.0971 -0.1378
vn 0.0785 -0.1894 -0.9788
vn -0.9849 -0.0970 0.1431
vn -0.9839 -0.0969 0.1505
vn -0.9976 -0.0000 0.0691
vn -0.9905 -0.0000 -0.1378
vn 0.0201 0.2040 -0.9788
vn 0.0400 0.2011 -0.9788
vn -0.9897 -0.0000 0.1431
vn -0.9886 -0.0000 0.1505
vn -0.9928 0.0978 0.0691
vn -0.9857 0.0971 -0.1378
vn 0.1301 0.1585 -0.9788
vn -0.9849 0.0970 0.1431
vn -0.9839 0.0969 0.1505
vn -0.9784 0.1946 0.0691
vn -0.9714 0.1932 -0.1378
vn -0.9707 0.1931 0.1431
vn -0.9696 0.1929 0.1505
vn -0.9547 0.2896 0.0691
vn -0.9478 0.2875 -0.1378
vn -0.1705 0.1139 -0.9788
vn -0.9471 0.2873 0.1431
vn -0.9460 0.2870 0.1505
vn -0.9217 0.3818 0.0691
vn -0.9151 0.3790 -0.1378
vn -0.0201 -0.2040 -0.9788
vn -0.9144 0.3787 0.1431
vn -0.9134 0.3783 0.1505
vn -0.8798 0.4703 0.0691
vn -0.8735 0.4669 -0.1378
vn -0.8728 0.4665 0.1431
vn -0.8719 0.4660 0.1505
vn -0.8295 0.5542 0.0691
vn -0.8235 0.5503 -0.1378
vn -0.8229 0.5499 0.1431
vn -0.8220 0.5492 0.1505
vn -0.7712 0.6329 0.0691
vn -0.7656 0.6283 -0.1378
vn -0.7651 0.6279 0.1431
vn -0.7642 0.6272 0.1505
vn -0.7054 0.7054 0.0691
vn -0.7004 0.7004 -0.1378
vn -0.6998 0.6998 0.1431
vn -0.6991 0.6991 0.1505
vn -0.6329 0.7712 0.0691
vn -0.6283 0.7656 -0.1378
vn -0.6279 0.7651 0.1431
vn -0.6272 0.7642 0.1505
vn -0.5542 0.8295 0.0691
vn -0.5503 0.8235 -0.1378
vn -0.5499 0.8229 0.1431
vn -0.5492 0.8220 0.1505
vn -0.4703 0.8798 0.0691
vn -0.4669 0.8735 -0.1378
vn -0.4665 0.8728 0.1431
vn -0.4660 0.8719 0.1505
vn -0.3818 0.9217 0.0691
vn -0.3790 0.9151 -0.1378
vn -0.3787 0.9144 0.1431
vn -0.3783 0.9134 0.1505
vn -0.2896 0.9547 0.0691
vn -0.2875 0.9478 -0.1378
vn -0.2873 0.9471 0.1431
vn -0.2870 0.9460 0.1505
vn -0.1946 0.9784 0.0691
vn -0.1932 0.9714 -0.1378
vn -0.1931 0.9707 0.1431
vn -0.1929 0.9696 0.1505
vn -0.0970 0.9849 0.1431
vn -0.0969 0.9839 0.1505
vn -0.0000 0.2050 -0.9788
vn -0.0000 0.9897 0.1431
vn -0.0000 0.9886 0.1505
vn -0.0000 0.9962 0.0869
vn 0.0976 0.9914 0.0869
vn -0.0000 0.9943 0.1062
vn 0.0975 0.9896 0.1062
vn -0.0000 0.9921 0.1254
vn 0.0972 0.9873 0.1254
vn 0.1944 0.9771 0.0869
vn 0.1940 0.9752 0.1062
vn 0.1936 0.9730 0.1254
vn 0.2892 0.9533 0.0869
vn 0.2886 0.9515 0.1062
vn 0.2880 0.9494 0.1254
vn 0.3812 0.9204 0.0869
vn 0.3805 0.9187 0.1062
vn 0.3797 0.9166 0.1254
vn 0.4696 0.8786 0.0869
vn 0.4687 0.8769 0.1062
vn 0.4677 0.8750 0.1254
vn 0.5535 0.8283 0.0869
vn 0.5524 0.8268 0.1062
vn 0.5512 0.8249 0.1254
vn 0.6320 0.7701 0.0869
vn 0.6308 0.7686 0.1062
vn 0.6294 0.7669 0.1254
vn 0.7044 0.7044 0.0869
vn 0.7031 0.7031 0.1062
vn 0.7015 0.7015 0.1254
vn 0.7701 0.6320 0.0869
vn 0.7686 0.6308 0.1062
vn 0.7669 0.6294 0.1254
vn 0.8283 0.5535 0.0869
vn 0.8268 0.5524 0.1062
vn 0.8249 0.5512 0.1254
vn 0.8786 0.4696 0.0869
vn 0.8769 0.4687 0.1062
vn 0.8750 0.4677 0.1254
vn 0.9204 0.3812 0.0869
vn 0.9187 0.3805 0.1062
vn 0.9166 0.3797 0.1254
vn 0.9533 0.2892 0.0869
vn 0.9515 0.2886 0.1062
vn 0.9494 0.2880 0.1254
vn 0.9771 0.1944 0.0869
vn 0.9752 0.1940 0.1062
vn 0.9730 0.1935 0.1254
vn 0.9914 0.0976 0.0869
vn 0.9896 0.0975 0.1062
vn 0.9873 0.0972 0.1254
vn 0.9962 -0.0000 0.0869
vn 0.9943 -0.0000 0.1062
vn 0.9921 -0.0000 0.1254
vn 0.9914 -0.0976 0.0869
vn 0.9896 -0.0975 0.1062
vn 0.9873 -0.0972 0.1254
vn 0.9771 -0.1944 0.0869
vn 0.9752 -0.1940 0.1062
vn 0.9730 -0.1936 0.1254
vn 0.9533 -0.2892 0.0869
vn 0.9515 -0.2886 0.1062
vn 0.9494 -0.2880 0.1254
vn 0.9204 -0.3812 0.0869
vn 0.9187 -0.3805 0.1062
vn 0.9166 -0.3797 0.1254
vn 0.8786 -0.4696 0.0869
vn 0.8769 -0.4687 0.1062
vn 0.8750 -0.4677 0.1254
vn 0.8283 -0.5535 0.0869
vn 0.8268 -0.5524 0.1062
vn 0.8249 -0.5512 0.1254
vn 0.7701 -0.6320 0.0869
vn 0.7686 -0.6308 0.1062
vn 0.7669 -0.6294 0.1254
vn 0.7044 -0.7044 0.0869
vn 0.7031 -0.7031 0.1062
vn 0.7015 -0.7015 0.1254
vn 0.6320 -0.7701 0.0869
vn 0.6308 -0.7686 0.1062
vn 0.6294 -0.7669 0.1254
vn 0.5535 -0.8283 0.0869
vn 0.5524 -0.8268 0.1062
vn 0.5512 -0.8249 0.1254
vn 0.4696 -0.8786 0.0869
vn 0.4687 -0.8769 0.1062
vn 0.4677 -0.8750 0.1254
vn 0.3812 -0.9204 0.0869
vn 0.3805 -0.9187 0.1062
vn 0.3797 -0.9166 0.1254
vn 0.2892 -0.9533 0.0869
vn 0.2886 -0.9515 0.1062
vn 0.2880 -0.9494 0.1254
vn 0.1944 -0.9771 0.0869
vn 0.1940 -0.9752 0.1062
vn 0.1936 -0.9730 0.1254
vn 0.0976 -0.9914 0.0869
vn 0.0975 -0.9896 0.1062
vn 0.0972 -0.9873 0.1254
vn -0.0000 -0.9962 0.0869
vn -0.0000 -0.9943 0.1062
vn -0.0000 -0.9921 0.1254
vn -0.0976 -0.9914 0.0869
vn -0.0975 -0.9896 0.1062
vn -0.0972 -0.9873 0.1254
vn -0.1944 -0.9771 0.0869
vn -0.1940 -0.9752 0.1062
vn -0.1936 -0.9730 0.1254
vn -0.2892 -0.9533 0.0869
vn -0.2886 -0.9515 0.1062
vn -0.2880 -0.9494 0.1254
vn -0.3812 -0.9204 0.0869
vn -0.3805 -0.9187 0.1062
vn -0.3797 -0.9166 0.1254
vn -0.4696 -0.8786 0.0869
vn -0.4687 -0.8769 0.1062
vn -0.4677 -0.8750 0.1254
vn -0.5535 -0.8283 0.0869
vn -0.5524 -0.8268 0.1062
vn -0.5512 -0.8249 0.1254
vn -0.6320 -0.7701 0.0869
vn -0.6308 -0.7686 0.1062
vn -0.6294 -0.7669 0.1254
vn -0.7044 -0.7044 0.0869
vn -0.7031 -0.7031 0.1062
vn -0.7015 -0.7015 0.1254
vn -0.7701 -0.6320 0.0869
vn -0.7686 -0.6308 0.1062
vn -0.7669 -0.6294 0.1254
vn -0.8283 -0.5535 0.0869
vn -0.8268 -0.5524 0.1062
vn -0.8249 -0.5512 0.1254
vn -0.8786 -0.4696 0.0869
vn -0.8769 -0.4687 0.1062
vn -0.8750 -0.4677 0.1254
vn -0.9204 -0.3812 0.0869
vn -0.9187 -0.3805 0.1062
vn -0.9166 -0.3797 0.1254
vn -0.9533 -0.2892 0.0869
vn -0.9515 -0.2886 0.1062
vn -0.9494 -0.2880 0.1254
vn -0.9771 -0.1944 0.0869
vn -0.9752 -0.1940 0.1062
vn -0.9730 -0.1936 0.1254
vn -0.9914 -0.0976 0.0869
vn -0.9896 -0.0975 0.1062
vn -0.9873 -0.0972 0.1254
vn -0.9962 -0.0000 0.0869
vn -0.9943 -0.0000 0.1062
vn -0.9921 -0.0000 0.1254
vn -0.9914 0.0976 0.0869
vn -0.9896 0.0975 0.1062
vn -0.9873 0.0972 0.1254
vn -0.9771 0.1944 0.0869
vn -0.9752 0.1940 0.1062
vn -0.9730 0.1936 0.1254
vn -0.9533 0.2892 0.0869
vn -0.9515 0.2886 0.1062
vn -0.9494 0.2880 0.1254
vn -0.9204 0.3812 0.0869
vn -0.9187 0.3805 0.1062
vn -0.9166 0.3797 0.1254
vn -0.8786 0.4696 0.0869
vn -0.8769 0.4687 0.1062
vn -0.8750 0.4677 0.1254
vn -0.8283 0.5535 0.0869
vn -0.8268 0.5524 0.1062
vn -0.8249 0.5512 0.1254
vn -0.7701 0.6320 0.0869
vn -0.7686 0.6308 0.1062
vn -0.7669 0.6294 0.1254
vn -0.7044 0.7044 0.0869
vn -0.7031 0.7031 0.1062
vn -0.7015 0.7015 0.1254
vn -0.6320 0.7701 0.0869
vn -0.6308 0.7686 0.1062
vn -0.6294 0.7669 0.1254
vn -0.5535 0.8283 0.0869
vn -0.5524 0.8268 0.1062
vn -0.5512 0.8249 0.1254
vn -0.4696 0.8786 0.0869
vn -0.4687 0.8769 0.1062
vn -0.4677 0.8750 0.1254
vn -0.3812 0.9204 0.0869
vn -0.3805 0.9187 0.1062
vn -0.3797 0.9166 0.1254
vn -0.2892 0.9533 0.0869
vn -0.2886 0.9515 0.1062
vn -0.2880 0.9494 0.1254
vn -0.1944 0.9771 0.0869
vn -0.1940 0.9752 0.1062
vn -0.1936 0.9730 0.1254
vn -0.0976 0.9914 0.0869
vn -0.0975 0.9896 0.1062
vn -0.0972 0.9873 0.1254
vn 0.0924 0.9382 -0.3334
vn -0.0000 0.9428 -0.3334
vn -0.0000 0.3902 -0.9207
vn 0.0382 0.3883 -0.9207
vn 0.1839 0.9247 -0.3334
vn 0.0761 0.3827 -0.9207
vn 0.2737 0.9022 -0.3334
vn 0.1133 0.3734 -0.9207
vn 0.3608 0.8710 -0.3334
vn 0.1493 0.3605 -0.9207
vn 0.4444 0.8314 -0.3334
vn 0.1839 0.3441 -0.9207
vn 0.5238 0.7839 -0.3334
vn 0.2168 0.3244 -0.9207
vn 0.5981 0.7288 -0.3334
vn 0.2475 0.3016 -0.9207
vn 0.6666 0.6666 -0.3334
vn 0.2759 0.2759 -0.9207
vn 0.7288 0.5981 -0.3334
vn 0.3016 0.2475 -0.9207
vn 0.7839 0.5238 -0.3334
vn 0.3244 0.2168 -0.9207
vn 0.8314 0.4444 -0.3334
vn 0.3441 0.1839 -0.9207
vn 0.8710 0.3608 -0.3334
vn 0.3605 0.1493 -0.9207
vn 0.9022 0.2737 -0.3334
vn 0.3734 0.1133 -0.9207
vn 0.9247 0.1839 -0.3334
vn 0.3827 0.0761 -0.9207
vn 0.9382 0.0924 -0.3334
vn 0.3883 0.0382 -0.9207
vn 0.9428 -0.0000 -0.3334
vn 0.3902 -0.0000 -0.9207
vn 0.9382 -0.0924 -0.3334
vn 0.3883 -0.0382 -0.9207
vn 0.9247 -0.1839 -0.3334
vn 0.3827 -0.0761 -0.9207
vn 0.9022 -0.2737 -0.3334
vn 0.3734 -0.1133 -0.9207
vn 0.8710 -0.3608 -0.3334
vn 0.3605 -0.1493 -0.9207
vn 0.8314 -0.4444 -0.3334
vn 0.3441 -0.1839 -0.9207
vn 0.7839 -0.5238 -0.3334
vn 0.3244 -0.2168 -0.9207
vn 0.7288 -0.5981 -0.3334
vn 0.3016 -0.2475 -0.9207
vn 0.6666 -0.6666 -0.3334
vn 0.2759 -0.2759 -0.9207
vn 0.5981 -0.7288 -0.3334
vn 0.2475 -0.3016 -0.9207
vn 0.5238 -0.7839 -0.3334
vn 0.2168 -0.3244 -0.9207
vn 0.4444 -0.8314 -0.3334
vn 0.1839 -0.3441 -0.9207
vn 0.3608 -0.8710 -0.3334
vn 0.1493 -0.3605 -0.9207
vn 0.2737 -0.9022 -0.3334
vn 0.1133 -0.3734 -0.9207
vn 0.1839 -0.9247 -0.3334
vn 0.0761 -0.3827 -0.9207
vn 0.0924 -0.9382 -0.3334
vn 0.0382 -0.3883 -0.9207
vn -0.0000 -0.9428 -0.3334
vn -0.0000 -0.3902 -0.9207
vn -0.0924 -0.9382 -0.3334
vn -0.0382 -0.3883 -0.9207
vn -0.1839 -0.9247 -0.3334
vn -0.0761 -0.3827 -0.9207
vn -0.2737 -0.9022 -0.3334
vn -0.1133 -0.3734 -0.9207
vn -0.3608 -0.8710 -0.3334
vn -0.1493 -0.3605 -0.9207
vn -0.4444 -0.8314 -0.3334
vn -0.1839 -0.3441 -0.9207
vn -0.5238 -0.7839 -0.3334
vn -0.2168 -0.3244 -0.9207
vn -0.5981 -0.7288 -0.3334
vn -0.2475 -0.3016 -0.9207
vn -0.6666 -0.6666 -0.3334
vn -0.2759 -0.2759 -0.9207
vn -0.7288 -0.5981 -0.3334
vn -0.3016 -0.2475 -0.9207
vn -0.7839 -0.5238 -0.3334
vn -0.3244 -0.2168 -0.9207
vn -0.8314 -0.4444 -0.3334
vn -0.3441 -0.1839 -0.9207
vn -0.8710 -0.3608 -0.3334
vn -0.3605 -0.1493 -0.9207
vn -0.9022 -0.2737 -0.3334
vn -0.3734 -0.1133 -0.9207
vn -0.9247 -0.1839 -0.3334
vn -0.3827 -0.0761 -0.9207
vn -0.9382 -0.0924 -0.3334
vn -0.3883 -0.0382 -0.9207
vn -0.9428 -0.0000 -0.3334
vn -0.3902 -0.0000 -0.9207
vn -0.9382 0.0924 -0.3334
vn -0.3883 0.0382 -0.9207
vn -0.9247 0.1839 -0.3334
vn -0.3827 0.0761 -0.9207
vn -0.9022 0.2737 -0.3334
vn -0.3734 0.1133 -0.9207
vn -0.8710 0.3608 -0.3334
vn -0.3605 0.1493 -0.9207
vn -0.8314 0.4444 -0.3334
vn -0.3441 0.1839 -0.9207
vn -0.7839 0.5238 -0.3334
vn -0.3244 0.2168 -0.9207
vn -0.7288 0.5981 -0.3334
vn -0.3016 0.2475 -0.9207
vn -0.6666 0.6666 -0.3334
vn -0.2759 0.2759 -0.9207
vn -0.5981 0.7288 -0.3334
vn -0.2475 0.3016 -0.9207
vn -0.5238 0.7839 -0.3334
vn -0.2168 0.3244 -0.9207
vn -0.4444 0.8314 -0.3334
vn -0.1839 0.3441 -0.9207
vn -0.3608 0.8710 -0.3334
vn -0.1493 0.3605 -0.9207
vn -0.2737 0.9022 -0.3334
vn -0.1133 0.3734 -0.9207
vn -0.1839 0.9247 -0.3334
vn -0.0761 0.3827 -0.9207
vn -0.0924 0.9382 -0.3334
vn -0.0382 0.3883 -0.9207
vn 0.0980 -0.9952 -0.0042
vn -0.0000 -1.0000 -0.0042
vn -0.0000 -0.9976 -0.0696
vn 0.0978 -0.9928 -0.0696
vn -0.0000 -0.0000 1.0000
vn -0.0314 -0.0130 0.9994
vn -0.0300 -0.0160 0.9994
vn -0.0980 -0.9952 -0.0042
vn -0.0978 -0.9928 -0.0696
vn -0.1951 -0.9808 -0.0042
vn -0.1946 -0.9784 -0.0696
vn 0.0160 -0.0300 0.9994
vn 0.0189 -0.0283 0.9994
vn -0.1931 -0.9707 -0.1431
vn -0.1929 -0.9696 -0.1505
vn -0.0969 -0.9839 -0.1505
vn -0.0970 -0.9849 -0.1431
vn -0.2903 -0.9569 -0.0042
vn -0.2896 -0.9546 -0.0696
vn 0.0189 0.0283 0.9994
vn 0.0160 0.0300 0.9994
vn -0.2873 -0.9471 -0.1431
vn -0.2870 -0.9460 -0.1505
vn -0.3827 -0.9239 -0.0042
vn -0.3818 -0.9216 -0.0696
vn -0.0339 0.0033 0.9994
vn -0.0340 -0.0000 0.9994
vn -0.3787 -0.9144 -0.1431
vn -0.3783 -0.9134 -0.1505
vn -0.4714 -0.8819 -0.0042
vn -0.4703 -0.8798 -0.0696
vn -0.4665 -0.8728 -0.1431
vn -0.4660 -0.8719 -0.1505
vn -0.5556 -0.8315 -0.0042
vn -0.5542 -0.8295 -0.0696
vn 0.0300 0.0160 0.9994
vn 0.0283 0.0189 0.9994
vn -0.5499 -0.8229 -0.1431
vn -0.5492 -0.8220 -0.1505
vn -0.6344 -0.7730 -0.0042
vn -0.6329 -0.7711 -0.0696
vn -0.0283 0.0189 0.9994
vn -0.0300 0.0160 0.9994
vn -0.6279 -0.7651 -0.1431
vn -0.6272 -0.7642 -0.1505
vn -0.7071 -0.7071 -0.0042
vn -0.7054 -0.7054 -0.0696
vn 0.0340 -0.0000 0.9994
vn 0.0339 0.0033 0.9994
vn -0.6998 -0.6998 -0.1431
vn -0.6991 -0.6991 -0.1505
vn -0.7730 -0.6344 -0.0042
vn -0.7711 -0.6329 -0.0696
vn -0.0160 0.0300 0.9994
vn -0.0189 0.0283 0.9994
vn -0.7651 -0.6279 -0.1431
vn -0.7642 -0.6272 -0.1505
vn -0.8315 -0.5556 -0.0042
vn -0.8295 -0.5542 -0.0696
vn -0.0189 -0.0283 0.9994
vn -0.0160 -0.0300 0.9994
vn -0.8229 -0.5499 -0.1431
vn -0.8220 -0.5492 -0.1505
vn -0.8819 -0.4714 -0.0042
vn -0.8798 -0.4703 -0.0696
vn 0.0300 -0.0160 0.9994
vn 0.0314 -0.0130 0.9994
vn -0.8728 -0.4665 -0.1431
vn -0.8719 -0.4660 -0.1505
vn -0.9239 -0.3827 -0.0042
vn -0.9216 -0.3818 -0.0696
vn -0.0000 0.0340 0.9994
vn -0.0033 0.0339 0.9994
vn -0.9144 -0.3787 -0.1431
vn -0.9134 -0.3783 -0.1505
vn -0.9569 -0.2903 -0.0042
vn -0.9546 -0.2896 -0.0696
vn -0.0283 -0.0189 0.9994
vn -0.9471 -0.2873 -0.1431
vn -0.9460 -0.2870 -0.1505
vn -0.9808 -0.1951 -0.0042
vn -0.9784 -0.1946 -0.0696
vn 0.0216 -0.0263 0.9994
vn -0.9707 -0.1931 -0.1431
vn -0.9696 -0.1929 -0.1505
vn -0.9952 -0.0980 -0.0042
vn -0.9928 -0.0978 -0.0696
vn 0.0130 0.0314 0.9994
vn -0.9849 -0.0970 -0.1431
vn -0.9839 -0.0969 -0.1505
vn -1.0000 -0.0000 -0.0042
vn -0.9976 -0.0000 -0.0696
vn -0.0339 -0.0033 0.9994
vn -0.9897 -0.0000 -0.1431
vn -0.9886 -0.0000 -0.1505
vn -0.9952 0.0980 -0.0042
vn -0.9928 0.0978 -0.0696
vn 0.0033 -0.0339 0.9994
vn 0.0066 -0.0334 0.9994
vn -0.9849 0.0970 -0.1431
vn -0.9839 0.0969 -0.1505
vn -0.9808 0.1951 -0.0042
vn -0.9784 0.1946 -0.0696
vn 0.0263 0.0216 0.9994
vn -0.9707 0.1931 -0.1431
vn -0.9696 0.1929 -0.1505
vn -0.9569 0.2903 -0.0042
vn -0.9546 0.2896 -0.0696
vn -0.0314 0.0130 0.9994
vn -0.9471 0.2873 -0.1431
vn -0.9460 0.2870 -0.1505
vn -0.9239 0.3827 -0.0042
vn -0.9216 0.3818 -0.0696
vn 0.0334 0.0066 0.9994
vn -0.9144 0.3787 -0.1431
vn -0.9134 0.3783 -0.1505
vn -0.8819 0.4714 -0.0042
vn -0.8798 0.4703 -0.0696
vn -0.0216 0.0263 0.9994
vn -0.8728 0.4665 -0.1431
vn -0.8719 0.4660 -0.1505
vn -0.8315 0.5556 -0.0042
vn -0.8295 0.5542 -0.0696
vn -0.0130 -0.0314 0.9994
vn -0.8229 0.5499 -0.1431
vn -0.8220 0.5492 -0.1505
vn -0.7730 0.6344 -0.0042
vn -0.7711 0.6329 -0.0696
vn 0.0326 -0.0099 0.9994
vn -0.7651 0.6279 -0.1431
vn -0.7642 0.6272 -0.1505
vn -0.7071 0.7071 -0.0042
vn -0.7054 0.7054 -0.0696
vn -0.0066 0.0334 0.9994
vn -0.6998 0.6998 -0.1431
vn -0.6991 0.6991 -0.1505
vn -0.6344 0.7730 -0.0042
vn -0.6329 0.7711 -0.0696
vn -0.0263 -0.0216 0.9994
vn -0.6279 0.7651 -0.1431
vn -0.6272 0.7642 -0.1505
vn -0.5556 0.8315 -0.0042
vn -0.5542 0.8295 -0.0696
vn 0.0241 -0.0241 0.9994
vn -0.5499 0.8229 -0.1431
vn -0.5492 0.8220 -0.1505
vn -0.4714 0.8819 -0.0042
vn -0.4703 0.8798 -0.0696
vn 0.0099 0.0326 0.9994
vn -0.4665 0.8728 -0.1431
vn -0.4660 0.8719 -0.1505
vn -0.3827 0.9239 -0.0042
vn -0.3818 0.9216 -0.0696
vn -0.0334 -0.0066 0.9994
vn -0.3787 0.9144 -0.1431
vn -0.3783 0.9134 -0.1505
vn -0.2903 0.9569 -0.0042
vn -0.2896 0.9546 -0.0696
vn 0.0099 -0.0326 0.9994
vn -0.2873 0.9471 -0.1431
vn -0.2870 0.9460 -0.1505
vn -0.1951 0.9808 -0.0042
vn -0.1946 0.9784 -0.0696
vn 0.0241 0.0241 0.9994
vn -0.1931 0.9707 -0.1431
vn -0.1929 0.9696 -0.1505
vn -0.0980 0.9952 -0.0042
vn -0.0978 0.9928 -0.0696
vn -0.0326 0.0099 0.9994
vn -0.0970 0.9849 -0.1431
vn -0.0969 0.9839 -0.1505
vn -0.0000 1.0000 -0.0042
vn -0.0000 0.9976 -0.0696
vn 0.0326 0.0099 0.9994
vn -0.0000 0.9897 -0.1431
vn -0.0000 0.9886 -0.1505
vn 0.0980 0.9952 -0.0042
vn 0.0978 0.9928 -0.0696
vn -0.0241 0.0241 0.9994
vn 0.0970 0.9849 -0.1431
vn 0.0969 0.9839 -0.1505
vn 0.1951 0.9808 -0.0042
vn 0.1946 0.9784 -0.0696
vn -0.0099 -0.0326 0.9994
vn 0.1931 0.9707 -0.1431
vn 0.1929 0.9696 -0.1505
vn 0.2903 0.9569 -0.0042
vn 0.2896 0.9546 -0.0696
vn 0.0334 -0.0066 0.9994
vn 0.2873 0.9471 -0.1431
vn 0.2870 0.9460 -0.1505
vn 0.3827 0.9239 -0.0042
vn 0.3818 0.9216 -0.0696
vn -0.0099 0.0326 0.9994
vn 0.3787 0.9144 -0.1431
vn 0.3783 0.9134 -0.1505
vn 0.4714 0.8819 -0.0042
vn 0.4703 0.8798 -0.0696
vn -0.0241 -0.0241 0.9994
vn 0.4665 0.8728 -0.1431
vn 0.4660 0.8719 -0.1505
vn 0.5556 0.8315 -0.0042
vn 0.5542 0.8295 -0.0696
vn 0.0263 -0.0216 0.9994
vn 0.5499 0.8229 -0.1431
vn 0.5492 0.8220 -0.1505
vn 0.6344 0.7730 -0.0042
vn 0.6329 0.7711 -0.0696
vn 0.0066 0.0334 0.9994
vn 0.6279 0.7651 -0.1431
vn 0.6272 0.7642 -0.1505
vn 0.7071 0.7071 -0.0042
vn 0.7054 0.7054 -0.0696
vn -0.0326 -0.0099 0.9994
vn 0.6998 0.6998 -0.1431
vn 0.6991 0.6991 -0.1505
vn 0.7730 0.6344 -0.0042
vn 0.7711 0.6329 -0.0696
vn 0.0130 -0.0314 0.9994
vn 0.7651 0.6279 -0.1431
vn 0.7642 0.6272 -0.1505
vn 0.8315 0.5556 -0.0042
vn 0.8295 0.5542 -0.0696
vn 0.0216 0.0263 0.9994
vn 0.8229 0.5499 -0.1431
vn 0.8220 0.5492 -0.1505
vn 0.8819 0.4714 -0.0042
vn 0.8798 0.4703 -0.0696
vn -0.0334 0.0066 0.9994
vn 0.8728 0.4665 -0.1431
vn 0.8719 0.4660 -0.1505
vn 0.9239 0.3827 -0.0042
vn 0.9216 0.3818 -0.0696
vn 0.0314 0.0130 0.9994
vn 0.9144 0.3787 -0.1431
vn 0.9134 0.3783 -0.1505
vn 0.9569 0.2903 -0.0042
vn 0.9546 0.2896 -0.0696
vn -0.0263 0.0216 0.9994
vn 0.9471 0.2873 -0.1431
vn 0.9460 0.2870 -0.1505
vn 0.9808 0.1951 -0.0042
vn 0.9784 0.1946 -0.0696
vn 0.0339 -0.0033 0.9994
vn 0.9707 0.1931 -0.1431
vn 0.9696 0.1929 -0.1505
vn 0.9952 0.0980 -0.0042
vn 0.9928 0.0978 -0.0696
vn -0.0130 0.0314 0.9994
vn 0.9849 0.0970 -0.1431
vn 0.9839 0.0969 -0.1505
vn 1.0000 -0.0000 -0.0042
vn 0.9976 -0.0000 -0.0696
vn -0.0066 -0.0334 0.9994
vn -0.0033 -0.0339 0.9994
vn 0.9897 -0.0000 -0.1431
vn 0.9886 -0.0000 -0.1505
vn 0.9952 -0.0980 -0.0042
vn 0.9928 -0.0978 -0.0696
vn -0.0216 -0.0263 0.9994
vn 0.9849 -0.0970 -0.1431
vn 0.9839 -0.0969 -0.1505
vn 0.9808 -0.1951 -0.0042
vn 0.9784 -0.1946 -0.0696
vn 0.9707 -0.1931 -0.1431
vn 0.9696 -0.1929 -0.1505
vn 0.9569 -0.2903 -0.0042
vn 0.9546 -0.2896 -0.0696
vn 0.0283 -0.0189 0.9994
vn 0.9471 -0.2873 -0.1431
vn 0.9460 -0.2870 -0.1505
vn 0.9239 -0.3827 -0.0042
vn 0.9216 -0.3818 -0.0696
vn 0.0033 0.0339 0.9994
vn 0.9144 -0.3787 -0.1431
vn 0.9134 -0.3783 -0.1505
vn 0.8819 -0.4714 -0.0042
vn 0.8798 -0.4703 -0.0696
vn 0.8728 -0.4665 -0.1431
vn 0.8719 -0.4660 -0.1505
vn 0.8315 -0.5556 -0.0042
vn 0.8295 -0.5542 -0.0696
vn 0.8229 -0.5499 -0.1431
vn 0.8220 -0.5492 -0.1505
vn 0.7730 -0.6344 -0.0042
vn 0.7711 -0.6329 -0.0696
vn 0.7651 -0.6279 -0.1431
vn 0.7642 -0.6272 -0.1505
vn 0.7071 -0.7071 -0.0042
vn 0.7054 -0.7054 -0.0696
vn 0.6998 -0.6998 -0.1431
vn 0.6991 -0.6991 -0.1505
vn 0.6344 -0.7730 -0.0042
vn 0.6329 -0.7711 -0.0696
vn 0.6279 -0.7651 -0.1431
vn 0.6272 -0.7642 -0.1505
vn 0.5556 -0.8315 -0.0042
vn 0.5542 -0.8295 -0.0696
vn 0.5499 -0.8229 -0.1431
vn 0.5492 -0.8220 -0.1505
vn 0.4714 -0.8819 -0.0042
vn 0.4703 -0.8798 -0.0696
vn 0.4665 -0.8728 -0.1431
vn 0.4660 -0.8719 -0.1505
vn 0.3827 -0.9239 -0.0042
vn 0.3818 -0.9216 -0.0696
vn 0.3787 -0.9144 -0.1431
vn 0.3783 -0.9134 -0.1505
vn 0.2903 -0.9569 -0.0042
vn 0.2896 -0.9546 -0.0696
vn 0.2873 -0.9471 -0.1431
vn 0.2870 -0.9460 -0.1505
vn 0.1951 -0.9808 -0.0042
vn 0.1946 -0.9784 -0.0696
vn 0.1931 -0.9707 -0.1431
vn 0.1929 -0.9696 -0.1505
vn 0.0970 -0.9849 -0.1431
vn 0.0969 -0.9839 -0.1505
vn -0.0000 -0.0340 0.9994
vn -0.0000 -0.9897 -0.1431
vn -0.0000 -0.9886 -0.1505
vn -0.0976 -0.9914 -0.0869
vn -0.0000 -0.9962 -0.0869
vn -0.0975 -0.9896 -0.1062
vn -0.0000 -0.9943 -0.1062
vn -0.0972 -0.9873 -0.1254
vn -0.0000 -0.9921 -0.1254
vn -0.1944 -0.9771 -0.0869
vn -0.1940 -0.9752 -0.1062
vn -0.1936 -0.9730 -0.1254
vn -0.2892 -0.9533 -0.0869
vn -0.2886 -0.9515 -0.1062
vn -0.2880 -0.9494 -0.1254
vn -0.3812 -0.9204 -0.0869
vn -0.3805 -0.9187 -0.1062
vn -0.3797 -0.9166 -0.1254
vn -0.4696 -0.8786 -0.0869
vn -0.4687 -0.8769 -0.1062
vn -0.4677 -0.8750 -0.1254
vn -0.5535 -0.8283 -0.0869
vn -0.5524 -0.8268 -0.1062
vn -0.5512 -0.8249 -0.1254
vn -0.6320 -0.7701 -0.0869
vn -0.6308 -0.7686 -0.1062
vn -0.6294 -0.7669 -0.1254
vn -0.7044 -0.7044 -0.0869
vn -0.7031 -0.7031 -0.1062
vn -0.7015 -0.7015 -0.1254
vn -0.7701 -0.6320 -0.0869
vn -0.7686 -0.6308 -0.1062
vn -0.7669 -0.6294 -0.1254
vn -0.8283 -0.5535 -0.0869
vn -0.8268 -0.5524 -0.1062
vn -0.8249 -0.5512 -0.1254
vn -0.8786 -0.4696 -0.0869
vn -0.8769 -0.4687 -0.1062
vn -0.8750 -0.4677 -0.1254
vn -0.9204 -0.3812 -0.0869
vn -0.9187 -0.3805 -0.1062
vn -0.9166 -0.3797 -0.1254
vn -0.9533 -0.2892 -0.0869
vn -0.9515 -0.2886 -0.1062
vn -0.9494 -0.2880 -0.1254
vn -0.9771 -0.1944 -0.0869
vn -0.9752 -0.1940 -0.1062
vn -0.9730 -0.1936 -0.1254
vn -0.9914 -0.0976 -0.0869
vn -0.9896 -0.0975 -0.1062
vn -0.9873 -0.0972 -0.1254
vn -0.9962 -0.0000 -0.0869
vn -0.9943 -0.0000 -0.1062
vn -0.9921 -0.0000 -0.1254
vn -0.9914 0.0976 -0.0869
vn -0.9896 0.0975 -0.1062
vn -0.9873 0.0972 -0.1254
vn -0.9771 0.1944 -0.0869
vn -0.9752 0.1940 -0.1062
vn -0.9730 0.1936 -0.1254
vn -0.9533 0.2892 -0.0869
vn -0.9515 0.2886 -0.1062
vn -0.9494 0.2880 -0.1254
vn -0.9204 0.3812 -0.0869
vn -0.9187 0.3805 -0.1062
vn -0.9166 0.3797 -0.1254
vn -0.8786 0.4696 -0.0869
vn -0.8769 0.4687 -0.1062
vn -0.8750 0.4677 -0.1254
vn -0.8283 0.5535 -0.0869
vn -0.8268 0.5524 -0.1062
vn -0.8249 0.5512 -0.1254
vn -0.7701 0.6320 -0.0869
vn -0.7686 0.6308 -0.1062
vn -0.7669 0.6294 -0.1254
vn -0.7044 0.7044 -0.0869
vn -0.7031 0.7031 -0.1062
vn -0.7015 0.7015 -0.1254
vn -0.6320 0.7701 -0.0869
vn -0.6308 0.7686 -0.1062
vn -0.6294 0.7669 -0.1254
vn -0.5535 0.8283 -0.0869
vn -0.5524 0.8268 -0.1062
vn -0.5512 0.8249 -0.1254
vn -0.4696 0.8786 -0.0869
vn -0.4687 0.8769 -0.1062
vn -0.4677 0.8750 -0.1254
vn -0.3812 0.9204 -0.0869
vn -0.3805 0.9187 -0.1062
vn -0.3797 0.9166 -0.1254
vn -0.2892 0.9533 -0.0869
vn -0.2886 0.9515 -0.1062
vn -0.2880 0.9494 -0.1254
vn -0.1944 0.9771 -0.0869
vn -0.1940 0.9752 -0.1062
vn -0.1936 0.9730 -0.1254
vn -0.0976 0.9914 -0.0869
vn -0.0975 0.9896 -0.1062
vn -0.0972 0.9873 -0.1254
vn -0.0000 0.9962 -0.0869
vn -0.0000 0.9943 -0.1062
vn -0.0000 0.9921 -0.1254
vn 0.0976 0.9914 -0.0869
vn 0.0975 0.9896 -0.1062
vn 0.0972 0.9873 -0.1254
vn 0.1944 0.9771 -0.0869
vn 0.1940 0.9752 -0.1062
vn 0.1936 0.9730 -0.1254
vn 0.2892 0.9533 -0.0869
vn 0.2886 0.9515 -0.1062
vn 0.2880 0.9494 -0.1254
vn 0.3812 0.9204 -0.0869
vn 0.3805 0.9187 -0.1062
vn 0.3797 0.9166 -0.1254
vn 0.4696 0.8786 -0.0869
vn 0.4687 0.8769 -0.1062
vn 0.4677 0.8750 -0.1254
vn 0.5535 0.8283 -0.0869
vn 0.5524 0.8268 -0.1062
vn 0.5512 0.8249 -0.1254
vn 0.6320 0.7701 -0.0869
vn 0.6308 0.7686 -0.1062
vn 0.6294 0.7669 -0.1254
vn 0.7044 0.7044 -0.0869
vn 0.7031 0.7031 -0.1062
vn 0.7015 0.7015 -0.1254
vn 0.7701 0.6320 -0.0869
vn 0.7686 0.6308 -0.1062
vn 0.7669 0.6294 -0.1254
vn 0.8283 0.5535 -0.0869
vn 0.8268 0.5524 -0.1062
vn 0.8249 0.5512 -0.1254
vn 0.8786 0.4696 -0.0869
vn 0.8769 0.4687 -0.1062
vn 0.8750 0.4677 -0.1254
vn 0.9204 0.3812 -0.0869
vn 0.9187 0.3805 -0.1062
vn 0.9166 0.3797 -0.1254
vn 0.9533 0.2892 -0.0869
vn 0.9515 0.2886 -0.1062
vn 0.9494 0.2880 -0.1254
vn 0.9771 0.1944 -0.0869
vn 0.9752 0.1940 -0.1062
vn 0.9730 0.1936 -0.1254
vn 0.9914 0.0976 -0.0869
vn 0.9896 0.0975 -0.1062
vn 0.9873 0.0972 -0.1254
vn 0.9962 -0.0000 -0.0869
vn 0.9943 -0.0000 -0.1062
vn 0.9921 -0.0000 -0.1254
vn 0.9914 -0.0976 -0.0869
vn 0.9896 -0.0975 -0.1062
vn 0.9873 -0.0972 -0.1254
vn 0.9771 -0.1944 -0.0869
vn 0.9752 -0.1940 -0.1062
vn 0.9730 -0.1936 -0.1254
vn 0.9533 -0.2892 -0.0869
vn 0.9515 -0.2886 -0.1062
vn 0.9494 -0.2880 -0.1254
vn 0.9204 -0.3812 -0.0869
vn 0.9187 -0.3805 -0.1062
vn 0.9166 -0.3797 -0.1254
vn 0.8786 -0.4696 -0.0869
vn 0.8769 -0.4687 -0.1062
vn 0.8750 -0.4677 -0.1254
vn 0.8283 -0.5535 -0.0869
vn 0.8268 -0.5524 -0.1062
vn 0.8249 -0.5512 -0.1254
vn 0.7701 -0.6320 -0.0869
vn 0.7686 -0.6308 -0.1062
vn 0.7669 -0.6294 -0.1254
vn 0.7044 -0.7044 -0.0869
vn 0.7031 -0.7031 -0.1062
vn 0.7015 -0.7015 -0.1254
vn 0.6320 -0.7701 -0.0869
vn 0.6308 -0.7686 -0.1062
vn 0.6294 -0.7669 -0.1254
vn 0.5535 -0.8283 -0.0869
vn 0.5524 -0.8268 -0.1062
vn 0.5512 -0.8249 -0.1254
vn 0.4696 -0.8786 -0.0869
vn 0.4687 -0.8769 -0.1062
vn 0.4677 -0.8750 -0.1254
vn 0.3812 -0.9204 -0.0869
vn 0.3805 -0.9187 -0.1062
vn 0.3797 -0.9166 -0.1254
vn 0.2892 -0.9533 -0.0869
vn 0.2886 -0.9515 -0.1062
vn 0.2880 -0.9494 -0.1254
vn 0.1944 -0.9771 -0.0869
vn 0.1940 -0.9752 -0.1062
vn 0.1936 -0.9730 -0.1254
vn 0.0976 -0.9914 -0.0869
vn 0.0975 -0.9896 -0.1062
vn 0.0972 -0.9873 -0.1254
vn -0.0000 -0.9985 0.0543
vn -0.0979 -0.9937 0.0543
vn -0.0000 -0.0674 0.9977
vn -0.0066 -0.0671 0.9977
vn -0.1948 -0.9793 0.0543
vn -0.0131 -0.0661 0.9977
vn -0.2899 -0.9555 0.0543
vn -0.0196 -0.0645 0.9977
vn -0.3821 -0.9225 0.0543
vn -0.0258 -0.0623 0.9977
vn -0.4707 -0.8806 0.0543
vn -0.0318 -0.0594 0.9977
vn -0.5547 -0.8302 0.0543
vn -0.0375 -0.0560 0.9977
vn -0.6335 -0.7719 0.0543
vn -0.0428 -0.0521 0.9977
vn -0.7061 -0.7061 0.0543
vn -0.0477 -0.0477 0.9977
vn -0.7719 -0.6335 0.0543
vn -0.0521 -0.0428 0.9977
vn -0.8302 -0.5548 0.0543
vn -0.0560 -0.0374 0.9977
vn -0.8806 -0.4707 0.0543
vn -0.0594 -0.0318 0.9977
vn -0.9225 -0.3821 0.0543
vn -0.0623 -0.0258 0.9977
vn -0.9555 -0.2899 0.0543
vn -0.0645 -0.0196 0.9977
vn -0.9793 -0.1948 0.0543
vn -0.0661 -0.0131 0.9977
vn -0.9937 -0.0979 0.0543
vn -0.0671 -0.0066 0.9977
vn -0.9985 -0.0000 0.0543
vn -0.0674 -0.0000 0.9977
vn -0.9937 0.0979 0.0543
vn -0.0671 0.0066 0.9977
vn -0.9793 0.1948 0.0543
vn -0.0661 0.0131 0.9977
vn -0.9555 0.2899 0.0543
vn -0.0645 0.0196 0.9977
vn -0.9225 0.3821 0.0543
vn -0.0623 0.0258 0.9977
vn -0.8806 0.4707 0.0543
vn -0.0594 0.0318 0.9977
vn -0.8302 0.5548 0.0543
vn -0.0560 0.0374 0.9977
vn -0.7719 0.6335 0.0543
vn -0.0521 0.0428 0.9977
vn -0.7061 0.7061 0.0543
vn -0.0477 0.0477 0.9977
vn -0.6335 0.7719 0.0543
vn -0.0428 0.0521 0.9977
vn -0.5547 0.8302 0.0543
vn -0.0374 0.0560 0.9977
vn -0.4707 0.8806 0.0543
vn -0.0318 0.0594 0.9977
vn -0.3821 0.9225 0.0543
vn -0.0258 0.0623 0.9977
vn -0.2899 0.9555 0.0543
vn -0.0196 0.0645 0.9977
vn -0.1948 0.9793 0.0543
vn -0.0131 0.0661 0.9977
vn -0.0979 0.9937 0.0543
vn -0.0066 0.0671 0.9977
vn -0.0000 0.9985 0.0543
vn -0.0000 0.0674 0.9977
vn 0.0979 0.9937 0.0543
vn 0.0066 0.0671 0.9977
vn 0.1948 0.9793 0.0543
vn 0.0131 0.0661 0.9977
vn 0.2899 0.9555 0.0543
vn 0.0196 0.0645 0.9977
vn 0.3821 0.9225 0.0543
vn 0.0258 0.0623 0.9977
vn 0.4707 0.8806 0.0543
vn 0.0318 0.0594 0.9977
vn 0.5547 0.8302 0.0543
vn 0.0375 0.0560 0.9977
vn 0.6335 0.7719 0.0543
vn 0.0428 0.0521 0.9977
vn 0.7061 0.7061 0.0543
vn 0.0477 0.0477 0.9977
vn 0.7719 0.6335 0.0543
vn 0.0521 0.0428 0.9977
vn 0.8302 0.5548 0.0543
vn 0.0560 0.0374 0.9977
vn 0.8806 0.4707 0.0543
vn 0.0594 0.0318 0.9977
vn 0.9225 0.3821 0.0543
vn 0.0623 0.0258 0.9977
vn 0.9555 0.2899 0.0543
vn 0.0645 0.0196 0.9977
vn 0.9793 0.1948 0.0543
vn 0.0661 0.0131 0.9977
vn 0.9937 0.0979 0.0543
vn 0.0671 0.0066 0.9977
vn 0.9985 -0.0000 0.0543
vn 0.0674 -0.0000 0.9977
vn 0.9937 -0.0979 0.0543
vn 0.0671 -0.0066 0.9977
vn 0.9793 -0.1948 0.0543
vn 0.0661 -0.0131 0.9977
vn 0.9555 -0.2899 0.0543
vn 0.0645 -0.0196 0.9977
vn 0.9225 -0.3821 0.0543
vn 0.0623 -0.0258 0.9977
vn 0.8806 -0.4707 0.0543
vn 0.0594 -0.0318 0.9977
vn 0.8302 -0.5548 0.0543
vn 0.0560 -0.0374 0.9977
vn 0.7719 -0.6335 0.0543
vn 0.0521 -0.0428 0.9977
vn 0.7061 -0.7061 0.0543
vn 0.0477 -0.0477 0.9977
vn 0.6335 -0.7719 0.0543
vn 0.0428 -0.0521 0.9977
vn 0.5547 -0.8302 0.0543
vn 0.0374 -0.0560 0.9977
vn 0.4707 -0.8806 0.0543
vn 0.0318 -0.0594 0.9977
vn 0.3821 -0.9225 0.0543
vn 0.0258 -0.0623 0.9977
vn 0.2899 -0.9555 0.0543
vn 0.0196 -0.0645 0.9977
vn 0.1948 -0.9793 0.0543
vn 0.0131 -0.0661 0.9977
vn 0.0979 -0.9937 0.0543
vn 0.0066 -0.0671 0.9977
vn -0.0000 -0.1505 0.9886
vn 0.0147 -0.1497 0.9886
vn 0.0294 -0.1476 0.9886
vn 0.0437 -0.1440 0.9886
vn 0.0576 -0.1390 0.9886
vn 0.0709 -0.1327 0.9886
vn 0.0836 -0.1251 0.9886
vn 0.0955 -0.1163 0.9886
vn 0.1064 -0.1064 0.9886
vn 0.1163 -0.0955 0.9886
vn 0.1251 -0.0836 0.9886
vn 0.1327 -0.0709 0.9886
vn 0.1390 -0.0576 0.9886
vn 0.1440 -0.0437 0.9886
vn 0.1476 -0.0294 0.9886
vn 0.1497 -0.0147 0.9886
vn 0.1505 -0.0000 0.9886
vn 0.1497 0.0147 0.9886
vn 0.1476 0.0294 0.9886
vn 0.1440 0.0437 0.9886
vn 0.1390 0.0576 0.9886
vn 0.1327 0.0709 0.9886
vn 0.1251 0.0836 0.9886
vn 0.1163 0.0955 0.9886
vn 0.1064 0.1064 0.9886
vn 0.0955 0.1163 0.9886
vn 0.0836 0.1251 0.9886
vn 0.0709 0.1327 0.9886
vn 0.0576 0.1390 0.9886
vn 0.0437 0.1440 0.9886
vn 0.0294 0.1476 0.9886
vn 0.0147 0.1497 0.9886
vn -0.0000 0.1505 0.9886
vn -0.0147 0.1497 0.9886
vn -0.0294 0.1476 0.9886
vn -0.0437 0.1440 0.9886
vn -0.0576 0.1390 0.9886
vn -0.0709 0.1327 0.9886
vn -0.0836 0.1251 0.9886
vn -0.0955 0.1163 0.9886
vn -0.1064 0.1064 0.9886
vn -0.1163 0.0955 0.9886
vn -0.1251 0.0836 0.9886
vn -0.1327 0.0709 0.9886
vn -0.1390 0.0576 0.9886
vn -0.1440 0.0437 0.9886
vn -0.1476 0.0294 0.9886
vn -0.1497 0.0147 0.9886
vn -0.1505 -0.0000 0.9886
vn -0.1497 -0.0147 0.9886
vn -0.1476 -0.0294 0.9886
vn -0.1440 -0.0437 0.9886
vn -0.1390 -0.0576 0.9886
vn -0.1327 -0.0709 0.9886
vn -0.1251 -0.0836 0.9886
vn -0.1163 -0.0955 0.9886
vn -0.1064 -0.1064 0.9886
vn -0.0955 -0.1163 0.9886
vn -0.0836 -0.1251 0.9886
vn -0.0709 -0.1327 0.9886
vn -0.0576 -0.1390 0.9886
vn -0.0437 -0.1440 0.9886
vn -0.0294 -0.1476 0.9886
vn -0.0147 -0.1497 0.9886
vt 0.015625 0.514621
vt 0.015625 0.796358
vt 0.000000 0.796358
vt 0.000000 0.514621
vt 0.750000 0.250000
vt 0.946484 0.355023
vt 0.955832 0.335259
vt 1.000000 0.514621
vt 1.000000 0.796358
vt 0.984375 0.796358
vt 0.984375 0.514621
vt 0.968750 0.796358
vt 0.968750 0.514621
vt 0.626224 0.435244
vt 0.644977 0.446484
vt 0.968750 1.000000
vt 0.984375 1.000000
vt 0.953125 0.796358
vt 0.953125 0.514621
vt 0.644977 0.053516
vt 0.626224 0.064756
vt 0.953125 1.000000
vt 0.937500 0.796358
vt 0.937500 0.514621
vt 0.972791 0.250000
vt 0.971718 0.228163
vt 0.937500 1.000000
vt 0.921875 0.796358
vt 0.921875 0.514621
vt 0.921875 1.000000
vt 0.921875 0.796358
vt 0.906250 0.796358
vt 0.906250 0.514621
vt 0.564756 0.126224
vt 0.553516 0.144977
vt 0.906250 1.000000
vt 0.906250 0.796358
vt 0.890625 0.796358
vt 0.890625 0.514621
vt 0.946484 0.144977
vt 0.935244 0.126224
vt 0.890625 1.000000
vt 0.890625 0.796358
vt 0.875000 0.796358
vt 0.875000 0.514621
vt 0.528282 0.228163
vt 0.527209 0.250000
vt 0.875000 1.000000
vt 0.875000 0.796358
vt 0.859375 0.796358
vt 0.859375 0.514621
vt 0.873776 0.064756
vt 0.855023 0.053516
vt 0.859375 1.000000
vt 0.859375 0.796358
vt 0.843750 0.796358
vt 0.843750 0.514621
vt 0.855023 0.446484
vt 0.873776 0.435244
vt 0.843750 1.000000
vt 0.843750 0.796358
vt 0.828125 0.796358
vt 0.828125 0.514621
vt 0.544168 0.335259
vt 0.553516 0.355023
vt 0.828125 1.000000
vt 0.812500 0.796358
vt 0.812500 0.514621
vt 0.771837 0.028282
vt 0.750000 0.027209
vt 0.812500 1.000000
vt 0.812500 1.000000
vt 0.796875 0.796358
vt 0.796875 0.514621
vt 0.935244 0.373776
vt 0.946484 0.355023
vt 0.796875 1.000000
vt 0.796875 1.000000
vt 0.781250 0.796358
vt 0.781250 0.514621
vt 0.608663 0.422220
vt 0.781250 1.000000
vt 0.765625 0.796358
vt 0.765625 0.514621
vt 0.664741 0.044168
vt 0.644977 0.053516
vt 0.765625 1.000000
vt 0.750000 0.796358
vt 0.750000 0.514621
vt 0.971718 0.271837
vt 0.750000 1.000000
vt 0.750000 0.796358
vt 0.734375 0.796358
vt 0.734375 0.514621
vt 0.706536 0.468510
vt 0.728163 0.471718
vt 0.734375 1.000000
vt 0.718750 0.796358
vt 0.718750 0.514621
vt 0.577780 0.108663
vt 0.718750 1.000000
vt 0.703125 0.796358
vt 0.703125 0.514621
vt 0.955832 0.164741
vt 0.946484 0.144977
vt 0.703125 1.000000
vt 0.687500 0.796358
vt 0.687500 0.514621
vt 0.531490 0.206536
vt 0.687500 1.000000
vt 0.671875 0.796358
vt 0.671875 0.514621
vt 0.891337 0.077780
vt 0.671875 1.000000
vt 0.671875 0.796358
vt 0.656250 0.796358
vt 0.656250 0.514621
vt 0.835259 0.455832
vt 0.855023 0.446484
vt 0.656250 1.000000
vt 0.656250 0.796358
vt 0.640625 0.796358
vt 0.640625 0.514621
vt 0.536802 0.314673
vt 0.544168 0.335259
vt 0.640625 1.000000
vt 0.640625 0.796358
vt 0.625000 0.796358
vt 0.625000 0.514621
vt 0.793464 0.031490
vt 0.771837 0.028282
vt 0.625000 1.000000
vt 0.625000 0.796358
vt 0.609375 0.796358
vt 0.609375 0.514621
vt 0.922220 0.391337
vt 0.609375 1.000000
vt 0.609375 0.796358
vt 0.593750 0.796358
vt 0.593750 0.514621
vt 0.592463 0.407537
vt 0.593750 1.000000
vt 0.593750 0.796358
vt 0.578125 0.796358
vt 0.578125 0.514621
vt 0.685327 0.036802
vt 0.664741 0.044168
vt 0.578125 1.000000
vt 0.562500 0.796358
vt 0.562500 0.514621
vt 0.968510 0.293464
vt 0.562500 1.000000
vt 0.546875 0.796358
vt 0.546875 0.514621
vt 0.685327 0.463198
vt 0.546875 1.000000
vt 0.531250 0.796358
vt 0.531250 0.514621
vt 0.592463 0.092463
vt 0.531250 1.000000
vt 0.515625 0.796358
vt 0.515625 0.514621
vt 0.963198 0.185327
vt 0.515625 1.000000
vt 0.500000 0.796358
vt 0.500000 0.514621
vt 0.536802 0.185327
vt 0.500000 1.000000
vt 0.500000 0.796358
vt 0.484375 0.796358
vt 0.484375 0.514621
vt 0.907537 0.092463
vt 0.484375 1.000000
vt 0.468750 0.796358
vt 0.468750 0.514621
vt 0.814673 0.463198
vt 0.835259 0.455832
vt 0.468750 1.000000
vt 0.453125 0.796358
vt 0.453125 0.514621
vt 0.531490 0.293464
vt 0.453125 1.000000
vt 0.437500 0.796358
vt 0.437500 0.514621
vt 0.814673 0.036802
vt 0.437500 1.000000
vt 0.421875 0.796358
vt 0.421875 0.514621
vt 0.907537 0.407537
vt 0.421875 1.000000
vt 0.421875 0.796358
vt 0.406250 0.796358
vt 0.406250 0.514621
vt 0.577780 0.391337
vt 0.406250 1.000000
vt 0.406250 0.796358
vt 0.390625 0.796358
vt 0.390625 0.514621
vt 0.706536 0.031490
vt 0.685327 0.036802
vt 0.390625 1.000000
vt 0.390625 0.796358
vt 0.375000 0.796358
vt 0.375000 0.514621
vt 0.963198 0.314673
vt 0.375000 1.000000
vt 0.375000 0.796358
vt 0.359375 0.796358
vt 0.359375 0.514621
vt 0.664741 0.455832
vt 0.359375 1.000000
vt 0.359375 0.796358
vt 0.343750 0.796358
vt 0.343750 0.514621
vt 0.608663 0.077780
vt 0.592463 0.092463
vt 0.343750 1.000000
vt 0.343750 0.796358
vt 0.328125 0.796358
vt 0.328125 0.514621
vt 0.968510 0.206536
vt 0.328125 1.000000
vt 0.312500 0.796358
vt 0.312500 0.514621
vt 0.544168 0.164741
vt 0.312500 1.000000
vt 0.296875 0.796358
vt 0.296875 0.514621
vt 0.922220 0.108663
vt 0.907537 0.092463
vt 0.296875 1.000000
vt 0.281250 0.796358
vt 0.281250 0.514621
vt 0.528282 0.271837
vt 0.281250 1.000000
vt 0.265625 0.796358
vt 0.265625 0.514621
vt 0.835259 0.044168
vt 0.814673 0.036802
vt 0.265625 1.000000
vt 0.250000 0.796358
vt 0.250000 0.514621
vt 0.771837 0.471718
vt 0.793464 0.468510
vt 0.250000 1.000000
vt 0.250000 0.796358
vt 0.234375 0.796358
vt 0.234375 0.514621
vt 0.891337 0.422220
vt 0.234375 1.000000
vt 0.218750 0.796358
vt 0.218750 0.514621
vt 0.218750 1.000000
vt 0.203125 0.796358
vt 0.203125 0.514621
vt 0.564756 0.373776
vt 0.203125 1.000000
vt 0.187500 0.796358
vt 0.187500 0.514621
vt 0.728163 0.028282
vt 0.187500 1.000000
vt 0.171875 0.796358
vt 0.171875 0.514621
vt 0.955832 0.335259
vt 0.171875 1.000000
vt 0.171875 0.796358
vt 0.156250 0.796358
vt 0.156250 0.514621
vt 0.644977 0.446484
vt 0.664741 0.455832
vt 0.156250 1.000000
vt 0.156250 0.796358
vt 0.140625 0.796358
vt 0.140625 0.514621
vt 0.140625 1.000000
vt 0.140625 0.796358
vt 0.125000 0.796358
vt 0.125000 0.514621
vt 0.125000 1.000000
vt 0.125000 0.796358
vt 0.109375 0.796358
vt 0.109375 0.514621
vt 0.109375 1.000000
vt 0.109375 0.796358
vt 0.093750 0.796358
vt 0.093750 0.514621
vt 0.553516 0.144977
vt 0.093750 1.000000
vt 0.093750 0.796358
vt 0.078125 0.796358
vt 0.078125 0.514621
vt 0.078125 1.000000
vt 0.062500 0.796358
vt 0.062500 0.514621
vt 0.527209 0.250000
vt 0.062500 1.000000
vt 0.046875 0.796358
vt 0.046875 0.514621
vt 0.855023 0.053516
vt 0.835259 0.044168
vt 0.046875 1.000000
vt 0.031250 0.796358
vt 0.031250 0.514621
vt 0.031250 1.000000
vt 0.553516 0.355023
vt 0.015625 1.000000
vt 0.750000 0.472791
vt 0.750000 0.027209
vt 0.728163 0.028282
vt 0.000000 1.000000
vt 0.999940 0.889728
vt 0.984375 0.889728
vt 0.999761 1.000000
vt 0.999932 1.000000
vt 1.000000 1.000000
vt 0.968750 0.889728
vt 0.968750 1.000000
vt 0.953125 0.889728
vt 0.937500 0.889728
vt 0.937500 1.000000
vt 0.921875 0.889728
vt 0.906250 0.889728
vt 0.890625 0.889728
vt 0.875000 0.889728
vt 0.859375 0.889728
vt 0.843750 0.889728
vt 0.828125 0.889728
vt 0.812500 0.889728
vt 0.796875 0.889728
vt 0.796875 1.000000
vt 0.781250 0.889728
vt 0.765625 0.889728
vt 0.765625 1.000000
vt 0.750000 0.889728
vt 0.734375 0.889728
vt 0.718750 0.889728
vt 0.703125 0.889728
vt 0.687500 0.889728
vt 0.687500 1.000000
vt 0.671875 0.889728
vt 0.671875 1.000000
vt 0.656250 0.889728
vt 0.640625 0.889728
vt 0.625000 0.889728
vt 0.609375 0.889728
vt 0.609375 1.000000
vt 0.593750 0.889728
vt 0.578125 0.889728
vt 0.562500 0.889728
vt 0.546875 0.889728
vt 0.531250 0.889728
vt 0.515625 0.889728
vt 0.500000 0.889728
vt 0.500000 1.000000
vt 0.484375 0.889728
vt 0.468750 0.889728
vt 0.453125 0.889728
vt 0.437500 0.889728
vt 0.437500 1.000000
vt 0.421875 0.889728
vt 0.421875 1.000000
vt 0.406250 0.889728
vt 0.390625 0.889728
vt 0.375000 0.889728
vt 0.359375 0.889728
vt 0.343750 0.889728
vt 0.328125 0.889728
vt 0.312500 0.889728
vt 0.296875 0.889728
vt 0.281250 0.889728
vt 0.265625 0.889728
vt 0.250000 0.889728
vt 0.250000 1.000000
vt 0.234375 0.889728
vt 0.234375 1.000000
vt 0.218750 0.889728
vt 0.203125 0.889728
vt 0.187500 0.889728
vt 0.187500 1.000000
vt 0.171875 0.889728
vt 0.171875 1.000000
vt 0.171875 1.000000
vt 0.156250 0.889728
vt 0.140625 0.889728
vt 0.140625 1.000000
vt 0.125000 0.889728
vt 0.109375 0.889728
vt 0.109375 1.000000
vt 0.109375 1.000000
vt 0.093750 0.889728
vt 0.078125 0.889728
vt 0.078125 1.000000
vt 0.062500 0.889728
vt 0.046875 0.889728
vt 0.046875 1.000000
vt 0.031250 0.889728
vt 0.031250 1.000000
vt 0.015625 0.889728
vt 0.015625 1.000000
vt 0.015625 1.000000
vt 0.000060 0.889728
vt 0.000239 1.000000
vt 0.000068 1.000000
vt 0.984549 0.500000
vt 0.999826 0.500000
vt 0.750262 0.489987
vt 0.773262 0.488857
vt 0.968924 0.500000
vt 0.984201 0.500000
vt 0.773784 0.488806
vt 0.796562 0.485427
vt 0.953299 0.500000
vt 0.968576 0.500000
vt 0.797076 0.485325
vt 0.819414 0.479729
vt 0.937674 0.500000
vt 0.952951 0.500000
vt 0.819915 0.479577
vt 0.841597 0.471820
vt 0.922049 0.500000
vt 0.937326 0.500000
vt 0.842081 0.471619
vt 0.862898 0.461773
vt 0.906424 0.500000
vt 0.921701 0.500000
vt 0.863360 0.461526
vt 0.883112 0.449688
vt 0.890799 0.500000
vt 0.906076 0.500000
vt 0.883548 0.449396
vt 0.902043 0.435679
vt 0.875174 0.500000
vt 0.890451 0.500000
vt 0.902449 0.435346
vt 0.919511 0.419882
vt 0.859549 0.500000
vt 0.874826 0.500000
vt 0.919882 0.419511
vt 0.935346 0.402449
vt 0.843924 0.500000
vt 0.859201 0.500000
vt 0.935679 0.402044
vt 0.949396 0.383548
vt 0.828299 0.500000
vt 0.843576 0.500000
vt 0.949688 0.383112
vt 0.961526 0.363360
vt 0.812674 0.500000
vt 0.827951 0.500000
vt 0.961773 0.362898
vt 0.971619 0.342081
vt 0.797049 0.500000
vt 0.812326 0.500000
vt 0.971820 0.341597
vt 0.979577 0.319916
vt 0.781424 0.500000
vt 0.796701 0.500000
vt 0.979729 0.319414
vt 0.985325 0.297076
vt 0.765799 0.500000
vt 0.781076 0.500000
vt 0.985427 0.296562
vt 0.988806 0.273784
vt 0.750174 0.500000
vt 0.765451 0.500000
vt 0.988857 0.273262
vt 0.989987 0.250262
vt 0.734549 0.500000
vt 0.749826 0.500000
vt 0.989987 0.249738
vt 0.988857 0.226738
vt 0.718924 0.500000
vt 0.734201 0.500000
vt 0.988806 0.226216
vt 0.985427 0.203438
vt 0.703299 0.500000
vt 0.718576 0.500000
vt 0.985325 0.202924
vt 0.979729 0.180586
vt 0.687674 0.500000
vt 0.702951 0.500000
vt 0.979577 0.180084
vt 0.971820 0.158403
vt 0.672049 0.500000
vt 0.687326 0.500000
vt 0.971619 0.157919
vt 0.961773 0.137102
vt 0.656424 0.500000
vt 0.671701 0.500000
vt 0.961526 0.136640
vt 0.949688 0.116888
vt 0.640799 0.500000
vt 0.656076 0.500000
vt 0.949396 0.116452
vt 0.935679 0.097956
vt 0.625174 0.500000
vt 0.640451 0.500000
vt 0.935346 0.097551
vt 0.919882 0.080489
vt 0.609549 0.500000
vt 0.624826 0.500000
vt 0.919511 0.080118
vt 0.902449 0.064654
vt 0.593924 0.500000
vt 0.609201 0.500000
vt 0.902044 0.064321
vt 0.883548 0.050604
vt 0.578299 0.500000
vt 0.593576 0.500000
vt 0.883112 0.050312
vt 0.863360 0.038474
vt 0.562674 0.500000
vt 0.577951 0.500000
vt 0.862898 0.038227
vt 0.842081 0.028381
vt 0.547049 0.500000
vt 0.562326 0.500000
vt 0.841597 0.028180
vt 0.819915 0.020423
vt 0.531424 0.500000
vt 0.546701 0.500000
vt 0.819414 0.020271
vt 0.797076 0.014675
vt 0.515799 0.500000
vt 0.531076 0.500000
vt 0.796562 0.014573
vt 0.773784 0.011194
vt 0.500174 0.500000
vt 0.515451 0.500000
vt 0.773262 0.011143
vt 0.750262 0.010013
vt 0.484549 0.500000
vt 0.499826 0.500000
vt 0.749738 0.010013
vt 0.726738 0.011143
vt 0.468924 0.500000
vt 0.484201 0.500000
vt 0.726216 0.011194
vt 0.703438 0.014573
vt 0.453299 0.500000
vt 0.468576 0.500000
vt 0.702924 0.014675
vt 0.680586 0.020271
vt 0.437674 0.500000
vt 0.452951 0.500000
vt 0.680084 0.020423
vt 0.658403 0.028180
vt 0.422049 0.500000
vt 0.437326 0.500000
vt 0.657919 0.028381
vt 0.637102 0.038227
vt 0.406424 0.500000
vt 0.421701 0.500000
vt 0.636640 0.038474
vt 0.616888 0.050312
vt 0.390799 0.500000
vt 0.406076 0.500000
vt 0.616452 0.050604
vt 0.597957 0.064321
vt 0.375174 0.500000
vt 0.390451 0.500000
vt 0.597551 0.064654
vt 0.580489 0.080118
vt 0.359549 0.500000
vt 0.374826 0.500000
vt 0.580118 0.080489
vt 0.564654 0.097551
vt 0.343924 0.500000
vt 0.359201 0.500000
vt 0.564321 0.097956
vt 0.550604 0.116452
vt 0.328299 0.500000
vt 0.343576 0.500000
vt 0.550312 0.116888
vt 0.538474 0.136640
vt 0.312674 0.500000
vt 0.327951 0.500000
vt 0.538227 0.137102
vt 0.528381 0.157919
vt 0.297049 0.500000
vt 0.312326 0.500000
vt 0.528180 0.158403
vt 0.520423 0.180084
vt 0.281424 0.500000
vt 0.296701 0.500000
vt 0.520271 0.180586
vt 0.514675 0.202924
vt 0.265799 0.500000
vt 0.281076 0.500000
vt 0.514573 0.203438
vt 0.511194 0.226216
vt 0.250174 0.500000
vt 0.265451 0.500000
vt 0.511143 0.226738
vt 0.510013 0.249738
vt 0.234549 0.500000
vt 0.249826 0.500000
vt 0.510013 0.250262
vt 0.511143 0.273262
vt 0.218924 0.500000
vt 0.234201 0.500000
vt 0.511194 0.273784
vt 0.514573 0.296562
vt 0.203299 0.500000
vt 0.218576 0.500000
vt 0.514675 0.297076
vt 0.520271 0.319414
vt 0.187674 0.500000
vt 0.202951 0.500000
vt 0.520423 0.319916
vt 0.528180 0.341597
vt 0.172049 0.500000
vt 0.187326 0.500000
vt 0.528381 0.342081
vt 0.538227 0.362898
vt 0.156424 0.500000
vt 0.171701 0.500000
vt 0.538474 0.363360
vt 0.550312 0.383112
vt 0.140799 0.500000
vt 0.156076 0.500000
vt 0.550604 0.383548
vt 0.564321 0.402044
vt 0.125174 0.500000
vt 0.140451 0.500000
vt 0.564654 0.402449
vt 0.580118 0.419511
vt 0.109549 0.500000
vt 0.124826 0.500000
vt 0.580489 0.419882
vt 0.597551 0.435346
vt 0.093924 0.500000
vt 0.109201 0.500000
vt 0.597956 0.435679
vt 0.616452 0.449396
vt 0.078299 0.500000
vt 0.093576 0.500000
vt 0.616888 0.449688
vt 0.636640 0.461526
vt 0.062674 0.500000
vt 0.077951 0.500000
vt 0.637102 0.461773
vt 0.657919 0.471619
vt 0.047049 0.500000
vt 0.062326 0.500000
vt 0.658403 0.471820
vt 0.680085 0.479577
vt 0.031424 0.500000
vt 0.046701 0.500000
vt 0.680586 0.479729
vt 0.702924 0.485325
vt 0.015799 0.500000
vt 0.031076 0.500000
vt 0.703438 0.485427
vt 0.726216 0.488806
vt 0.000174 0.500000
vt 0.015451 0.500000
vt 0.726738 0.488857
vt 0.749738 0.489987
vt 0.750000 0.472791
s 1
f 575/1/1 382/2/2 66/3/3 387/4/4
f 1/5/5 420/6/6 423/7/7
f 387/8/4 66/9/3 72/10/8 389/11/9
f 389/11/9 72/10/8 77/12/10 392/13/11
f 1/5/5 561/14/12 564/15/13
f 76/16/14 71/17/15 3/17/16 4/16/17
f 392/13/11 77/12/10 82/18/18 395/19/19
f 1/5/5 498/20/20 501/21/21
f 81/22/22 76/16/14 4/16/17 5/22/23
f 395/19/19 82/18/18 87/23/24 398/24/25
f 1/5/5 435/25/26 438/26/27
f 86/27/28 81/22/22 5/22/23 6/27/29
f 398/24/25 87/23/24 92/28/30 401/29/31
f 91/30/32 86/27/28 6/27/29 7/30/33
f 401/29/31 92/31/30 97/32/34 404/33/35
f 1/5/5 513/34/36 516/35/37
f 96/36/38 91/30/32 7/30/33 8/36/39
f 404/33/35 97/37/34 102/38/40 407/39/41
f 1/5/5 450/40/42 453/41/43
f 101/42/44 96/36/38 8/36/39 9/42/45
f 407/39/41 102/43/40 107/44/46 410/45/47
f 1/5/5 528/46/48 531/47/49
f 106/48/50 101/42/44 9/42/45 10/48/51
f 410/45/47 107/49/46 112/50/52 413/51/53
f 1/5/5 465/52/54 468/53/55
f 111/54/56 106/48/50 10/48/51 11/54/57
f 413/51/53 112/55/52 117/56/58 416/57/59
f 1/5/5 402/58/60 405/59/61
f 116/60/62 111/54/56 11/54/57 12/60/63
f 416/57/59 117/61/58 122/62/64 419/63/65
f 1/5/5 543/64/66 546/65/67
f 121/66/68 116/60/62 12/60/63 13/66/69
f 419/63/65 122/62/64 127/67/70 422/68/71
f 1/5/5 480/69/72 483/70/73
f 126/71/74 121/66/68 13/66/69 14/72/75
f 422/68/71 127/67/70 132/73/76 425/74/77
f 1/5/5 417/75/78 420/76/6
f 131/77/79 126/72/74 14/72/75 15/78/80
f 425/74/77 132/73/76 137/79/81 428/80/82
f 1/5/5 558/81/83 561/14/12
f 136/82/84 131/78/79 15/78/80 16/82/85
f 428/80/82 137/79/81 142/83/86 431/84/87
f 1/5/5 495/85/88 498/86/20
f 141/87/89 136/82/84 16/82/85 17/87/90
f 431/84/87 142/83/86 147/88/91 434/89/92
f 1/5/5 432/90/93 435/25/26
f 146/91/94 141/87/89 17/87/90 18/91/95
f 434/89/92 147/92/91 152/93/96 437/94/97
f 1/5/5 573/95/98 576/96/99
f 151/97/100 146/91/94 18/91/95 19/97/101
f 437/94/97 152/93/96 157/98/102 440/99/103
f 1/5/5 510/100/104 513/34/36
f 156/101/105 151/97/100 19/97/101 20/101/106
f 440/99/103 157/98/102 162/102/107 443/103/108
f 1/5/5 447/104/109 450/105/42
f 161/106/110 156/101/105 20/101/106 21/106/111
f 443/103/108 162/102/107 167/107/112 446/108/113
f 1/5/5 525/109/114 528/46/48
f 166/110/115 161/106/110 21/106/111 22/110/116
f 446/108/113 167/107/112 172/111/117 449/112/118
f 1/5/5 462/113/119 465/52/54
f 171/114/120 166/110/115 22/110/116 23/114/121
f 449/112/118 172/115/117 177/116/122 452/117/123
f 1/5/5 399/118/124 402/119/60
f 176/120/125 171/114/120 23/114/121 24/120/126
f 452/117/123 177/121/122 182/122/127 455/123/128
f 1/5/5 540/124/129 543/125/66
f 181/126/130 176/120/125 24/120/126 25/126/131
f 455/123/128 182/127/127 187/128/132 458/129/133
f 1/5/5 477/130/134 480/131/72
f 186/132/135 181/126/130 25/126/131 26/132/136
f 458/129/133 187/133/132 192/134/137 461/135/138
f 1/5/5 414/136/139 417/75/78
f 191/137/140 186/132/135 26/132/136 27/137/141
f 461/135/138 192/138/137 197/139/142 464/140/143
f 1/5/5 555/141/144 558/81/83
f 196/142/145 191/137/140 27/137/141 28/142/146
f 464/140/143 197/143/142 202/144/147 467/145/148
f 1/5/5 492/146/149 495/147/88
f 201/148/150 196/142/145 28/142/146 29/148/151
f 467/145/148 202/144/147 207/149/152 470/150/153
f 1/5/5 429/151/154 432/90/93
f 206/152/155 201/148/150 29/148/151 30/152/156
f 470/150/153 207/149/152 212/153/157 473/154/158
f 1/5/5 570/155/159 573/95/98
f 211/156/160 206/152/155 30/152/156 31/156/161
f 473/154/158 212/153/157 217/157/162 476/158/163
f 1/5/5 507/159/164 510/100/104
f 216/160/165 211/156/160 31/156/161 32/160/166
f 476/158/163 217/157/162 222/161/167 479/162/168
f 1/5/5 444/163/169 447/104/109
f 221/164/170 216/160/165 32/160/166 33/164/171
f 479/162/168 222/161/167 227/165/172 482/166/173
f 1/5/5 522/167/174 525/109/114
f 226/168/175 221/164/170 33/164/171 34/168/176
f 482/166/173 227/169/172 232/170/177 485/171/178
f 1/5/5 459/172/179 462/113/119
f 231/173/180 226/168/175 34/168/176 35/173/181
f 485/171/178 232/170/177 237/174/182 488/175/183
f 1/5/5 396/176/184 399/177/124
f 236/178/185 231/173/180 35/173/181 36/178/186
f 488/175/183 237/174/182 242/179/187 491/180/188
f 1/5/5 537/181/189 540/124/129
f 241/182/190 236/178/185 36/178/186 37/182/191
f 491/180/188 242/179/187 247/183/192 494/184/193
f 1/5/5 474/185/194 477/130/134
f 246/186/195 241/182/190 37/182/191 38/186/196
f 494/184/193 247/183/192 252/187/197 497/188/198
f 1/5/5 411/189/199 414/136/139
f 251/190/200 246/186/195 38/186/196 39/190/201
f 497/188/198 252/191/197 257/192/202 500/193/203
f 1/5/5 552/194/204 555/141/144
f 256/195/205 251/190/200 39/190/201 40/195/206
f 500/193/203 257/196/202 262/197/207 503/198/208
f 1/5/5 489/199/209 492/200/149
f 261/201/210 256/195/205 40/195/206 41/201/211
f 503/198/208 262/202/207 267/203/212 506/204/213
f 1/5/5 426/205/214 429/151/154
f 266/206/215 261/201/210 41/201/211 42/206/216
f 506/204/213 267/207/212 272/208/217 509/209/218
f 1/5/5 567/210/219 570/155/159
f 271/211/220 266/206/215 42/206/216 43/211/221
f 509/209/218 272/212/217 277/213/222 512/214/223
f 1/5/5 504/215/224 507/216/164
f 276/217/225 271/211/220 43/211/221 44/217/226
f 512/214/223 277/218/222 282/219/227 515/220/228
f 1/5/5 441/221/229 444/163/169
f 281/222/230 276/217/225 44/217/226 45/222/231
f 515/220/228 282/219/227 287/223/232 518/224/233
f 1/5/5 519/225/234 522/167/174
f 286/226/235 281/222/230 45/222/231 46/226/236
f 518/224/233 287/223/232 292/227/237 521/228/238
f 1/5/5 456/229/239 459/230/179
f 291/231/240 286/226/235 46/226/236 47/231/241
f 521/228/238 292/227/237 297/232/242 524/233/243
f 1/5/5 534/234/244 537/181/189
f 296/235/245 291/231/240 47/231/241 48/235/246
f 524/233/243 297/232/242 302/236/247 527/237/248
f 1/5/5 471/238/249 474/239/194
f 301/240/250 296/235/245 48/235/246 49/240/251
f 527/237/248 302/236/247 307/241/252 530/242/253
f 1/5/5 390/243/254 393/244/255
f 306/245/256 301/240/250 49/240/251 50/245/257
f 530/242/253 307/246/252 312/247/258 533/248/259
f 1/5/5 408/249/260 411/189/199
f 311/250/261 306/245/256 50/245/257 51/250/262
f 533/248/259 312/247/258 317/251/263 536/252/264
f 1/5/5 393/244/255 396/176/184
f 316/253/265 311/250/261 51/250/262 52/253/266
f 536/252/264 317/251/263 322/254/267 539/255/268
f 1/5/5 549/256/269 552/194/204
f 321/257/270 316/253/265 52/253/266 53/257/271
f 539/255/268 322/254/267 327/258/272 542/259/273
f 1/5/5 486/260/274 489/199/209
f 326/261/275 321/257/270 53/257/271 54/261/276
f 542/259/273 327/258/272 332/262/277 545/263/278
f 1/5/5 423/264/7 426/205/214
f 331/265/279 326/261/275 54/261/276 55/265/280
f 545/263/278 332/266/277 337/267/281 548/268/282
f 1/5/5 564/269/13 567/270/219
f 336/271/283 331/265/279 55/265/280 56/271/284
f 548/268/282 337/272/281 342/273/285 551/274/286
f 1/5/5 501/21/21 504/215/224
f 341/275/287 336/271/283 56/271/284 57/275/288
f 551/274/286 342/276/285 347/277/289 554/278/290
f 1/5/5 438/26/27 441/221/229
f 346/279/291 341/275/287 57/275/288 58/279/292
f 554/278/290 347/280/289 352/281/293 557/282/294
f 351/283/295 346/279/291 58/279/292 59/283/296
f 557/282/294 352/284/293 357/285/297 560/286/298
f 1/5/5 516/287/37 519/225/234
f 356/288/299 351/283/295 59/283/296 60/288/300
f 560/286/298 357/289/297 362/290/301 563/291/302
f 1/5/5 453/41/43 456/229/239
f 361/292/303 356/288/299 60/288/300 61/292/304
f 563/291/302 362/290/301 367/293/305 566/294/306
f 1/5/5 531/295/49 534/234/244
f 366/296/307 361/292/303 61/292/304 62/296/308
f 566/294/306 367/293/305 372/297/309 569/298/310
f 1/5/5 468/299/55 471/300/249
f 371/301/311 366/296/307 62/296/308 63/301/312
f 569/298/310 372/297/309 377/302/313 572/303/314
f 1/5/5 405/59/61 408/249/260
f 376/304/315 371/301/311 63/301/312 64/304/316
f 572/303/314 377/302/313 382/2/2 575/1/1
f 1/5/5 546/305/67 549/256/269
f 381/306/317 376/304/315 64/304/316 65/306/318
f 1/5/5 386/307/319 390/243/254
f 1/5/5 483/308/73 486/309/274
f 67/310/320 381/306/317 65/306/318 2/310/321
f 72/10/8 66/9/3 68/311/322 75/312/323
f 75/312/323 68/311/322 69/313/324 74/17/325
f 74/17/325 69/313/324 70/314/326 73/17/327
f 73/17/327 70/314/326 67/315/320 71/17/15
f 77/12/10 72/10/8 75/312/323 80/316/328
f 80/316/328 75/312/323 74/17/325 79/16/329
f 79/16/329 74/17/325 73/17/327 78/317/330
f 78/317/330 73/17/327 71/17/15 76/16/14
f 82/18/18 77/12/10 80/316/328 85/318/331
f 85/318/331 80/316/328 79/16/329 84/22/332
f 84/22/332 79/16/329 78/317/330 83/22/333
f 83/22/333 78/317/330 76/16/14 81/22/22
f 87/23/24 82/18/18 85/318/331 90/319/334
f 90/319/334 85/318/331 84/22/332 89/27/335
f 89/27/335 84/22/332 83/22/333 88/320/336
f 88/320/336 83/22/333 81/22/22 86/27/28
f 92/28/30 87/23/24 90/319/334 95/321/337
f 95/321/337 90/319/334 89/27/335 94/30/338
f 94/30/338 89/27/335 88/320/336 93/30/339
f 93/30/339 88/320/336 86/27/28 91/30/32
f 97/32/34 92/31/30 95/321/337 100/322/340
f 100/322/340 95/321/337 94/30/338 99/36/341
f 99/36/341 94/30/338 93/30/339 98/36/342
f 98/36/342 93/30/339 91/30/32 96/36/38
f 102/38/40 97/37/34 100/322/340 105/323/343
f 105/323/343 100/322/340 99/36/341 104/42/344
f 104/42/344 99/36/341 98/36/342 103/42/345
f 103/42/345 98/36/342 96/36/38 101/42/44
f 107/44/46 102/43/40 105/323/343 110/324/346
f 110/324/346 105/323/343 104/42/344 109/48/347
f 109/48/347 104/42/344 103/42/345 108/48/348
f 108/48/348 103/42/345 101/42/44 106/48/50
f 112/50/52 107/49/46 110/324/346 115/325/349
f 115/325/349 110/324/346 109/48/347 114/54/350
f 114/54/350 109/48/347 108/48/348 113/54/351
f 113/54/351 108/48/348 106/48/50 111/54/56
f 117/56/58 112/55/52 115/325/349 120/326/352
f 120/326/352 115/325/349 114/54/350 119/60/353
f 119/60/353 114/54/350 113/54/351 118/60/354
f 118/60/354 113/54/351 111/54/56 116/60/62
f 122/62/64 117/61/58 120/326/352 125/327/355
f 125/327/355 120/326/352 119/60/353 124/66/356
f 124/66/356 119/60/353 118/60/354 123/66/357
f 123/66/357 118/60/354 116/60/62 121/66/68
f 127/67/70 122/62/64 125/327/355 130/328/358
f 130/328/358 125/327/355 124/66/356 129/72/359
f 129/72/359 124/66/356 123/66/357 128/72/360
f 128/72/360 123/66/357 121/66/68 126/71/74
f 132/73/76 127/67/70 130/328/358 135/329/361
f 135/329/361 130/328/358 129/72/359 134/78/362
f 134/78/362 129/72/359 128/72/360 133/330/363
f 133/330/363 128/72/360 126/72/74 131/77/79
f 137/79/81 132/73/76 135/329/361 140/331/364
f 140/331/364 135/329/361 134/78/362 139/82/365
f 139/82/365 134/78/362 133/330/363 138/82/366
f 138/82/366 133/330/363 131/78/79 136/82/84
f 142/83/86 137/79/81 140/331/364 145/332/367
f 145/332/367 140/331/364 139/82/365 144/87/368
f 144/87/368 139/82/365 138/82/366 143/333/369
f 143/333/369 138/82/366 136/82/84 141/87/89
f 147/88/91 142/83/86 145/332/367 150/334/370
f 150/334/370 145/332/367 144/87/368 149/91/371
f 149/91/371 144/87/368 143/333/369 148/91/372
f 148/91/372 143/333/369 141/87/89 146/91/94
f 152/93/96 147/92/91 150/334/370 155/335/373
f 155/335/373 150/334/370 149/91/371 154/97/374
f 154/97/374 149/91/371 148/91/372 153/97/375
f 153/97/375 148/91/372 146/91/94 151/97/100
f 157/98/102 152/93/96 155/335/373 160/336/376
f 160/336/376 155/335/373 154/97/374 159/101/377
f 159/101/377 154/97/374 153/97/375 158/101/378
f 158/101/378 153/97/375 151/97/100 156/101/105
f 162/102/107 157/98/102 160/336/376 165/337/379
f 165/337/379 160/336/376 159/101/377 164/106/380
f 164/106/380 159/101/377 158/101/378 163/106/381
f 163/106/381 158/101/378 156/101/105 161/106/110
f 167/107/112 162/102/107 165/337/379 170/338/382
f 170/338/382 165/337/379 164/106/380 169/110/383
f 169/110/383 164/106/380 163/106/381 168/339/384
f 168/339/384 163/106/381 161/106/110 166/110/115
f 172/111/117 167/107/112 170/338/382 175/340/385
f 175/340/385 170/338/382 169/110/383 174/114/386
f 174/114/386 169/110/383 168/339/384 173/341/387
f 173/341/387 168/339/384 166/110/115 171/114/120
f 177/116/122 172/115/117 175/340/385 180/342/388
f 180/342/388 175/340/385 174/114/386 179/120/389
f 179/120/389 174/114/386 173/341/387 178/120/390
f 178/120/390 173/341/387 171/114/120 176/120/125
f 182/122/127 177/121/122 180/342/388 185/343/391
f 185/343/391 180/342/388 179/120/389 184/126/392
f 184/126/392 179/120/389 178/120/390 183/126/393
f 183/126/393 178/120/390 176/120/125 181/126/130
f 187/128/132 182/127/127 185/343/391 190/344/394
f 190/344/394 185/343/391 184/126/392 189/132/395
f 189/132/395 184/126/392 183/126/393 188/132/396
f 188/132/396 183/126/393 181/126/130 186/132/135
f 192/134/137 187/133/132 190/344/394 195/345/397
f 195/345/397 190/344/394 189/132/395 194/137/398
f 194/137/398 189/132/395 188/132/396 193/346/399
f 193/346/399 188/132/396 186/132/135 191/137/140
f 197/139/142 192/138/137 195/345/397 200/347/400
f 200/347/400 195/345/397 194/137/398 199/142/401
f 199/142/401 194/137/398 193/346/399 198/142/402
f 198/142/402 193/346/399 191/137/140 196/142/145
f 202/144/147 197/143/142 200/347/400 205/348/403
f 205/348/403 200/347/400 199/142/401 204/148/404
f 204/148/404 199/142/401 198/142/402 203/148/405
f 203/148/405 198/142/402 196/142/145 201/148/150
f 207/149/152 202/144/147 205/348/403 210/349/406
f 210/349/406 205/348/403 204/148/404 209/152/407
f 209/152/407 204/148/404 203/148/405 208/152/408
f 208/152/408 203/148/405 201/148/150 206/152/155
f 212/153/157 207/149/152 210/349/406 215/350/409
f 215/350/409 210/349/406 209/152/407 214/156/410
f 214/156/410 209/152/407 208/152/408 213/156/411
f 213/156/411 208/152/408 206/152/155 211/156/160
f 217/157/162 212/153/157 215/350/409 220/351/412
f 220/351/412 215/350/409 214/156/410 219/160/413
f 219/160/413 214/156/410 213/156/411 218/160/414
f 218/160/414 213/156/411 211/156/160 216/160/165
f 222/161/167 217/157/162 220/351/412 225/352/415
f 225/352/415 220/351/412 219/160/413 224/164/416
f 224/164/416 219/160/413 218/160/414 223/164/417
f 223/164/417 218/160/414 216/160/165 221/164/170
f 227/165/172 222/161/167 225/352/415 230/353/418
f 230/353/418 225/352/415 224/164/416 229/168/419
f 229/168/419 224/164/416 223/164/417 228/354/420
f 228/354/420 223/164/417 221/164/170 226/168/175
f 232/170/177 227/169/172 230/353/418 235/355/421
f 235/355/421 230/353/418 229/168/419 234/173/422
f 234/173/422 229/168/419 228/354/420 233/173/423
f 233/173/423 228/354/420 226/168/175 231/173/180
f 237/174/182 232/170/177 235/355/421 240/356/424
f 240/356/424 235/355/421 234/173/422 239/178/425
f 239/178/425 234/173/422 233/173/423 238/178/426
f 238/178/426 233/173/423 231/173/180 236/178/185
f 242/179/187 237/174/182 240/356/424 245/357/427
f 245/357/427 240/356/424 239/178/425 244/182/428
f 244/182/428 239/178/425 238/178/426 243/182/429
f 243/182/429 238/178/426 236/178/185 241/182/190
f 247/183/192 242/179/187 245/357/427 250/358/430
f 250/358/430 245/357/427 244/182/428 249/186/431
f 249/186/431 244/182/428 243/182/429 248/359/432
f 248/359/432 243/182/429 241/182/190 246/186/195
f 252/187/197 247/183/192 250/358/430 255/360/433
f 255/360/433 250/358/430 249/186/431 254/190/434
f 254/190/434 249/186/431 248/359/432 253/361/435
f 253/361/435 248/359/432 246/186/195 251/190/200
f 257/192/202 252/191/197 255/360/433 260/362/436
f 260/362/436 255/360/433 254/190/434 259/195/437
f 259/195/437 254/190/434 253/361/435 258/195/438
f 258/195/438 253/361/435 251/190/200 256/195/205
f 262/197/207 257/196/202 260/362/436 265/363/439
f 265/363/439 260/362/436 259/195/437 264/201/440
f 264/201/440 259/195/437 258/195/438 263/201/441
f 263/201/441 258/195/438 256/195/205 261/201/210
f 267/203/212 262/202/207 265/363/439 270/364/442
f 270/364/442 265/363/439 264/201/440 269/206/443
f 269/206/443 264/201/440 263/201/441 268/206/444
f 268/206/444 263/201/441 261/201/210 266/206/215
f 272/208/217 267/207/212 270/364/442 275/365/445
f 275/365/445 270/364/442 269/206/443 274/211/446
f 274/211/446 269/206/443 268/206/444 273/211/447
f 273/211/447 268/206/444 266/206/215 271/211/220
f 277/213/222 272/212/217 275/365/445 280/366/448
f 280/366/448 275/365/445 274/211/446 279/217/449
f 279/217/449 274/211/446 273/211/447 278/217/450
f 278/217/450 273/211/447 271/211/220 276/217/225
f 282/219/227 277/218/222 280/366/448 285/367/451
f 285/367/451 280/366/448 279/217/449 284/222/452
f 284/222/452 279/217/449 278/217/450 283/222/453
f 283/222/453 278/217/450 276/217/225 281/222/230
f 287/223/232 282/219/227 285/367/451 290/368/454
f 290/368/454 285/367/451 284/222/452 289/226/455
f 289/226/455 284/222/452 283/222/453 288/226/456
f 288/226/456 283/222/453 281/222/230 286/226/235
f 292/227/237 287/223/232 290/368/454 295/369/457
f 295/369/457 290/368/454 289/226/455 294/231/458
f 294/231/458 289/226/455 288/226/456 293/231/459
f 293/231/459 288/226/456 286/226/235 291/231/240
f 297/232/242 292/227/237 295/369/457 300/370/460
f 300/370/460 295/369/457 294/231/458 299/235/461
f 299/235/461 294/231/458 293/231/459 298/235/462
f 298/235/462 293/231/459 291/231/240 296/235/245
f 302/236/247 297/232/242 300/370/460 305/371/463
f 305/371/463 300/370/460 299/235/461 304/240/464
f 304/240/464 299/235/461 298/235/462 303/240/465
f 303/240/465 298/235/462 296/235/245 301/240/250
f 307/241/252 302/236/247 305/371/463 310/372/466
f 310/372/466 305/371/463 304/240/464 309/245/467
f 309/245/467 304/240/464 303/240/465 308/373/468
f 308/373/468 303/240/465 301/240/250 306/245/256
f 312/247/258 307/246/252 310/372/466 315/374/469
f 315/374/469 310/372/466 309/245/467 314/250/470
f 314/250/470 309/245/467 308/373/468 313/375/471
f 313/375/471 308/373/468 306/245/256 311/250/261
f 317/251/263 312/247/258 315/374/469 320/376/472
f 320/376/472 315/374/469 314/250/470 319/253/473
f 319/253/473 314/250/470 313/375/471 318/253/474
f 318/253/474 313/375/471 311/250/261 316/253/265
f 322/254/267 317/251/263 320/376/472 325/377/475
f 325/377/475 320/376/472 319/253/473 324/257/476
f 324/257/476 319/253/473 318/253/474 323/257/477
f 323/257/477 318/253/474 316/253/265 321/257/270
f 327/258/272 322/254/267 325/377/475 330/378/478
f 330/378/478 325/377/475 324/257/476 329/379/479
f 329/379/479 324/257/476 323/257/477 328/261/480
f 328/261/480 323/257/477 321/257/270 326/261/275
f 332/262/277 327/258/272 330/378/478 335/380/481
f 335/380/481 330/378/478 329/379/479 334/381/482
f 334/381/482 329/379/479 328/261/480 333/382/483
f 333/382/483 328/261/480 326/261/275 331/265/279
f 337/267/281 332/266/277 335/380/481 340/383/484
f 340/383/484 335/380/481 334/381/482 339/271/485
f 339/271/485 334/381/482 333/382/483 338/271/486
f 338/271/486 333/382/483 331/265/279 336/271/283
f 342/273/285 337/272/281 340/383/484 345/384/487
f 345/384/487 340/383/484 339/271/485 344/275/488
f 344/275/488 339/271/485 338/271/486 343/385/489
f 343/385/489 338/271/486 336/271/283 341/275/287
f 347/277/289 342/276/285 345/384/487 350/386/490
f 350/386/490 345/384/487 344/275/488 349/279/491
f 349/279/491 344/275/488 343/385/489 348/279/492
f 348/279/492 343/385/489 341/275/287 346/279/291
f 352/281/293 347/280/289 350/386/490 355/387/493
f 355/387/493 350/386/490 349/279/491 354/388/494
f 354/388/494 349/279/491 348/279/492 353/389/495
f 353/389/495 348/279/492 346/279/291 351/283/295
f 357/285/297 352/284/293 355/387/493 360/390/496
f 360/390/496 355/387/493 354/388/494 359/288/497
f 359/288/497 354/388/494 353/389/495 358/288/498
f 358/288/498 353/389/495 351/283/295 356/288/299
f 362/290/301 357/289/297 360/390/496 365/391/499
f 365/391/499 360/390/496 359/288/497 364/392/500
f 364/392/500 359/288/497 358/288/498 363/292/501
f 363/292/501 358/288/498 356/288/299 361/292/303
f 367/293/305 362/290/301 365/391/499 370/393/502
f 370/393/502 365/391/499 364/392/500 369/296/503
f 369/296/503 364/392/500 363/292/501 368/296/504
f 368/296/504 363/292/501 361/292/303 366/296/307
f 372/297/309 367/293/305 370/393/502 375/394/505
f 375/394/505 370/393/502 369/296/503 374/301/506
f 374/301/506 369/296/503 368/296/504 373/395/507
f 373/395/507 368/296/504 366/296/307 371/301/311
f 377/302/313 372/297/309 375/394/505 380/396/508
f 380/396/508 375/394/505 374/301/506 379/397/509
f 379/397/509 374/301/506 373/395/507 378/304/510
f 378/304/510 373/395/507 371/301/311 376/304/315
f 382/2/2 377/302/313 380/396/508 385/398/511
f 385/398/511 380/396/508 379/397/509 384/399/512
f 384/399/512 379/397/509 378/304/510 383/400/513
f 383/400/513 378/304/510 376/304/315 381/306/317
f 66/3/3 382/2/2 385/398/511 68/401/322
f 68/401/322 385/398/511 384/399/512 69/402/324
f 69/402/324 384/399/512 383/400/513 70/403/326
f 70/403/326 383/400/513 381/306/317 67/310/320
f 71/17/15 67/315/320 2/315/321 3/17/16
f 387/8/4 389/11/9 391/404/514 388/405/515
f 388/406/516 391/407/517 390/243/254 386/307/319
f 389/11/9 392/13/11 394/408/518 391/409/514
f 391/410/517 394/411/519 393/244/255 390/243/254
f 392/13/11 395/19/19 397/412/520 394/413/518
f 394/414/519 397/415/521 396/176/184 393/244/255
f 395/19/19 398/24/25 400/416/522 397/417/520
f 397/418/521 400/419/523 399/177/124 396/176/184
f 398/24/25 401/29/31 403/420/524 400/421/522
f 400/422/523 403/423/525 402/119/60 399/118/124
f 401/29/31 404/33/35 406/424/526 403/425/524
f 403/426/525 406/427/527 405/59/61 402/58/60
f 404/33/35 407/39/41 409/428/528 406/429/526
f 406/430/527 409/431/529 408/249/260 405/59/61
f 407/39/41 410/45/47 412/432/530 409/433/528
f 409/434/529 412/435/531 411/189/199 408/249/260
f 410/45/47 413/51/53 415/436/532 412/437/530
f 412/438/531 415/439/533 414/136/139 411/189/199
f 413/51/53 416/57/59 418/440/534 415/441/532
f 415/442/533 418/443/535 417/75/78 414/136/139
f 416/57/59 419/63/65 421/444/536 418/445/534
f 418/446/535 421/447/537 420/76/6 417/75/78
f 419/63/65 422/68/71 424/448/538 421/449/536
f 421/450/537 424/451/539 423/7/7 420/6/6
f 422/68/71 425/74/77 427/452/540 424/453/538
f 424/454/539 427/455/541 426/205/214 423/264/7
f 425/74/77 428/80/82 430/456/542 427/457/540
f 427/458/541 430/459/543 429/151/154 426/205/214
f 428/80/82 431/84/87 433/460/544 430/461/542
f 430/462/543 433/463/545 432/90/93 429/151/154
f 431/84/87 434/89/92 436/464/546 433/465/544
f 433/466/545 436/467/547 435/25/26 432/90/93
f 434/89/92 437/94/97 439/468/548 436/469/546
f 436/470/547 439/471/549 438/26/27 435/25/26
f 437/94/97 440/99/103 442/472/550 439/473/548
f 439/474/549 442/475/551 441/221/229 438/26/27
f 440/99/103 443/103/108 445/476/552 442/477/550
f 442/478/551 445/479/553 444/163/169 441/221/229
f 443/103/108 446/108/113 448/480/554 445/481/552
f 445/482/553 448/483/555 447/104/109 444/163/169
f 446/108/113 449/112/118 451/484/556 448/485/554
f 448/486/555 451/487/557 450/105/42 447/104/109
f 449/112/118 452/117/123 454/488/558 451/489/556
f 451/490/557 454/491/559 453/41/43 450/40/42
f 452/117/123 455/123/128 457/492/560 454/493/558
f 454/494/559 457/495/561 456/229/239 453/41/43
f 455/123/128 458/129/133 460/496/562 457/497/560
f 457/498/561 460/499/563 459/230/179 456/229/239
f 458/129/133 461/135/138 463/500/564 460/501/562
f 460/502/563 463/503/565 462/113/119 459/172/179
f 461/135/138 464/140/143 466/504/566 463/505/564
f 463/506/565 466/507/567 465/52/54 462/113/119
f 464/140/143 467/145/148 469/508/568 466/509/566
f 466/510/567 469/511/569 468/53/55 465/52/54
f 467/145/148 470/150/153 472/512/570 469/513/568
f 469/514/569 472/515/571 471/300/249 468/299/55
f 470/150/153 473/154/158 475/516/572 472/517/570
f 472/518/571 475/519/573 474/239/194 471/238/249
f 473/154/158 476/158/163 478/520/574 475/521/572
f 475/522/573 478/523/575 477/130/134 474/185/194
f 476/158/163 479/162/168 481/524/576 478/525/574
f 478/526/575 481/527/577 480/131/72 477/130/134
f 479/162/168 482/166/173 484/528/578 481/529/576
f 481/530/577 484/531/579 483/70/73 480/69/72
f 482/166/173 485/171/178 487/532/580 484/533/578
f 484/534/579 487/535/581 486/309/274 483/308/73
f 485/171/178 488/175/183 490/536/582 487/537/580
f 487/538/581 490/539/583 489/199/209 486/260/274
f 488/175/183 491/180/188 493/540/584 490/541/582
f 490/542/583 493/543/585 492/200/149 489/199/209
f 491/180/188 494/184/193 496/544/586 493/545/584
f 493/546/585 496/547/587 495/147/88 492/146/149
f 494/184/193 497/188/198 499/548/588 496/549/586
f 496/550/587 499/551/589 498/86/20 495/85/88
f 497/188/198 500/193/203 502/552/590 499/553/588
f 499/554/589 502/555/591 501/21/21 498/20/20
f 500/193/203 503/198/208 505/556/592 502/557/590
f 502/558/591 505/559/593 504/215/224 501/21/21
f 503/198/208 506/204/213 508/560/594 505/561/592
f 505/562/593 508/563/595 507/216/164 504/215/224
f 506/204/213 509/209/218 511/564/596 508/565/594
f 508/566/595 511/567/597 510/100/104 507/159/164
f 509/209/218 512/214/223 514/568/598 511/569/596
f 511/570/597 514/571/599 513/34/36 510/100/104
f 512/214/223 515/220/228 517/572/600 514/573/598
f 514/574/599 517/575/601 516/35/37 513/34/36
f 515/220/228 518/224/233 520/576/602 517/577/600
f 517/578/601 520/579/603 519/225/234 516/287/37
f 518/224/233 521/228/238 523/580/604 520/581/602
f 520/582/603 523/583/605 522/167/174 519/225/234
f 521/228/238 524/233/243 526/584/606 523/585/604
f 523/586/605 526/587/607 525/109/114 522/167/174
f 524/233/243 527/237/248 529/588/608 526/589/606
f 526/590/607 529/591/609 528/46/48 525/109/114
f 527/237/248 530/242/253 532/592/610 529/593/608
f 529/594/609 532/595/611 531/47/49 528/46/48
f 530/242/253 533/248/259 535/596/612 532/597/610
f 532/598/611 535/599/613 534/234/244 531/295/49
f 533/248/259 536/252/264 538/600/614 535/601/612
f 535/602/613 538/603/615 537/181/189 534/234/244
f 536/252/264 539/255/268 541/604/616 538/605/614
f 538/606/615 541/607/617 540/124/129 537/181/189
f 539/255/268 542/259/273 544/608/618 541/609/616
f 541/610/617 544/611/619 543/125/66 540/124/129
f 542/259/273 545/263/278 547/612/620 544/613/618
f 544/614/619 547/615/621 546/65/67 543/64/66
f 545/263/278 548/268/282 550/616/622 547/617/620
f 547/618/621 550/619/623 549/256/269 546/305/67
f 548/268/282 551/274/286 553/620/624 550/621/622
f 550/622/623 553/623/625 552/194/204 549/256/269
f 551/274/286 554/278/290 556/624/626 553/625/624
f 553/626/625 556/627/627 555/141/144 552/194/204
f 554/278/290 557/282/294 559/628/628 556/629/626
f 556/630/627 559/631/629 558/81/83 555/141/144
f 557/282/294 560/286/298 562/632/630 559/633/628
f 559/634/629 562/635/631 561/14/12 558/81/83
f 560/286/298 563/291/302 565/636/632 562/637/630
f 562/638/631 565/639/633 564/15/13 561/14/12
f 563/291/302 566/294/306 568/640/634 565/641/632
f 565/642/633 568/643/635 567/270/219 564/269/13
f 566/294/306 569/298/310 571/644/636 568/645/634
f 568/646/635 571/647/637 570/155/159 567/210/219
f 569/298/310 572/303/314 574/648/638 571/649/636
f 571/650/637 574/651/639 573/95/98 570/155/159
f 572/303/314 575/1/1 577/652/640 574/653/638
f 574/654/639 577/655/641 576/96/99 573/95/98
f 575/1/1 387/4/4 388/656/515 577/657/640
f 577/658/641 388/659/516 386/660/319 576/96/99
f 1/5/5 576/96/99 386/660/319
f 1152/1/642 964/4/643 643/3/644 959/2/645
f 578/5/646 1000/7/647 997/6/648
f 964/8/643 966/11/649 649/10/650 643/9/644
f 966/11/649 969/13/651 654/12/652 649/10/650
f 578/5/646 1141/15/653 1138/14/654
f 653/16/655 581/16/656 580/17/657 648/17/658
f 969/13/651 972/19/659 659/18/660 654/12/652
f 578/5/646 1078/21/661 1075/20/662
f 658/22/663 582/22/664 581/16/656 653/16/655
f 972/19/659 975/24/665 664/23/666 659/18/660
f 578/5/646 1015/26/667 1012/25/668
f 663/27/669 583/27/670 582/22/664 658/22/663
f 975/24/665 978/29/671 669/28/672 664/23/666
f 668/30/673 584/30/674 583/27/670 663/27/669
f 978/29/671 981/33/675 674/32/676 669/31/672
f 578/5/646 1093/35/677 1090/34/678
f 673/36/679 585/36/680 584/30/674 668/30/673
f 981/33/675 984/39/681 679/38/682 674/37/676
f 578/5/646 1030/41/683 1027/40/684
f 678/42/685 586/42/686 585/36/680 673/36/679
f 984/39/681 987/45/687 684/44/688 679/43/682
f 578/5/646 1108/47/689 1105/46/690
f 683/48/691 587/48/692 586/42/686 678/42/685
f 987/45/687 990/51/693 689/50/694 684/49/688
f 578/5/646 1045/53/695 1042/52/696
f 688/54/697 588/54/698 587/48/692 683/48/691
f 990/51/693 993/57/699 694/56/700 689/55/694
f 578/5/646 982/59/701 979/58/702
f 693/60/703 589/60/704 588/54/698 688/54/697
f 993/57/699 996/63/705 699/62/706 694/61/700
f 578/5/646 1123/65/707 1120/64/708
f 698/66/709 590/66/710 589/60/704 693/60/703
f 996/63/705 999/68/711 704/67/712 699/62/706
f 578/5/646 1060/70/713 1057/69/714
f 703/71/715 591/72/716 590/66/710 698/66/709
f 999/68/711 1002/74/717 709/73/718 704/67/712
f 578/5/646 997/76/648 994/75/719
f 708/77/720 592/78/721 591/72/716 703/72/715
f 1002/74/717 1005/80/722 714/79/723 709/73/718
f 578/5/646 1138/14/654 1135/81/724
f 713/82/725 593/82/726 592/78/721 708/78/720
f 1005/80/722 1008/84/727 719/83/728 714/79/723
f 578/5/646 1075/86/662 1072/85/729
f 718/87/730 594/87/731 593/82/726 713/82/725
f 1008/84/727 1011/89/732 724/88/733 719/83/728
f 578/5/646 1012/25/668 1009/90/734
f 723/91/735 595/91/736 594/87/731 718/87/730
f 1011/89/732 1014/94/737 729/93/738 724/92/733
f 578/5/646 1153/96/739 1150/95/740
f 728/97/741 596/97/742 595/91/736 723/91/735
f 1014/94/737 1017/99/743 734/98/744 729/93/738
f 578/5/646 1090/34/678 1087/100/745
f 733/101/746 597/101/747 596/97/742 728/97/741
f 1017/99/743 1020/103/748 739/102/749 734/98/744
f 578/5/646 1027/105/684 1024/104/750
f 738/106/751 598/106/752 597/101/747 733/101/746
f 1020/103/748 1023/108/753 744/107/754 739/102/749
f 578/5/646 1105/46/690 1102/109/755
f 743/110/756 599/110/757 598/106/752 738/106/751
f 1023/108/753 1026/112/758 749/111/759 744/107/754
f 578/5/646 1042/52/696 1039/113/760
f 748/114/761 600/114/762 599/110/757 743/110/756
f 1026/112/758 1029/117/763 754/116/764 749/115/759
f 578/5/646 979/119/702 976/118/765
f 753/120/766 601/120/767 600/114/762 748/114/761
f 1029/117/763 1032/123/768 759/122/769 754/121/764
f 578/5/646 1120/125/708 1117/124/770
f 758/126/771 602/126/772 601/120/767 753/120/766
f 1032/123/768 1035/129/773 764/128/774 759/127/769
f 578/5/646 1057/131/714 1054/130/775
f 763/132/776 603/132/777 602/126/772 758/126/771
f 1035/129/773 1038/135/778 769/134/779 764/133/774
f 578/5/646 994/75/719 991/136/780
f 768/137/781 604/137/782 603/132/777 763/132/776
f 1038/135/778 1041/140/783 774/139/784 769/138/779
f 578/5/646 1135/81/724 1132/141/785
f 773/142/786 605/142/787 604/137/782 768/137/781
f 1041/140/783 1044/145/788 779/144/789 774/143/784
f 578/5/646 1072/147/729 1069/146/790
f 778/148/791 606/148/792 605/142/787 773/142/786
f 1044/145/788 1047/150/793 784/149/794 779/144/789
f 578/5/646 1009/90/734 1006/151/795
f 783/152/796 607/152/797 606/148/792 778/148/791
f 1047/150/793 1050/154/798 789/153/799 784/149/794
f 578/5/646 1150/95/740 1147/155/800
f 788/156/801 608/156/802 607/152/797 783/152/796
f 1050/154/798 1053/158/803 794/157/804 789/153/799
f 578/5/646 1087/100/745 1084/159/805
f 793/160/806 609/160/807 608/156/802 788/156/801
f 1053/158/803 1056/162/808 799/161/809 794/157/804
f 578/5/646 1024/104/750 1021/163/810
f 798/164/811 610/164/812 609/160/807 793/160/806
f 1056/162/808 1059/166/813 804/165/814 799/161/809
f 578/5/646 1102/109/755 1099/167/815
f 803/168/816 611/168/817 610/164/812 798/164/811
f 1059/166/813 1062/171/818 809/170/819 804/169/814
f 578/5/646 1039/113/760 1036/172/820
f 808/173/821 612/173/822 611/168/817 803/168/816
f 1062/171/818 1065/175/823 814/174/824 809/170/819
f 578/5/646 976/177/765 973/176/825
f 813/178/826 613/178/827 612/173/822 808/173/821
f 1065/175/823 1068/180/828 819/179/829 814/174/824
f 578/5/646 1117/124/770 1114/181/830
f 818/182/831 614/182/832 613/178/827 813/178/826
f 1068/180/828 1071/184/833 824/183/834 819/179/829
f 578/5/646 1054/130/775 1051/185/835
f 823/186/836 615/186/837 614/182/832 818/182/831
f 1071/184/833 1074/188/838 829/187/839 824/183/834
f 578/5/646 991/136/780 988/189/840
f 828/190/841 616/190/842 615/186/837 823/186/836
f 1074/188/838 1077/193/843 834/192/844 829/191/839
f 578/5/646 1132/141/785 1129/194/845
f 833/195/846 617/195/847 616/190/842 828/190/841
f 1077/193/843 1080/198/848 839/197/849 834/196/844
f 578/5/646 1069/200/790 1066/199/850
f 838/201/851 618/201/852 617/195/847 833/195/846
f 1080/198/848 1083/204/853 844/203/854 839/202/849
f 578/5/646 1006/151/795 1003/205/855
f 843/206/856 619/206/857 618/201/852 838/201/851
f 1083/204/853 1086/209/858 849/208/859 844/207/854
f 578/5/646 1147/155/800 1144/210/860
f 848/211/861 620/211/862 619/206/857 843/206/856
f 1086/209/858 1089/214/863 854/213/864 849/212/859
f 578/5/646 1084/216/805 1081/215/865
f 853/217/866 621/217/867 620/211/862 848/211/861
f 1089/214/863 1092/220/868 859/219/869 854/218/864
f 578/5/646 1021/163/810 1018/221/870
f 858/222/871 622/222/872 621/217/867 853/217/866
f 1092/220/868 1095/224/873 864/223/874 859/219/869
f 578/5/646 1099/167/815 1096/225/875
f 863/226/876 623/226/877 622/222/872 858/222/871
f 1095/224/873 1098/228/878 869/227/879 864/223/874
f 578/5/646 1036/230/820 1033/229/880
f 868/231/881 624/231/882 623/226/877 863/226/876
f 1098/228/878 1101/233/883 874/232/884 869/227/879
f 578/5/646 1114/181/830 1111/234/885
f 873/235/886 625/235/887 624/231/882 868/231/881
f 1101/233/883 1104/237/888 879/236/889 874/232/884
f 578/5/646 1051/239/835 1048/238/890
f 878/240/891 626/240/892 625/235/887 873/235/886
f 1104/237/888 1107/242/893 884/241/894 879/236/889
f 578/5/646 970/244/895 967/243/896
f 883/245/897 627/245/898 626/240/892 878/240/891
f 1107/242/893 1110/248/899 889/247/900 884/246/894
f 578/5/646 988/189/840 985/249/901
f 888/250/902 628/250/903 627/245/898 883/245/897
f 1110/248/899 1113/252/904 894/251/905 889/247/900
f 578/5/646 973/176/825 970/244/895
f 893/253/906 629/253/907 628/250/903 888/250/902
f 1113/252/904 1116/255/908 899/254/909 894/251/905
f 578/5/646 1129/194/845 1126/256/910
f 898/257/911 630/257/912 629/253/907 893/253/906
f 1116/255/908 1119/259/913 904/258/914 899/254/909
f 578/5/646 1066/199/850 1063/260/915
f 903/261/916 631/261/917 630/257/912 898/257/911
f 1119/259/913 1122/263/918 909/262/919 904/258/914
f 578/5/646 1003/205/855 1000/264/647
f 908/265/920 632/265/921 631/261/917 903/261/916
f 1122/263/918 1125/268/922 914/267/923 909/266/919
f 578/5/646 1144/270/860 1141/269/653
f 913/271/924 633/271/925 632/265/921 908/265/920
f 1125/268/922 1128/274/926 919/273/927 914/272/923
f 578/5/646 1081/215/865 1078/21/661
f 918/275/928 634/275/929 633/271/925 913/271/924
f 1128/274/926 1131/278/930 924/277/931 919/276/927
f 578/5/646 1018/221/870 1015/26/667
f 923/279/932 635/279/933 634/275/929 918/275/928
f 1131/278/930 1134/282/934 929/281/935 924/280/931
f 928/283/936 636/283/937 635/279/933 923/279/932
f 1134/282/934 1137/286/938 934/285/939 929/284/935
f 578/5/646 1096/225/875 1093/287/677
f 933/288/940 637/288/941 636/283/937 928/283/936
f 1137/286/938 1140/291/942 939/290/943 934/289/939
f 578/5/646 1033/229/880 1030/41/683
f 938/292/944 638/292/945 637/288/941 933/288/940
f 1140/291/942 1143/294/946 944/293/947 939/290/943
f 578/5/646 1111/234/885 1108/295/689
f 943/296/948 639/296/949 638/292/945 938/292/944
f 1143/294/946 1146/298/950 949/297/951 944/293/947
f 578/5/646 1048/300/890 1045/299/695
f 948/301/952 640/301/953 639/296/949 943/296/948
f 1146/298/950 1149/303/954 954/302/955 949/297/951
f 578/5/646 985/249/901 982/59/701
f 953/304/956 641/304/957 640/301/953 948/301/952
f 1149/303/954 1152/1/642 959/2/645 954/302/955
f 578/5/646 1126/256/910 1123/305/707
f 958/306/958 642/306/959 641/304/957 953/304/956
f 578/5/646 967/243/896 963/307/960
f 578/5/646 1063/309/915 1060/308/713
f 644/310/961 579/310/962 642/306/959 958/306/958
f 649/10/650 652/312/963 645/311/964 643/9/644
f 652/312/963 651/17/965 646/313/966 645/311/964
f 651/17/965 650/17/967 647/314/968 646/313/966
f 650/17/967 648/17/658 644/315/961 647/314/968
f 654/12/652 657/316/969 652/312/963 649/10/650
f 657/316/969 656/16/970 651/17/965 652/312/963
f 656/16/970 655/317/971 650/17/967 651/17/965
f 655/317/971 653/16/655 648/17/658 650/17/967
f 659/18/660 662/318/972 657/316/969 654/12/652
f 662/318/972 661/22/973 656/16/970 657/316/969
f 661/22/973 660/22/974 655/317/971 656/16/970
f 660/22/974 658/22/663 653/16/655 655/317/971
f 664/23/666 667/319/975 662/318/972 659/18/660
f 667/319/975 666/27/976 661/22/973 662/318/972
f 666/27/976 665/320/977 660/22/974 661/22/973
f 665/320/977 663/27/669 658/22/663 660/22/974
f 669/28/672 672/321/978 667/319/975 664/23/666
f 672/321/978 671/30/979 666/27/976 667/319/975
f 671/30/979 670/30/980 665/320/977 666/27/976
f 670/30/980 668/30/673 663/27/669 665/320/977
f 674/32/676 677/322/981 672/321/978 669/31/672
f 677/322/981 676/36/982 671/30/979 672/321/978
f 676/36/982 675/36/983 670/30/980 671/30/979
f 675/36/983 673/36/679 668/30/673 670/30/980
f 679/38/682 682/323/984 677/322/981 674/37/676
f 682/323/984 681/42/985 676/36/982 677/322/981
f 681/42/985 680/42/986 675/36/983 676/36/982
f 680/42/986 678/42/685 673/36/679 675/36/983
f 684/44/688 687/324/987 682/323/984 679/43/682
f 687/324/987 686/48/988 681/42/985 682/323/984
f 686/48/988 685/48/989 680/42/986 681/42/985
f 685/48/989 683/48/691 678/42/685 680/42/986
f 689/50/694 692/325/990 687/324/987 684/49/688
f 692/325/990 691/54/991 686/48/988 687/324/987
f 691/54/991 690/54/992 685/48/989 686/48/988
f 690/54/992 688/54/697 683/48/691 685/48/989
f 694/56/700 697/326/993 692/325/990 689/55/694
f 697/326/993 696/60/994 691/54/991 692/325/990
f 696/60/994 695/60/995 690/54/992 691/54/991
f 695/60/995 693/60/703 688/54/697 690/54/992
f 699/62/706 702/327/996 697/326/993 694/61/700
f 702/327/996 701/66/997 696/60/994 697/326/993
f 701/66/997 700/66/998 695/60/995 696/60/994
f 700/66/998 698/66/709 693/60/703 695/60/995
f 704/67/712 707/328/999 702/327/996 699/62/706
f 707/328/999 706/72/1000 701/66/997 702/327/996
f 706/72/1000 705/72/1001 700/66/998 701/66/997
f 705/72/1001 703/71/715 698/66/709 700/66/998
f 709/73/718 712/329/1002 707/328/999 704/67/712
f 712/329/1002 711/78/1003 706/72/1000 707/328/999
f 711/78/1003 710/330/1004 705/72/1001 706/72/1000
f 710/330/1004 708/77/720 703/72/715 705/72/1001
f 714/79/723 717/331/1005 712/329/1002 709/73/718
f 717/331/1005 716/82/1006 711/78/1003 712/329/1002
f 716/82/1006 715/82/1007 710/330/1004 711/78/1003
f 715/82/1007 713/82/725 708/78/720 710/330/1004
f 719/83/728 722/332/1008 717/331/1005 714/79/723
f 722/332/1008 721/87/1009 716/82/1006 717/331/1005
f 721/87/1009 720/333/1010 715/82/1007 716/82/1006
f 720/333/1010 718/87/730 713/82/725 715/82/1007
f 724/88/733 727/334/1011 722/332/1008 719/83/728
f 727/334/1011 726/91/1012 721/87/1009 722/332/1008
f 726/91/1012 725/91/1013 720/333/1010 721/87/1009
f 725/91/1013 723/91/735 718/87/730 720/333/1010
f 729/93/738 732/335/1014 727/334/1011 724/92/733
f 732/335/1014 731/97/1015 726/91/1012 727/334/1011
f 731/97/1015 730/97/1016 725/91/1013 726/91/1012
f 730/97/1016 728/97/741 723/91/735 725/91/1013
f 734/98/744 737/336/1017 732/335/1014 729/93/738
f 737/336/1017 736/101/1018 731/97/1015 732/335/1014
f 736/101/1018 735/101/1019 730/97/1016 731/97/1015
f 735/101/1019 733/101/746 728/97/741 730/97/1016
f 739/102/749 742/337/1020 737/336/1017 734/98/744
f 742/337/1020 741/106/1021 736/101/1018 737/336/1017
f 741/106/1021 740/106/1022 735/101/1019 736/101/1018
f 740/106/1022 738/106/751 733/101/746 735/101/1019
f 744/107/754 747/338/1023 742/337/1020 739/102/749
f 747/338/1023 746/110/1024 741/106/1021 742/337/1020
f 746/110/1024 745/339/1025 740/106/1022 741/106/1021
f 745/339/1025 743/110/756 738/106/751 740/106/1022
f 749/111/759 752/340/1026 747/338/1023 744/107/754
f 752/340/1026 751/114/1027 746/110/1024 747/338/1023
f 751/114/1027 750/341/1028 745/339/1025 746/110/1024
f 750/341/1028 748/114/761 743/110/756 745/339/1025
f 754/116/764 757/342/1029 752/340/1026 749/115/759
f 757/342/1029 756/120/1030 751/114/1027 752/340/1026
f 756/120/1030 755/120/1031 750/341/1028 751/114/1027
f 755/120/1031 753/120/766 748/114/761 750/341/1028
f 759/122/769 762/343/1032 757/342/1029 754/121/764
f 762/343/1032 761/126/1033 756/120/1030 757/342/1029
f 761/126/1033 760/126/1034 755/120/1031 756/120/1030
f 760/126/1034 758/126/771 753/120/766 755/120/1031
f 764/128/774 767/344/1035 762/343/1032 759/127/769
f 767/344/1035 766/132/1036 761/126/1033 762/343/1032
f 766/132/1036 765/132/1037 760/126/1034 761/126/1033
f 765/132/1037 763/132/776 758/126/771 760/126/1034
f 769/134/779 772/345/1038 767/344/1035 764/133/774
f 772/345/1038 771/137/1039 766/132/1036 767/344/1035
f 771/137/1039 770/346/1040 765/132/1037 766/132/1036
f 770/346/1040 768/137/781 763/132/776 765/132/1037
f 774/139/784 777/347/1041 772/345/1038 769/138/779
f 777/347/1041 776/142/1042 771/137/1039 772/345/1038
f 776/142/1042 775/142/1043 770/346/1040 771/137/1039
f 775/142/1043 773/142/786 768/137/781 770/346/1040
f 779/144/789 782/348/1044 777/347/1041 774/143/784
f 782/348/1044 781/148/1045 776/142/1042 777/347/1041
f 781/148/1045 780/148/1046 775/142/1043 776/142/1042
f 780/148/1046 778/148/791 773/142/786 775/142/1043
f 784/149/794 787/349/1047 782/348/1044 779/144/789
f 787/349/1047 786/152/1048 781/148/1045 782/348/1044
f 786/152/1048 785/152/1049 780/148/1046 781/148/1045
f 785/152/1049 783/152/796 778/148/791 780/148/1046
f 789/153/799 792/350/1050 787/349/1047 784/149/794
f 792/350/1050 791/156/1051 786/152/1048 787/349/1047
f 791/156/1051 790/156/1052 785/152/1049 786/152/1048
f 790/156/1052 788/156/801 783/152/796 785/152/1049
f 794/157/804 797/351/1053 792/350/1050 789/153/799
f 797/351/1053 796/160/1054 791/156/1051 792/350/1050
f 796/160/1054 795/160/1055 790/156/1052 791/156/1051
f 795/160/1055 793/160/806 788/156/801 790/156/1052
f 799/161/809 802/352/1056 797/351/1053 794/157/804
f 802/352/1056 801/164/1057 796/160/1054 797/351/1053
f 801/164/1057 800/164/1058 795/160/1055 796/160/1054
f 800/164/1058 798/164/811 793/160/806 795/160/1055
f 804/165/814 807/353/1059 802/352/1056 799/161/809
f 807/353/1059 806/168/1060 801/164/1057 802/352/1056
f 806/168/1060 805/354/1061 800/164/1058 801/164/1057
f 805/354/1061 803/168/816 798/164/811 800/164/1058
f 809/170/819 812/355/1062 807/353/1059 804/169/814
f 812/355/1062 811/173/1063 806/168/1060 807/353/1059
f 811/173/1063 810/173/1064 805/354/1061 806/168/1060
f 810/173/1064 808/173/821 803/168/816 805/354/1061
f 814/174/824 817/356/1065 812/355/1062 809/170/819
f 817/356/1065 816/178/1066 811/173/1063 812/355/1062
f 816/178/1066 815/178/1067 810/173/1064 811/173/1063
f 815/178/1067 813/178/826 808/173/821 810/173/1064
f 819/179/829 822/357/1068 817/356/1065 814/174/824
f 822/357/1068 821/182/1069 816/178/1066 817/356/1065
f 821/182/1069 820/182/1070 815/178/1067 816/178/1066
f 820/182/1070 818/182/831 813/178/826 815/178/1067
f 824/183/834 827/358/1071 822/357/1068 819/179/829
f 827/358/1071 826/186/1072 821/182/1069 822/357/1068
f 826/186/1072 825/359/1073 820/182/1070 821/182/1069
f 825/359/1073 823/186/836 818/182/831 820/182/1070
f 829/187/839 832/360/1074 827/358/1071 824/183/834
f 832/360/1074 831/190/1075 826/186/1072 827/358/1071
f 831/190/1075 830/361/1076 825/359/1073 826/186/1072
f 830/361/1076 828/190/841 823/186/836 825/359/1073
f 834/192/844 837/362/1077 832/360/1074 829/191/839
f 837/362/1077 836/195/1078 831/190/1075 832/360/1074
f 836/195/1078 835/195/1079 830/361/1076 831/190/1075
f 835/195/1079 833/195/846 828/190/841 830/361/1076
f 839/197/849 842/363/1080 837/362/1077 834/196/844
f 842/363/1080 841/201/1081 836/195/1078 837/362/1077
f 841/201/1081 840/201/1082 835/195/1079 836/195/1078
f 840/201/1082 838/201/851 833/195/846 835/195/1079
f 844/203/854 847/364/1083 842/363/1080 839/202/849
f 847/364/1083 846/206/1084 841/201/1081 842/363/1080
f 846/206/1084 845/206/1085 840/201/1082 841/201/1081
f 845/206/1085 843/206/856 838/201/851 840/201/1082
f 849/208/859 852/365/1086 847/364/1083 844/207/854
f 852/365/1086 851/211/1087 846/206/1084 847/364/1083
f 851/211/1087 850/211/1088 845/206/1085 846/206/1084
f 850/211/1088 848/211/861 843/206/856 845/206/1085
f 854/213/864 857/366/1089 852/365/1086 849/212/859
f 857/366/1089 856/217/1090 851/211/1087 852/365/1086
f 856/217/1090 855/217/1091 850/211/1088 851/211/1087
f 855/217/1091 853/217/866 848/211/861 850/211/1088
f 859/219/869 862/367/1092 857/366/1089 854/218/864
f 862/367/1092 861/222/1093 856/217/1090 857/366/1089
f 861/222/1093 860/222/1094 855/217/1091 856/217/1090
f 860/222/1094 858/222/871 853/217/866 855/217/1091
f 864/223/874 867/368/1095 862/367/1092 859/219/869
f 867/368/1095 866/226/1096 861/222/1093 862/367/1092
f 866/226/1096 865/226/1097 860/222/1094 861/222/1093
f 865/226/1097 863/226/876 858/222/871 860/222/1094
f 869/227/879 872/369/1098 867/368/1095 864/223/874
f 872/369/1098 871/231/1099 866/226/1096 867/368/1095
f 871/231/1099 870/231/1100 865/226/1097 866/226/1096
f 870/231/1100 868/231/881 863/226/876 865/226/1097
f 874/232/884 877/370/1101 872/369/1098 869/227/879
f 877/370/1101 876/235/1102 871/231/1099 872/369/1098
f 876/235/1102 875/235/1103 870/231/1100 871/231/1099
f 875/235/1103 873/235/886 868/231/881 870/231/1100
f 879/236/889 882/371/1104 877/370/1101 874/232/884
f 882/371/1104 881/240/1105 876/235/1102 877/370/1101
f 881/240/1105 880/240/1106 875/235/1103 876/235/1102
f 880/240/1106 878/240/891 873/235/886 875/235/1103
f 884/241/894 887/372/1107 882/371/1104 879/236/889
f 887/372/1107 886/245/1108 881/240/1105 882/371/1104
f 886/245/1108 885/373/1109 880/240/1106 881/240/1105
f 885/373/1109 883/245/897 878/240/891 880/240/1106
f 889/247/900 892/374/1110 887/372/1107 884/246/894
f 892/374/1110 891/250/1111 886/245/1108 887/372/1107
f 891/250/1111 890/375/1112 885/373/1109 886/245/1108
f 890/375/1112 888/250/902 883/245/897 885/373/1109
f 894/251/905 897/376/1113 892/374/1110 889/247/900
f 897/376/1113 896/253/1114 891/250/1111 892/374/1110
f 896/253/1114 895/253/1115 890/375/1112 891/250/1111
f 895/253/1115 893/253/906 888/250/902 890/375/1112
f 899/254/909 902/377/1116 897/376/1113 894/251/905
f 902/377/1116 901/257/1117 896/253/1114 897/376/1113
f 901/257/1117 900/257/1118 895/253/1115 896/253/1114
f 900/257/1118 898/257/911 893/253/906 895/253/1115
f 904/258/914 907/378/1119 902/377/1116 899/254/909
f 907/378/1119 906/379/1120 901/257/1117 902/377/1116
f 906/379/1120 905/261/1121 900/257/1118 901/257/1117
f 905/261/1121 903/261/916 898/257/911 900/257/1118
f 909/262/919 912/380/1122 907/378/1119 904/258/914
f 912/380/1122 911/381/1123 906/379/1120 907/378/1119
f 911/381/1123 910/382/1124 905/261/1121 906/379/1120
f 910/382/1124 908/265/920 903/261/916 905/261/1121
f 914/267/923 917/383/1125 912/380/1122 909/266/919
f 917/383/1125 916/271/1126 911/381/1123 912/380/1122
f 916/271/1126 915/271/1127 910/382/1124 911/381/1123
f 915/271/1127 913/271/924 908/265/920 910/382/1124
f 919/273/927 922/384/1128 917/383/1125 914/272/923
f 922/384/1128 921/275/1129 916/271/1126 917/383/1125
f 921/275/1129 920/385/1130 915/271/1127 916/271/1126
f 920/385/1130 918/275/928 913/271/924 915/271/1127
f 924/277/931 927/386/1131 922/384/1128 919/276/927
f 927/386/1131 926/279/1132 921/275/1129 922/384/1128
f 926/279/1132 925/279/1133 920/385/1130 921/275/1129
f 925/279/1133 923/279/932 918/275/928 920/385/1130
f 929/281/935 932/387/1134 927/386/1131 924/280/931
f 932/387/1134 931/388/1135 926/279/1132 927/386/1131
f 931/388/1135 930/389/1136 925/279/1133 926/279/1132
f 930/389/1136 928/283/936 923/279/932 925/279/1133
f 934/285/939 937/390/1137 932/387/1134 929/284/935
f 937/390/1137 936/288/1138 931/388/1135 932/387/1134
f 936/288/1138 935/288/1139 930/389/1136 931/388/1135
f 935/288/1139 933/288/940 928/283/936 930/389/1136
f 939/290/943 942/391/1140 937/390/1137 934/289/939
f 942/391/1140 941/392/1141 936/288/1138 937/390/1137
f 941/392/1141 940/292/1142 935/288/1139 936/288/1138
f 940/292/1142 938/292/944 933/288/940 935/288/1139
f 944/293/947 947/393/1143 942/391/1140 939/290/943
f 947/393/1143 946/296/1144 941/392/1141 942/391/1140
f 946/296/1144 945/296/1145 940/292/1142 941/392/1141
f 945/296/1145 943/296/948 938/292/944 940/292/1142
f 949/297/951 952/394/1146 947/393/1143 944/293/947
f 952/394/1146 951/301/1147 946/296/1144 947/393/1143
f 951/301/1147 950/395/1148 945/296/1145 946/296/1144
f 950/395/1148 948/301/952 943/296/948 945/296/1145
f 954/302/955 957/396/1149 952/394/1146 949/297/951
f 957/396/1149 956/397/1150 951/301/1147 952/394/1146
f 956/397/1150 955/304/1151 950/395/1148 951/301/1147
f 955/304/1151 953/304/956 948/301/952 950/395/1148
f 959/2/645 962/398/1152 957/396/1149 954/302/955
f 962/398/1152 961/399/1153 956/397/1150 957/396/1149
f 961/399/1153 960/400/1154 955/304/1151 956/397/1150
f 960/400/1154 958/306/958 953/304/956 955/304/1151
f 643/3/644 645/401/964 962/398/1152 959/2/645
f 645/401/964 646/402/966 961/399/1153 962/398/1152
f 646/402/966 647/403/968 960/400/1154 961/399/1153
f 647/403/968 644/310/961 958/306/958 960/400/1154
f 648/17/658 580/17/657 579/315/962 644/315/961
f 964/8/643 965/405/1155 968/404/1156 966/11/649
f 965/406/1157 963/307/960 967/243/896 968/407/1158
f 966/11/649 968/409/1156 971/408/1159 969/13/651
f 968/410/1158 967/243/896 970/244/895 971/411/1160
f 969/13/651 971/413/1159 974/412/1161 972/19/659
f 971/414/1160 970/244/895 973/176/825 974/415/1162
f 972/19/659 974/417/1161 977/416/1163 975/24/665
f 974/418/1162 973/176/825 976/177/765 977/419/1164
f 975/24/665 977/421/1163 980/420/1165 978/29/671
f 977/422/1164 976/118/765 979/119/702 980/423/1166
f 978/29/671 980/425/1165 983/424/1167 981/33/675
f 980/426/1166 979/58/702 982/59/701 983/427/1168
f 981/33/675 983/429/1167 986/428/1169 984/39/681
f 983/430/1168 982/59/701 985/249/901 986/431/1170
f 984/39/681 986/433/1169 989/432/1171 987/45/687
f 986/434/1170 985/249/901 988/189/840 989/435/1172
f 987/45/687 989/437/1171 992/436/1173 990/51/693
f 989/438/1172 988/189/840 991/136/780 992/439/1174
f 990/51/693 992/441/1173 995/440/1175 993/57/699
f 992/442/1174 991/136/780 994/75/719 995/443/1176
f 993/57/699 995/445/1175 998/444/1177 996/63/705
f 995/446/1176 994/75/719 997/76/648 998/447/1178
f 996/63/705 998/449/1177 1001/448/1179 999/68/711
f 998/450/1178 997/6/648 1000/7/647 1001/451/1180
f 999/68/711 1001/453/1179 1004/452/1181 1002/74/717
f 1001/454/1180 1000/264/647 1003/205/855 1004/455/1182
f 1002/74/717 1004/457/1181 1007/456/1183 1005/80/722
f 1004/458/1182 1003/205/855 1006/151/795 1007/459/1184
f 1005/80/722 1007/461/1183 1010/460/1185 1008/84/727
f 1007/462/1184 1006/151/795 1009/90/734 1010/463/1186
f 1008/84/727 1010/465/1185 1013/464/1187 1011/89/732
f 1010/466/1186 1009/90/734 1012/25/668 1013/467/1188
f 1011/89/732 1013/469/1187 1016/468/1189 1014/94/737
f 1013/470/1188 1012/25/668 1015/26/667 1016/471/1190
f 1014/94/737 1016/473/1189 1019/472/1191 1017/99/743
f 1016/474/1190 1015/26/667 1018/221/870 1019/475/1192
f 1017/99/743 1019/477/1191 1022/476/1193 1020/103/748
f 1019/478/1192 1018/221/870 1021/163/810 1022/479/1194
f 1020/103/748 1022/481/1193 1025/480/1195 1023/108/753
f 1022/482/1194 1021/163/810 1024/104/750 1025/483/1196
f 1023/108/753 1025/485/1195 1028/484/1197 1026/112/758
f 1025/486/1196 1024/104/750 1027/105/684 1028/487/1198
f 1026/112/758 1028/489/1197 1031/488/1199 1029/117/763
f 1028/490/1198 1027/40/684 1030/41/683 1031/491/1200
f 1029/117/763 1031/493/1199 1034/492/1201 1032/123/768
f 1031/494/1200 1030/41/683 1033/229/880 1034/495/1202
f 1032/123/768 1034/497/1201 1037/496/1203 1035/129/773
f 1034/498/1202 1033/229/880 1036/230/820 1037/499/1204
f 1035/129/773 1037/501/1203 1040/500/1205 1038/135/778
f 1037/502/1204 1036/172/820 1039/113/760 1040/503/1206
f 1038/135/778 1040/505/1205 1043/504/1207 1041/140/783
f 1040/506/1206 1039/113/760 1042/52/696 1043/507/1208
f 1041/140/783 1043/509/1207 1046/508/1209 1044/145/788
f 1043/510/1208 1042/52/696 1045/53/695 1046/511/1210
f 1044/145/788 1046/513/1209 1049/512/1211 1047/150/793
f 1046/514/1210 1045/299/695 1048/300/890 1049/515/1212
f 1047/150/793 1049/517/1211 1052/516/1213 1050/154/798
f 1049/518/1212 1048/238/890 1051/239/835 1052/519/1214
f 1050/154/798 1052/521/1213 1055/520/1215 1053/158/803
f 1052/522/1214 1051/185/835 1054/130/775 1055/523/1216
f 1053/158/803 1055/525/1215 1058/524/1217 1056/162/808
f 1055/526/1216 1054/130/775 1057/131/714 1058/527/1218
f 1056/162/808 1058/529/1217 1061/528/1219 1059/166/813
f 1058/530/1218 1057/69/714 1060/70/713 1061/531/1220
f 1059/166/813 1061/533/1219 1064/532/1221 1062/171/818
f 1061/534/1220 1060/308/713 1063/309/915 1064/535/1222
f 1062/171/818 1064/537/1221 1067/536/1223 1065/175/823
f 1064/538/1222 1063/260/915 1066/199/850 1067/539/1224
f 1065/175/823 1067/541/1223 1070/540/1225 1068/180/828
f 1067/542/1224 1066/199/850 1069/200/790 1070/543/1226
f 1068/180/828 1070/545/1225 1073/544/1227 1071/184/833
f 1070/546/1226 1069/146/790 1072/147/729 1073/547/1228
f 1071/184/833 1073/549/1227 1076/548/1229 1074/188/838
f 1073/550/1228 1072/85/729 1075/86/662 1076/551/1230
f 1074/188/838 1076/553/1229 1079/552/1231 1077/193/843
f 1076/554/1230 1075/20/662 1078/21/661 1079/555/1232
f 1077/193/843 1079/557/1231 1082/556/1233 1080/198/848
f 1079/558/1232 1078/21/661 1081/215/865 1082/559/1234
f 1080/198/848 1082/561/1233 1085/560/1235 1083/204/853
f 1082/562/1234 1081/215/865 1084/216/805 1085/563/1236
f 1083/204/853 1085/565/1235 1088/564/1237 1086/209/858
f 1085/566/1236 1084/159/805 1087/100/745 1088/567/1238
f 1086/209/858 1088/569/1237 1091/568/1239 1089/214/863
f 1088/570/1238 1087/100/745 1090/34/678 1091/571/1240
f 1089/214/863 1091/573/1239 1094/572/1241 1092/220/868
f 1091/574/1240 1090/34/678 1093/35/677 1094/575/1242
f 1092/220/868 1094/577/1241 1097/576/1243 1095/224/873
f 1094/578/1242 1093/287/677 1096/225/875 1097/579/1244
f 1095/224/873 1097/581/1243 1100/580/1245 1098/228/878
f 1097/582/1244 1096/225/875 1099/167/815 1100/583/1246
f 1098/228/878 1100/585/1245 1103/584/1247 1101/233/883
f 1100/586/1246 1099/167/815 1102/109/755 1103/587/1248
f 1101/233/883 1103/589/1247 1106/588/1249 1104/237/888
f 1103/590/1248 1102/109/755 1105/46/690 1106/591/1250
f 1104/237/888 1106/593/1249 1109/592/1251 1107/242/893
f 1106/594/1250 1105/46/690 1108/47/689 1109/595/1252
f 1107/242/893 1109/597/1251 1112/596/1253 1110/248/899
f 1109/598/1252 1108/295/689 1111/234/885 1112/599/1254
f 1110/248/899 1112/601/1253 1115/600/1255 1113/252/904
f 1112/602/1254 1111/234/885 1114/181/830 1115/603/1256
f 1113/252/904 1115/605/1255 1118/604/1257 1116/255/908
f 1115/606/1256 1114/181/830 1117/124/770 1118/607/1258
f 1116/255/908 1118/609/1257 1121/608/1259 1119/259/913
f 1118/610/1258 1117/124/770 1120/125/708 1121/611/1260
f 1119/259/913 1121/613/1259 1124/612/1261 1122/263/918
f 1121/614/1260 1120/64/708 1123/65/707 1124/615/1262
f 1122/263/918 1124/617/1261 1127/616/1263 1125/268/922
f 1124/618/1262 1123/305/707 1126/256/910 1127/619/1264
f 1125/268/922 1127/621/1263 1130/620/1265 1128/274/926
f 1127/622/1264 1126/256/910 1129/194/845 1130/623/1266
f 1128/274/926 1130/625/1265 1133/624/1267 1131/278/930
f 1130/626/1266 1129/194/845 1132/141/785 1133/627/1268
f 1131/278/930 1133/629/1267 1136/628/1269 1134/282/934
f 1133/630/1268 1132/141/785 1135/81/724 1136/631/1270
f 1134/282/934 1136/633/1269 1139/632/1271 1137/286/938
f 1136/634/1270 1135/81/724 1138/14/654 1139/635/1272
f 1137/286/938 1139/637/1271 1142/636/1273 1140/291/942
f 1139/638/1272 1138/14/654 1141/15/653 1142/639/1274
f 1140/291/942 1142/641/1273 1145/640/1275 1143/294/946
f 1142/642/1274 1141/269/653 1144/270/860 1145/643/1276
f 1143/294/946 1145/645/1275 1148/644/1277 1146/298/950
f 1145/646/1276 1144/210/860 1147/155/800 1148/647/1278
f 1146/298/950 1148/649/1277 1151/648/1279 1149/303/954
f 1148/650/1278 1147/155/800 1150/95/740 1151/651/1280
f 1149/303/954 1151/653/1279 1154/652/1281 1152/1/642
f 1151/654/1280 1150/95/740 1153/96/739 1154/655/1282
f 1152/1/642 1154/657/1281 965/656/1155 964/4/643
f 1154/658/1282 1153/96/739 963/660/960 965/659/1157
f 578/5/646 963/660/960 1153/96/739
f 2/310/1283 65/306/1284 642/306/1284 579/310/1283
f 65/306/1284 64/304/1285 641/304/1285 642/306/1284
f 64/304/1285 63/301/1286 640/301/1286 641/304/1285
f 63/301/1286 62/296/1287 639/296/1287 640/301/1286
f 62/296/1287 61/292/1288 638/292/1288 639/296/1287
f 61/292/1288 60/288/1289 637/288/1289 638/292/1288
f 60/288/1289 59/283/1290 636/283/1290 637/288/1289
f 59/283/1290 58/279/1291 635/279/1291 636/283/1290
f 58/279/1291 57/275/1292 634/275/1292 635/279/1291
f 57/275/1292 56/271/1293 633/271/1293 634/275/1292
f 56/271/1293 55/265/1294 632/265/1294 633/271/1293
f 55/265/1294 54/261/1295 631/261/1295 632/265/1294
f 54/261/1295 53/257/1296 630/257/1296 631/261/1295
f 53/257/1296 52/253/1297 629/253/1297 630/257/1296
f 52/253/1297 51/250/1298 628/250/1298 629/253/1297
f 51/250/1298 50/245/1299 627/245/1299 628/250/1298
f 50/245/1299 49/240/1300 626/240/1300 627/245/1299
f 49/240/1300 48/235/1301 625/235/1301 626/240/1300
f 48/235/1301 47/231/1302 624/231/1302 625/235/1301
f 47/231/1302 46/226/1303 623/226/1303 624/231/1302
f 46/226/1303 45/222/1304 622/222/1304 623/226/1303
f 45/222/1304 44/217/1305 621/217/1305 622/222/1304
f 44/217/1305 43/211/1306 620/211/1306 621/217/1305
f 43/211/1306 42/206/1307 619/206/1307 620/211/1306
f 42/206/1307 41/201/1308 618/201/1308 619/206/1307
f 41/201/1308 40/195/1309 617/195/1309 618/201/1308
f 40/195/1309 39/190/1310 616/190/1310 617/195/1309
f 39/190/1310 38/186/1311 615/186/1311 616/190/1310
f 38/186/1311 37/182/1312 614/182/1312 615/186/1311
f 37/182/1312 36/178/1313 613/178/1313 614/182/1312
f 36/178/1313 35/173/1314 612/173/1314 613/178/1313
f 35/173/1314 34/168/1315 611/168/1315 612/173/1314
f 34/168/1315 33/164/1316 610/164/1316 611/168/1315
f 33/164/1316 32/160/1317 609/160/1317 610/164/1316
f 32/160/1317 31/156/1318 608/156/1318 609/160/1317
f 31/156/1318 30/152/1319 607/152/1319 608/156/1318
f 30/152/1319 29/148/1320 606/148/1320 607/152/1319
f 29/148/1320 28/142/1321 605/142/1321 606/148/1320
f 28/142/1321 27/137/1322 604/137/1322 605/142/1321
f 27/137/1322 26/132/1323 603/132/1323 604/137/1322
f 26/132/1323 25/126/1324 602/126/1324 603/132/1323
f 25/126/1324 24/120/1325 601/120/1325 602/126/1324
f 24/120/1325 23/114/1326 600/114/1326 601/120/1325
f 23/114/1326 22/110/1327 599/110/1327 600/114/1326
f 22/110/1327 21/106/1328 598/106/1328 599/110/1327
f 21/106/1328 20/101/1329 597/101/1329 598/106/1328
f 20/101/1329 19/97/1330 596/97/1330 597/101/1329
f 19/97/1330 18/91/1331 595/91/1331 596/97/1330
f 18/91/1331 17/87/1332 594/87/1332 595/91/1331
f 17/87/1332 16/82/1333 593/82/1333 594/87/1332
f 16/82/1333 15/78/1334 592/78/1334 593/82/1333
f 15/78/1334 14/72/1335 591/72/1335 592/78/1334
f 14/72/1335 13/66/1336 590/66/1336 591/72/1335
f 13/66/1336 12/60/1337 589/60/1337 590/66/1336
f 12/60/1337 11/54/1338 588/54/1338 589/60/1337
f 11/54/1338 10/48/1339 587/48/1339 588/54/1338
f 10/48/1339 9/42/1340 586/42/1340 587/48/1339
f 9/42/1340 8/36/1341 585/36/1341 586/42/1340
f 8/36/1341 7/30/1342 584/30/1342 585/36/1341
f 7/30/1342 6/27/1343 583/27/1343 584/30/1342
f 6/27/1343 5/22/1344 582/22/1344 583/27/1343
f 5/22/1344 4/16/1345 581/16/1345 582/22/1344
f 4/16/1345 3/17/1346 580/17/1346 581/16/1345
f 3/17/1346 2/315/1283 579/315/1283 580/17/1346
