# Blender 3.6.4
# www.blender.org
mtllib wine_glass_2023.mtl
o Cylinder
v -0.000000 0.000000 -0.008115
v -0.000000 0.004775 -0.008115
v 0.000468 0.004752 -0.008115
v 0.000931 0.004683 -0.008115
v 0.001386 0.004569 -0.008115
v 0.001827 0.004411 -0.008115
v 0.002251 0.004211 -0.008115
v 0.002653 0.003970 -0.008115
v 0.003029 0.003691 -0.008115
v 0.003376 0.003376 -0.008115
v 0.003691 0.003029 -0.008115
v 0.003970 0.002653 -0.008115
v 0.004211 0.002251 -0.008115
v 0.004411 0.001827 -0.008115
v 0.004569 0.001386 -0.008115
v 0.004683 0.000931 -0.008115
v 0.004752 0.000468 -0.008115
v 0.004775 0.000000 -0.008115
v 0.004752 -0.000468 -0.008115
v 0.004683 -0.000931 -0.008115
v 0.004569 -0.001386 -0.008115
v 0.004411 -0.001827 -0.008115
v 0.004211 -0.002251 -0.008115
v 0.003970 -0.002653 -0.008115
v 0.003691 -0.003029 -0.008115
v 0.003376 -0.003376 -0.008115
v 0.003029 -0.003691 -0.008115
v 0.002653 -0.003970 -0.008115
v 0.002251 -0.004211 -0.008115
v 0.001827 -0.004411 -0.008115
v 0.001386 -0.004569 -0.008115
v 0.000931 -0.004683 -0.008115
v 0.000468 -0.004752 -0.008115
v -0.000000 -0.004775 -0.008115
v -0.000468 -0.004752 -0.008115
v -0.000931 -0.004683 -0.008115
v -0.001386 -0.004569 -0.008115
v -0.001827 -0.004411 -0.008115
v -0.002251 -0.004211 -0.008115
v -0.002653 -0.003970 -0.008115
v -0.003029 -0.003691 -0.008115
v -0.003376 -0.003376 -0.008115
v -0.003691 -0.003029 -0.008115
v -0.003970 -0.002653 -0.008115
v -0.004211 -0.002251 -0.008115
v -0.004411 -0.001827 -0.008115
v -0.004569 -0.001386 -0.008115
v -0.004683 -0.000931 -0.008115
v -0.004752 -0.000468 -0.008115
v -0.004775 0.000000 -0.008115
v -0.004752 0.000468 -0.008115
v -0.004683 0.000931 -0.008115
v -0.004569 0.001386 -0.008115
v -0.004411 0.001827 -0.008115
v -0.004211 0.002251 -0.008115
v -0.003970 0.002653 -0.008115
v -0.003691 0.003029 -0.008115
v -0.003376 0.003376 -0.008115
v -0.003029 0.003691 -0.008115
v -0.002653 0.003970 -0.008115
v -0.002251 0.004211 -0.008115
v -0.001827 0.004411 -0.008115
v -0.001386 0.004569 -0.008115
v -0.000931 0.004683 -0.008115
v -0.000468 0.004752 -0.008115
v -0.000000 0.029004 0.126885
v 0.002843 0.028864 0.126885
v 0.005658 0.028446 0.126885
v 0.008419 0.027755 0.126885
v 0.011099 0.026796 0.126885
v 0.013672 0.025579 0.126885
v 0.016114 0.024116 0.126885
v 0.018400 0.022420 0.126885
v 0.020509 0.020509 0.126885
v 0.022420 0.018400 0.126885
v 0.024116 0.016114 0.126885
v 0.025579 0.013672 0.126885
v 0.026796 0.011099 0.126885
v 0.027755 0.008419 0.126885
v 0.028446 0.005658 0.126885
v 0.028864 0.002843 0.126885
v 0.029004 -0.000000 0.126885
v 0.028864 -0.002843 0.126885
v 0.028446 -0.005658 0.126885
v 0.027755 -0.008419 0.126885
v 0.026796 -0.011099 0.126885
v 0.025579 -0.013672 0.126885
v 0.024116 -0.016114 0.126885
v 0.022420 -0.018400 0.126885
v 0.020509 -0.020509 0.126885
v 0.018400 -0.022420 0.126885
v 0.016114 -0.024116 0.126885
v 0.013672 -0.025579 0.126885
v 0.011099 -0.026796 0.126885
v 0.008419 -0.027755 0.126885
v 0.005658 -0.028446 0.126885
v 0.002843 -0.028864 0.126885
v -0.000000 -0.029004 0.126885
v -0.002843 -0.028864 0.126885
v -0.005658 -0.028446 0.126885
v -0.008419 -0.027755 0.126885
v -0.011099 -0.026796 0.126885
v -0.013672 -0.025579 0.126885
v -0.016114 -0.024116 0.126885
v -0.018400 -0.022420 0.126885
v -0.020509 -0.020509 0.126885
v -0.022420 -0.018400 0.126885
v -0.024116 -0.016114 0.126885
v -0.025579 -0.013672 0.126885
v -0.026796 -0.011099 0.126885
v -0.027755 -0.008419 0.126885
v -0.028446 -0.005658 0.126885
v -0.028864 -0.002843 0.126885
v -0.029004 -0.000000 0.126885
v -0.028864 0.002843 0.126885
v -0.028446 0.005658 0.126885
v -0.027755 0.008419 0.126885
v -0.026796 0.011099 0.126885
v -0.025579 0.013672 0.126885
v -0.024116 0.016114 0.126885
v -0.022420 0.018400 0.126885
v -0.020509 0.020509 0.126885
v -0.018400 0.022420 0.126885
v -0.016114 0.024116 0.126885
v -0.013672 0.025579 0.126885
v -0.011099 0.026796 0.126885
v -0.008419 0.027755 0.126885
v -0.005658 0.028446 0.126885
v -0.002843 0.028864 0.126885
v -0.000000 0.004775 -0.048115
v 0.000468 0.004752 -0.048115
v 0.000931 0.004683 -0.048115
v 0.001386 0.004569 -0.048115
v 0.001827 0.004411 -0.048115
v 0.002251 0.004211 -0.048115
v 0.002653 0.003970 -0.048115
v 0.003029 0.003691 -0.048115
v 0.003376 0.003376 -0.048115
v 0.003691 0.003029 -0.048115
v 0.003970 0.002653 -0.048115
v 0.004211 0.002251 -0.048115
v 0.004411 0.001827 -0.048115
v 0.004569 0.001386 -0.048115
v 0.004683 0.000931 -0.048115
v 0.004752 0.000468 -0.048115
v 0.004775 0.000000 -0.048115
v 0.004752 -0.000468 -0.048115
v 0.004683 -0.000931 -0.048115
v 0.004569 -0.001386 -0.048115
v 0.004411 -0.001827 -0.048115
v 0.004211 -0.002251 -0.048115
v 0.003970 -0.002653 -0.048115
v 0.003691 -0.003029 -0.048115
v 0.003376 -0.003376 -0.048115
v 0.003029 -0.003691 -0.048115
v 0.002653 -0.003970 -0.048115
v 0.002251 -0.004211 -0.048115
v 0.001827 -0.004411 -0.048115
v 0.001386 -0.004569 -0.048115
v 0.000931 -0.004683 -0.048115
v 0.000468 -0.004752 -0.048115
v -0.000000 -0.004775 -0.048115
v -0.000468 -0.004752 -0.048115
v -0.000931 -0.004683 -0.048115
v -0.001386 -0.004569 -0.048115
v -0.001827 -0.004411 -0.048115
v -0.002251 -0.004211 -0.048115
v -0.002653 -0.003970 -0.048115
v -0.003029 -0.003691 -0.048115
v -0.003376 -0.003376 -0.048115
v -0.003691 -0.003029 -0.048115
v -0.003970 -0.002653 -0.048115
v -0.004211 -0.002251 -0.048115
v -0.004411 -0.001827 -0.048115
v -0.004569 -0.001386 -0.048115
v -0.004683 -0.000931 -0.048115
v -0.004752 -0.000468 -0.048115
v -0.004775 0.000000 -0.048115
v -0.004752 0.000468 -0.048115
v -0.004683 0.000931 -0.048115
v -0.004569 0.001386 -0.048115
v -0.004411 0.001827 -0.048115
v -0.004211 0.002251 -0.048115
v -0.003970 0.002653 -0.048115
v -0.003691 0.003029 -0.048115
v -0.003376 0.003376 -0.048115
v -0.003029 0.003691 -0.048115
v -0.002653 0.003970 -0.048115
v -0.002251 0.004211 -0.048115
v -0.001827 0.004411 -0.048115
v -0.001386 0.004569 -0.048115
v -0.000931 0.004683 -0.048115
v -0.000468 0.004752 -0.048115
v -0.000000 0.004775 -0.048115
v 0.000468 0.004752 -0.048115
v 0.000931 0.004683 -0.048115
v 0.001386 0.004569 -0.048115
v 0.001827 0.004411 -0.048115
v 0.002251 0.004211 -0.048115
v 0.002653 0.003970 -0.048115
v 0.003029 0.003691 -0.048115
v 0.003376 0.003376 -0.048115
v 0.003691 0.003029 -0.048115
v 0.003970 0.002653 -0.048115
v 0.004211 0.002251 -0.048115
v 0.004411 0.001827 -0.048115
v 0.004569 0.001386 -0.048115
v 0.004683 0.000931 -0.048115
v 0.004752 0.000468 -0.048115
v 0.004775 0.000000 -0.048115
v 0.004752 -0.000468 -0.048115
v 0.004683 -0.000931 -0.048115
v 0.004569 -0.001386 -0.048115
v 0.004411 -0.001827 -0.048115
v 0.004211 -0.002251 -0.048115
v 0.003970 -0.002653 -0.048115
v 0.003691 -0.003029 -0.048115
v 0.003376 -0.003376 -0.048115
v 0.003029 -0.003691 -0.048115
v 0.002653 -0.003970 -0.048115
v 0.002251 -0.004211 -0.048115
v 0.001827 -0.004411 -0.048115
v 0.001386 -0.004569 -0.048115
v 0.000931 -0.004683 -0.048115
v 0.000468 -0.004752 -0.048115
v -0.000000 -0.004775 -0.048115
v -0.000468 -0.004752 -0.048115
v -0.000931 -0.004683 -0.048115
v -0.001386 -0.004569 -0.048115
v -0.001827 -0.004411 -0.048115
v -0.002251 -0.004211 -0.048115
v -0.002653 -0.003970 -0.048115
v -0.003029 -0.003691 -0.048115
v -0.003376 -0.003376 -0.048115
v -0.003691 -0.003029 -0.048115
v -0.003970 -0.002653 -0.048115
v -0.004211 -0.002251 -0.048115
v -0.004411 -0.001827 -0.048115
v -0.004569 -0.001386 -0.048115
v -0.004683 -0.000931 -0.048115
v -0.004752 -0.000468 -0.048115
v -0.004775 0.000000 -0.048115
v -0.004752 0.000468 -0.048115
v -0.004683 0.000931 -0.048115
v -0.004569 0.001386 -0.048115
v -0.004411 0.001827 -0.048115
v -0.004211 0.002251 -0.048115
v -0.003970 0.002653 -0.048115
v -0.003691 0.003029 -0.048115
v -0.003376 0.003376 -0.048115
v -0.003029 0.003691 -0.048115
v -0.002653 0.003970 -0.048115
v -0.002251 0.004211 -0.048115
v -0.001827 0.004411 -0.048115
v -0.001386 0.004569 -0.048115
v -0.000931 0.004683 -0.048115
v -0.000468 0.004752 -0.048115
v -0.000000 0.004775 -0.048115
v 0.000468 0.004752 -0.048115
v 0.000931 0.004683 -0.048115
v 0.001386 0.004569 -0.048115
v 0.001827 0.004411 -0.048115
v 0.002251 0.004211 -0.048115
v 0.002653 0.003970 -0.048115
v 0.003029 0.003691 -0.048115
v 0.003376 0.003376 -0.048115
v 0.003691 0.003029 -0.048115
v 0.003970 0.002653 -0.048115
v 0.004211 0.002251 -0.048115
v 0.004411 0.001827 -0.048115
v 0.004569 0.001386 -0.048115
v 0.004683 0.000931 -0.048115
v 0.004752 0.000468 -0.048115
v 0.004775 0.000000 -0.048115
v 0.004752 -0.000468 -0.048115
v 0.004683 -0.000931 -0.048115
v 0.004569 -0.001386 -0.048115
v 0.004411 -0.001827 -0.048115
v 0.004211 -0.002251 -0.048115
v 0.003970 -0.002653 -0.048115
v 0.003691 -0.003029 -0.048115
v 0.003376 -0.003376 -0.048115
v 0.003029 -0.003691 -0.048115
v 0.002653 -0.003970 -0.048115
v 0.002251 -0.004211 -0.048115
v 0.001827 -0.004411 -0.048115
v 0.001386 -0.004569 -0.048115
v 0.000931 -0.004683 -0.048115
v 0.000468 -0.004752 -0.048115
v -0.000000 -0.004775 -0.048115
v -0.000468 -0.004752 -0.048115
v -0.000931 -0.004683 -0.048115
v -0.001386 -0.004569 -0.048115
v -0.001827 -0.004411 -0.048115
v -0.002251 -0.004211 -0.048115
v -0.002653 -0.003970 -0.048115
v -0.003029 -0.003691 -0.048115
v -0.003376 -0.003376 -0.048115
v -0.003691 -0.003029 -0.048115
v -0.003970 -0.002653 -0.048115
v -0.004211 -0.002251 -0.048115
v -0.004411 -0.001827 -0.048115
v -0.004569 -0.001386 -0.048115
v -0.004683 -0.000931 -0.048115
v -0.004752 -0.000468 -0.048115
v -0.004775 0.000000 -0.048115
v -0.004752 0.000468 -0.048115
v -0.004683 0.000931 -0.048115
v -0.004569 0.001386 -0.048115
v -0.004411 0.001827 -0.048115
v -0.004211 0.002251 -0.048115
v -0.003970 0.002653 -0.048115
v -0.003691 0.003029 -0.048115
v -0.003376 0.003376 -0.048115
v -0.003029 0.003691 -0.048115
v -0.002653 0.003970 -0.048115
v -0.002251 0.004211 -0.048115
v -0.001827 0.004411 -0.048115
v -0.001386 0.004569 -0.048115
v -0.000931 0.004683 -0.048115
v -0.000468 0.004752 -0.048115
v -0.000000 0.031035 -0.062115
v 0.003042 0.030886 -0.062115
v 0.006055 0.030439 -0.062115
v 0.009009 0.029699 -0.062115
v 0.011877 0.028673 -0.062115
v 0.014630 0.027371 -0.062115
v 0.017242 0.025805 -0.062115
v 0.019689 0.023991 -0.062115
v 0.021945 0.021945 -0.062115
v 0.023991 0.019689 -0.062115
v 0.025805 0.017242 -0.062115
v 0.027371 0.014630 -0.062115
v 0.028673 0.011877 -0.062115
v 0.029699 0.009009 -0.062115
v 0.030439 0.006055 -0.062115
v 0.030886 0.003042 -0.062115
v 0.031035 0.000000 -0.062115
v 0.030886 -0.003042 -0.062115
v 0.030439 -0.006055 -0.062115
v 0.029699 -0.009009 -0.062115
v 0.028673 -0.011877 -0.062115
v 0.027371 -0.014630 -0.062115
v 0.025805 -0.017242 -0.062115
v 0.023991 -0.019689 -0.062115
v 0.021945 -0.021945 -0.062115
v 0.019689 -0.023991 -0.062115
v 0.017242 -0.025805 -0.062115
v 0.014630 -0.027371 -0.062115
v 0.011877 -0.028673 -0.062115
v 0.009009 -0.029699 -0.062115
v 0.006055 -0.030439 -0.062115
v 0.003042 -0.030886 -0.062115
v -0.000000 -0.031035 -0.062115
v -0.003042 -0.030886 -0.062115
v -0.006055 -0.030439 -0.062115
v -0.009009 -0.029699 -0.062115
v -0.011877 -0.028673 -0.062115
v -0.014630 -0.027371 -0.062115
v -0.017242 -0.025805 -0.062115
v -0.019689 -0.023991 -0.062115
v -0.021945 -0.021945 -0.062115
v -0.023991 -0.019689 -0.062115
v -0.025805 -0.017242 -0.062115
v -0.027371 -0.014630 -0.062115
v -0.028673 -0.011877 -0.062115
v -0.029699 -0.009009 -0.062115
v -0.030439 -0.006055 -0.062115
v -0.030886 -0.003042 -0.062115
v -0.031035 0.000000 -0.062115
v -0.030886 0.003042 -0.062115
v -0.030439 0.006055 -0.062115
v -0.029699 0.009009 -0.062115
v -0.028673 0.011877 -0.062115
v -0.027371 0.014630 -0.062115
v -0.025805 0.017242 -0.062115
v -0.023991 0.019689 -0.062115
v -0.021945 0.021945 -0.062115
v -0.019689 0.023991 -0.062115
v -0.017242 0.025805 -0.062115
v -0.014630 0.027371 -0.062115
v -0.011877 0.028673 -0.062115
v -0.009009 0.029699 -0.062115
v -0.006055 0.030439 -0.062115
v -0.003042 0.030886 -0.062115
v -0.000000 0.031035 -0.064115
v 0.003042 0.030886 -0.064115
v 0.006055 0.030439 -0.064115
v 0.009009 0.029699 -0.064115
v 0.011877 0.028673 -0.064115
v 0.014630 0.027371 -0.064115
v 0.017242 0.025805 -0.064115
v 0.019689 0.023991 -0.064115
v 0.021945 0.021945 -0.064115
v 0.023991 0.019689 -0.064115
v 0.025805 0.017242 -0.064115
v 0.027371 0.014630 -0.064115
v 0.028673 0.011877 -0.064115
v 0.029699 0.009009 -0.064115
v 0.030439 0.006055 -0.064115
v 0.030886 0.003042 -0.064115
v 0.031035 0.000000 -0.064115
v 0.030886 -0.003042 -0.064115
v 0.030439 -0.006055 -0.064115
v 0.029699 -0.009009 -0.064115
v 0.028673 -0.011877 -0.064115
v 0.027371 -0.014630 -0.064115
v 0.025805 -0.017242 -0.064115
v 0.023991 -0.019689 -0.064115
v 0.021945 -0.021945 -0.064115
v 0.019689 -0.023991 -0.064115
v 0.017242 -0.025805 -0.064115
v 0.014630 -0.027371 -0.064115
v 0.011877 -0.028673 -0.064115
v 0.009009 -0.029699 -0.064115
v 0.006055 -0.030439 -0.064115
v 0.003042 -0.030886 -0.064115
v -0.000000 -0.031035 -0.064115
v -0.003042 -0.030886 -0.064115
v -0.006055 -0.030439 -0.064115
v -0.009009 -0.029699 -0.064115
v -0.011877 -0.028673 -0.064115
v -0.014630 -0.027371 -0.064115
v -0.017242 -0.025805 -0.064115
v -0.019689 -0.023991 -0.064115
v -0.021945 -0.021945 -0.064115
v -0.023991 -0.019689 -0.064115
v -0.025805 -0.017242 -0.064115
v -0.027371 -0.014630 -0.064115
v -0.028673 -0.011877 -0.064115
v -0.029699 -0.009009 -0.064115
v -0.030439 -0.006055 -0.064115
v -0.030886 -0.003042 -0.064115
v -0.031035 0.000000 -0.064115
v -0.030886 0.003042 -0.064115
v -0.030439 0.006055 -0.064115
v -0.029699 0.009009 -0.064115
v -0.028673 0.011877 -0.064115
v -0.027371 0.014630 -0.064115
v -0.025805 0.017242 -0.064115
v -0.023991 0.019689 -0.064115
v -0.021945 0.021945 -0.064115
v -0.019689 0.023991 -0.064115
v -0.017242 0.025805 -0.064115
v -0.014630 0.027371 -0.064115
v -0.011877 0.028673 -0.064115
v -0.009009 0.029699 -0.064115
v -0.006055 0.030439 -0.064115
v -0.003042 0.030886 -0.064115
v -0.000000 0.027015 0.024139
v -0.000000 0.034638 0.052318
v -0.000000 0.031254 0.032580
v -0.000000 0.034044 0.042894
v 0.003395 0.034472 0.052318
v 0.002648 0.026885 0.024139
v 0.003337 0.033880 0.042894
v 0.003063 0.031103 0.032580
v 0.006758 0.033973 0.052318
v 0.005270 0.026496 0.024139
v 0.006642 0.033390 0.042894
v 0.006097 0.030653 0.032580
v 0.010055 0.033147 0.052318
v 0.007842 0.025852 0.024139
v 0.009882 0.032578 0.042894
v 0.009072 0.029908 0.032580
v 0.013256 0.032002 0.052318
v 0.010338 0.024959 0.024139
v 0.013028 0.031453 0.042894
v 0.011960 0.028875 0.032580
v 0.016328 0.030548 0.052318
v 0.012735 0.023825 0.024139
v 0.016048 0.030024 0.042894
v 0.014733 0.027563 0.032580
v 0.019244 0.028801 0.052318
v 0.015009 0.022462 0.024139
v 0.018914 0.028307 0.042894
v 0.017364 0.025987 0.032580
v 0.021974 0.026776 0.052318
v 0.017138 0.020883 0.024139
v 0.021597 0.026316 0.042894
v 0.019827 0.024159 0.032580
v 0.024493 0.024493 0.052318
v 0.019103 0.019103 0.024139
v 0.024073 0.024073 0.042894
v 0.022100 0.022100 0.032580
v 0.026776 0.021974 0.052318
v 0.020883 0.017138 0.024139
v 0.026316 0.021597 0.042894
v 0.024159 0.019827 0.032580
v 0.028801 0.019244 0.052318
v 0.022462 0.015009 0.024139
v 0.028307 0.018914 0.042894
v 0.025987 0.017364 0.032580
v 0.030548 0.016328 0.052318
v 0.023825 0.012735 0.024139
v 0.030024 0.016048 0.042894
v 0.027563 0.014733 0.032580
v 0.032002 0.013256 0.052318
v 0.024959 0.010338 0.024139
v 0.031453 0.013028 0.042894
v 0.028875 0.011960 0.032580
v 0.033147 0.010055 0.052318
v 0.025852 0.007842 0.024139
v 0.032578 0.009882 0.042894
v 0.029908 0.009072 0.032580
v 0.033973 0.006758 0.052318
v 0.026496 0.005270 0.024139
v 0.033390 0.006642 0.042894
v 0.030653 0.006097 0.032580
v 0.034472 0.003395 0.052318
v 0.026885 0.002648 0.024139
v 0.033880 0.003337 0.042894
v 0.031103 0.003063 0.032580
v 0.034638 -0.000000 0.052318
v 0.027015 -0.000000 0.024139
v 0.034044 -0.000000 0.042894
v 0.031254 -0.000000 0.032580
v 0.034472 -0.003395 0.052318
v 0.026885 -0.002648 0.024139
v 0.033880 -0.003337 0.042894
v 0.031103 -0.003063 0.032580
v 0.033973 -0.006758 0.052318
v 0.026496 -0.005270 0.024139
v 0.033390 -0.006642 0.042894
v 0.030653 -0.006097 0.032580
v 0.033147 -0.010055 0.052318
v 0.025852 -0.007842 0.024139
v 0.032578 -0.009882 0.042894
v 0.029908 -0.009072 0.032580
v 0.032002 -0.013256 0.052318
v 0.024959 -0.010338 0.024139
v 0.031453 -0.013028 0.042894
v 0.028875 -0.011960 0.032580
v 0.030548 -0.016328 0.052318
v 0.023825 -0.012735 0.024139
v 0.030024 -0.016048 0.042894
v 0.027563 -0.014733 0.032580
v 0.028801 -0.019244 0.052318
v 0.022462 -0.015009 0.024139
v 0.028307 -0.018914 0.042894
v 0.025987 -0.017364 0.032580
v 0.026776 -0.021974 0.052318
v 0.020883 -0.017138 0.024139
v 0.026316 -0.021597 0.042894
v 0.024159 -0.019827 0.032580
v 0.024493 -0.024493 0.052318
v 0.019103 -0.019103 0.024139
v 0.024073 -0.024073 0.042894
v 0.022100 -0.022100 0.032580
v 0.021974 -0.026776 0.052318
v 0.017138 -0.020883 0.024139
v 0.021597 -0.026316 0.042894
v 0.019827 -0.024159 0.032580
v 0.019244 -0.028801 0.052318
v 0.015009 -0.022462 0.024139
v 0.018914 -0.028307 0.042894
v 0.017364 -0.025987 0.032580
v 0.016328 -0.030548 0.052318
v 0.012735 -0.023825 0.024139
v 0.016048 -0.030024 0.042894
v 0.014733 -0.027563 0.032580
v 0.013256 -0.032002 0.052318
v 0.010338 -0.024959 0.024139
v 0.013028 -0.031453 0.042894
v 0.011960 -0.028875 0.032580
v 0.010055 -0.033147 0.052318
v 0.007842 -0.025852 0.024139
v 0.009882 -0.032578 0.042894
v 0.009072 -0.029908 0.032580
v 0.006758 -0.033973 0.052318
v 0.005270 -0.026496 0.024139
v 0.006642 -0.033390 0.042894
v 0.006097 -0.030653 0.032580
v 0.003395 -0.034472 0.052318
v 0.002648 -0.026885 0.024139
v 0.003337 -0.033880 0.042894
v 0.003063 -0.031103 0.032580
v -0.000000 -0.034638 0.052318
v -0.000000 -0.027015 0.024139
v -0.000000 -0.034044 0.042894
v -0.000000 -0.031254 0.032580
v -0.003395 -0.034472 0.052318
v -0.002648 -0.026885 0.024139
v -0.003337 -0.033880 0.042894
v -0.003063 -0.031103 0.032580
v -0.006758 -0.033973 0.052318
v -0.005270 -0.026496 0.024139
v -0.006642 -0.033390 0.042894
v -0.006097 -0.030653 0.032580
v -0.010055 -0.033147 0.052318
v -0.007842 -0.025852 0.024139
v -0.009882 -0.032578 0.042894
v -0.009072 -0.029908 0.032580
v -0.013256 -0.032002 0.052318
v -0.010338 -0.024959 0.024139
v -0.013028 -0.031453 0.042894
v -0.011960 -0.028875 0.032580
v -0.016328 -0.030548 0.052318
v -0.012735 -0.023825 0.024139
v -0.016048 -0.030024 0.042894
v -0.014733 -0.027563 0.032580
v -0.019244 -0.028801 0.052318
v -0.015009 -0.022462 0.024139
v -0.018914 -0.028307 0.042894
v -0.017364 -0.025987 0.032580
v -0.021974 -0.026776 0.052318
v -0.017138 -0.020883 0.024139
v -0.021597 -0.026316 0.042894
v -0.019827 -0.024159 0.032580
v -0.024493 -0.024493 0.052318
v -0.019103 -0.019103 0.024139
v -0.024073 -0.024073 0.042894
v -0.022100 -0.022100 0.032580
v -0.026776 -0.021974 0.052318
v -0.020883 -0.017138 0.024139
v -0.026316 -0.021597 0.042894
v -0.024159 -0.019827 0.032580
v -0.028801 -0.019244 0.052318
v -0.022462 -0.015009 0.024139
v -0.028307 -0.018914 0.042894
v -0.025987 -0.017364 0.032580
v -0.030548 -0.016328 0.052318
v -0.023825 -0.012735 0.024139
v -0.030024 -0.016048 0.042894
v -0.027563 -0.014733 0.032580
v -0.032002 -0.013256 0.052318
v -0.024959 -0.010338 0.024139
v -0.031453 -0.013028 0.042894
v -0.028875 -0.011960 0.032580
v -0.033147 -0.010055 0.052318
v -0.025852 -0.007842 0.024139
v -0.032578 -0.009882 0.042894
v -0.029908 -0.009072 0.032580
v -0.033973 -0.006758 0.052318
v -0.026496 -0.005270 0.024139
v -0.033390 -0.006642 0.042894
v -0.030653 -0.006097 0.032580
v -0.034472 -0.003395 0.052318
v -0.026885 -0.002648 0.024139
v -0.033880 -0.003337 0.042894
v -0.031103 -0.003063 0.032580
v -0.034638 -0.000000 0.052318
v -0.027015 -0.000000 0.024139
v -0.034044 -0.000000 0.042894
v -0.031254 -0.000000 0.032580
v -0.034472 0.003395 0.052318
v -0.026885 0.002648 0.024139
v -0.033880 0.003337 0.042894
v -0.031103 0.003063 0.032580
v -0.033973 0.006758 0.052318
v -0.026496 0.005270 0.024139
v -0.033390 0.006642 0.042894
v -0.030653 0.006097 0.032580
v -0.033147 0.010055 0.052318
v -0.025852 0.007842 0.024139
v -0.032578 0.009882 0.042894
v -0.029908 0.009072 0.032580
v -0.032002 0.013256 0.052318
v -0.024959 0.010338 0.024139
v -0.031453 0.013028 0.042894
v -0.028875 0.011960 0.032580
v -0.030548 0.016328 0.052318
v -0.023825 0.012735 0.024139
v -0.030024 0.016048 0.042894
v -0.027563 0.014733 0.032580
v -0.028801 0.019244 0.052318
v -0.022462 0.015009 0.024139
v -0.028307 0.018914 0.042894
v -0.025987 0.017364 0.032580
v -0.026776 0.021974 0.052318
v -0.020883 0.017138 0.024139
v -0.026316 0.021597 0.042894
v -0.024159 0.019827 0.032580
v -0.024493 0.024493 0.052318
v -0.019103 0.019103 0.024139
v -0.024073 0.024073 0.042894
v -0.022100 0.022100 0.032580
v -0.021974 0.026776 0.052318
v -0.017138 0.020883 0.024139
v -0.021597 0.026316 0.042894
v -0.019827 0.024159 0.032580
v -0.019244 0.028801 0.052318
v -0.015009 0.022462 0.024139
v -0.018914 0.028307 0.042894
v -0.017364 0.025987 0.032580
v -0.016328 0.030548 0.052318
v -0.012735 0.023825 0.024139
v -0.016048 0.030024 0.042894
v -0.014733 0.027563 0.032580
v -0.013256 0.032002 0.052318
v -0.010338 0.024959 0.024139
v -0.013028 0.031453 0.042894
v -0.011960 0.028875 0.032580
v -0.010055 0.033147 0.052318
v -0.007842 0.025852 0.024139
v -0.009882 0.032578 0.042894
v -0.009072 0.029908 0.032580
v -0.006758 0.033973 0.052318
v -0.005270 0.026496 0.024139
v -0.006642 0.033390 0.042894
v -0.006097 0.030653 0.032580
v -0.003395 0.034472 0.052318
v -0.002648 0.026885 0.024139
v -0.003337 0.033880 0.042894
v -0.003063 0.031103 0.032580
v -0.000000 0.000000 -0.006115
v -0.000000 0.003245 -0.006827
v 0.000318 0.003229 -0.006827
v 0.000633 0.003182 -0.006827
v 0.000942 0.003105 -0.006827
v 0.001242 0.002998 -0.006827
v 0.001530 0.002862 -0.006827
v 0.001803 0.002698 -0.006827
v 0.002058 0.002508 -0.006827
v 0.002294 0.002294 -0.006827
v 0.002508 0.002058 -0.006827
v 0.002698 0.001803 -0.006827
v 0.002862 0.001530 -0.006827
v 0.002998 0.001242 -0.006827
v 0.003105 0.000942 -0.006827
v 0.003182 0.000633 -0.006827
v 0.003229 0.000318 -0.006827
v 0.003245 0.000000 -0.006827
v 0.003229 -0.000318 -0.006827
v 0.003182 -0.000633 -0.006827
v 0.003105 -0.000942 -0.006827
v 0.002998 -0.001242 -0.006827
v 0.002862 -0.001530 -0.006827
v 0.002698 -0.001803 -0.006827
v 0.002508 -0.002058 -0.006827
v 0.002294 -0.002294 -0.006827
v 0.002058 -0.002508 -0.006827
v 0.001803 -0.002698 -0.006827
v 0.001530 -0.002862 -0.006827
v 0.001242 -0.002998 -0.006827
v 0.000942 -0.003105 -0.006827
v 0.000633 -0.003182 -0.006827
v 0.000318 -0.003229 -0.006827
v -0.000000 -0.003245 -0.006827
v -0.000318 -0.003229 -0.006827
v -0.000633 -0.003182 -0.006827
v -0.000942 -0.003105 -0.006827
v -0.001242 -0.002998 -0.006827
v -0.001530 -0.002862 -0.006827
v -0.001803 -0.002698 -0.006827
v -0.002058 -0.002508 -0.006827
v -0.002294 -0.002294 -0.006827
v -0.002508 -0.002058 -0.006827
v -0.002698 -0.001803 -0.006827
v -0.002862 -0.001530 -0.006827
v -0.002998 -0.001242 -0.006827
v -0.003105 -0.000942 -0.006827
v -0.003182 -0.000633 -0.006827
v -0.003229 -0.000318 -0.006827
v -0.003245 0.000000 -0.006827
v -0.003229 0.000318 -0.006827
v -0.003182 0.000633 -0.006827
v -0.003105 0.000942 -0.006827
v -0.002998 0.001242 -0.006827
v -0.002862 0.001530 -0.006827
v -0.002698 0.001803 -0.006827
v -0.002508 0.002058 -0.006827
v -0.002294 0.002294 -0.006827
v -0.002058 0.002508 -0.006827
v -0.001803 0.002698 -0.006827
v -0.001530 0.002862 -0.006827
v -0.001242 0.002998 -0.006827
v -0.000942 0.003105 -0.006827
v -0.000633 0.003182 -0.006827
v -0.000318 0.003229 -0.006827
v -0.000000 0.027009 0.126734
v 0.002647 0.026879 0.126734
v 0.005269 0.026490 0.126734
v 0.007840 0.025846 0.126734
v 0.010336 0.024953 0.126734
v 0.012732 0.023820 0.126734
v 0.015006 0.022457 0.126734
v 0.017135 0.020879 0.126734
v 0.019099 0.019099 0.126734
v 0.020879 0.017135 0.126734
v 0.022457 0.015006 0.126734
v 0.023820 0.012732 0.126734
v 0.024953 0.010336 0.126734
v 0.025846 0.007840 0.126734
v 0.026490 0.005269 0.126734
v 0.026879 0.002647 0.126734
v 0.027009 -0.000000 0.126734
v 0.026879 -0.002647 0.126734
v 0.026490 -0.005269 0.126734
v 0.025846 -0.007840 0.126734
v 0.024953 -0.010336 0.126734
v 0.023820 -0.012732 0.126734
v 0.022457 -0.015006 0.126734
v 0.020879 -0.017135 0.126734
v 0.019099 -0.019099 0.126734
v 0.017135 -0.020879 0.126734
v 0.015006 -0.022457 0.126734
v 0.012732 -0.023820 0.126734
v 0.010336 -0.024953 0.126734
v 0.007840 -0.025846 0.126734
v 0.005269 -0.026490 0.126734
v 0.002647 -0.026879 0.126734
v -0.000000 -0.027009 0.126734
v -0.002647 -0.026879 0.126734
v -0.005269 -0.026490 0.126734
v -0.007840 -0.025846 0.126734
v -0.010336 -0.024953 0.126734
v -0.012732 -0.023820 0.126734
v -0.015006 -0.022457 0.126734
v -0.017135 -0.020879 0.126734
v -0.019099 -0.019099 0.126734
v -0.020879 -0.017135 0.126734
v -0.022457 -0.015006 0.126734
v -0.023820 -0.012732 0.126734
v -0.024953 -0.010336 0.126734
v -0.025846 -0.007840 0.126734
v -0.026490 -0.005269 0.126734
v -0.026879 -0.002647 0.126734
v -0.027009 -0.000000 0.126734
v -0.026879 0.002647 0.126734
v -0.026490 0.005269 0.126734
v -0.025846 0.007840 0.126734
v -0.024953 0.010336 0.126734
v -0.023820 0.012732 0.126734
v -0.022457 0.015006 0.126734
v -0.020879 0.017135 0.126734
v -0.019099 0.019099 0.126734
v -0.017135 0.020879 0.126734
v -0.015006 0.022457 0.126734
v -0.012732 0.023820 0.126734
v -0.010336 0.024953 0.126734
v -0.007840 0.025846 0.126734
v -0.005269 0.026490 0.126734
v -0.002647 0.026879 0.126734
v -0.000000 0.003361 -0.049530
v 0.000329 0.003345 -0.049530
v 0.000656 0.003297 -0.049530
v 0.000976 0.003217 -0.049530
v 0.001286 0.003105 -0.049530
v 0.001585 0.002964 -0.049530
v 0.001867 0.002795 -0.049530
v 0.002132 0.002598 -0.049530
v 0.002377 0.002377 -0.049530
v 0.002598 0.002132 -0.049530
v 0.002795 0.001867 -0.049530
v 0.002964 0.001585 -0.049530
v 0.003105 0.001286 -0.049530
v 0.003217 0.000976 -0.049530
v 0.003297 0.000656 -0.049530
v 0.003345 0.000329 -0.049530
v 0.003361 0.000000 -0.049530
v 0.003345 -0.000329 -0.049530
v 0.003297 -0.000656 -0.049530
v 0.003217 -0.000976 -0.049530
v 0.003105 -0.001286 -0.049530
v 0.002964 -0.001584 -0.049530
v 0.002795 -0.001867 -0.049530
v 0.002598 -0.002132 -0.049530
v 0.002377 -0.002377 -0.049530
v 0.002132 -0.002598 -0.049530
v 0.001867 -0.002795 -0.049530
v 0.001585 -0.002964 -0.049530
v 0.001286 -0.003105 -0.049530
v 0.000976 -0.003217 -0.049530
v 0.000656 -0.003297 -0.049530
v 0.000329 -0.003345 -0.049530
v -0.000000 -0.003361 -0.049530
v -0.000329 -0.003345 -0.049530
v -0.000656 -0.003297 -0.049530
v -0.000976 -0.003217 -0.049530
v -0.001286 -0.003105 -0.049530
v -0.001585 -0.002964 -0.049530
v -0.001867 -0.002795 -0.049530
v -0.002132 -0.002598 -0.049530
v -0.002377 -0.002377 -0.049530
v -0.002598 -0.002132 -0.049530
v -0.002795 -0.001867 -0.049530
v -0.002964 -0.001584 -0.049530
v -0.003105 -0.001286 -0.049530
v -0.003217 -0.000976 -0.049530
v -0.003297 -0.000656 -0.049530
v -0.003345 -0.000329 -0.049530
v -0.003361 0.000000 -0.049530
v -0.003345 0.000329 -0.049530
v -0.003297 0.000656 -0.049530
v -0.003217 0.000976 -0.049530
v -0.003105 0.001286 -0.049530
v -0.002964 0.001585 -0.049530
v -0.002795 0.001867 -0.049530
v -0.002598 0.002132 -0.049530
v -0.002377 0.002377 -0.049530
v -0.002132 0.002598 -0.049530
v -0.001867 0.002795 -0.049530
v -0.001585 0.002964 -0.049530
v -0.001286 0.003105 -0.049530
v -0.000976 0.003217 -0.049530
v -0.000656 0.003297 -0.049530
v -0.000329 0.003345 -0.049530
v -0.000000 0.004775 -0.050115
v 0.000468 0.004752 -0.050115
v 0.000931 0.004683 -0.050115
v 0.001386 0.004569 -0.050115
v 0.001827 0.004411 -0.050115
v 0.002251 0.004211 -0.050115
v 0.002653 0.003970 -0.050115
v 0.003029 0.003691 -0.050115
v 0.003376 0.003376 -0.050115
v 0.003691 0.003029 -0.050115
v 0.003970 0.002653 -0.050115
v 0.004211 0.002251 -0.050115
v 0.004411 0.001827 -0.050115
v 0.004569 0.001386 -0.050115
v 0.004683 0.000931 -0.050115
v 0.004752 0.000468 -0.050115
v 0.004775 0.000000 -0.050115
v 0.004752 -0.000468 -0.050115
v 0.004683 -0.000931 -0.050115
v 0.004569 -0.001386 -0.050115
v 0.004411 -0.001827 -0.050115
v 0.004211 -0.002251 -0.050115
v 0.003970 -0.002653 -0.050115
v 0.003691 -0.003029 -0.050115
v 0.003376 -0.003376 -0.050115
v 0.003029 -0.003691 -0.050115
v 0.002653 -0.003970 -0.050115
v 0.002251 -0.004211 -0.050115
v 0.001827 -0.004411 -0.050115
v 0.001386 -0.004569 -0.050115
v 0.000931 -0.004683 -0.050115
v 0.000468 -0.004752 -0.050115
v -0.000000 -0.004775 -0.050115
v -0.000468 -0.004752 -0.050115
v -0.000931 -0.004683 -0.050115
v -0.001386 -0.004569 -0.050115
v -0.001827 -0.004411 -0.050115
v -0.002251 -0.004211 -0.050115
v -0.002653 -0.003970 -0.050115
v -0.003029 -0.003691 -0.050115
v -0.003376 -0.003376 -0.050115
v -0.003691 -0.003029 -0.050115
v -0.003970 -0.002653 -0.050115
v -0.004211 -0.002251 -0.050115
v -0.004411 -0.001827 -0.050115
v -0.004569 -0.001386 -0.050115
v -0.004683 -0.000931 -0.050115
v -0.004752 -0.000468 -0.050115
v -0.004775 0.000000 -0.050115
v -0.004752 0.000468 -0.050115
v -0.004683 0.000931 -0.050115
v -0.004569 0.001386 -0.050115
v -0.004411 0.001827 -0.050115
v -0.004211 0.002251 -0.050115
v -0.003970 0.002653 -0.050115
v -0.003691 0.003029 -0.050115
v -0.003376 0.003376 -0.050115
v -0.003029 0.003691 -0.050115
v -0.002653 0.003970 -0.050115
v -0.002251 0.004211 -0.050115
v -0.001827 0.004411 -0.050115
v -0.001386 0.004569 -0.050115
v -0.000931 0.004683 -0.050115
v -0.000468 0.004752 -0.050115
v -0.000000 0.004283 -0.050054
v 0.000420 0.004263 -0.050054
v 0.000836 0.004201 -0.050054
v 0.001243 0.004099 -0.050054
v 0.001639 0.003957 -0.050054
v 0.002019 0.003777 -0.050054
v 0.002380 0.003561 -0.050054
v 0.002717 0.003311 -0.050054
v 0.003029 0.003029 -0.050054
v 0.003311 0.002717 -0.050054
v 0.003561 0.002380 -0.050054
v 0.003777 0.002019 -0.050054
v 0.003957 0.001639 -0.050054
v 0.004099 0.001243 -0.050054
v 0.004201 0.000836 -0.050054
v 0.004263 0.000420 -0.050054
v 0.004283 0.000000 -0.050054
v 0.004263 -0.000420 -0.050054
v 0.004201 -0.000836 -0.050054
v 0.004099 -0.001243 -0.050054
v 0.003957 -0.001639 -0.050054
v 0.003777 -0.002019 -0.050054
v 0.003561 -0.002380 -0.050054
v 0.003311 -0.002717 -0.050054
v 0.003029 -0.003029 -0.050054
v 0.002717 -0.003311 -0.050054
v 0.002380 -0.003561 -0.050054
v 0.002019 -0.003777 -0.050054
v 0.001639 -0.003957 -0.050054
v 0.001243 -0.004099 -0.050054
v 0.000836 -0.004201 -0.050054
v 0.000420 -0.004263 -0.050054
v -0.000000 -0.004283 -0.050054
v -0.000420 -0.004263 -0.050054
v -0.000836 -0.004201 -0.050054
v -0.001243 -0.004099 -0.050054
v -0.001639 -0.003957 -0.050054
v -0.002019 -0.003777 -0.050054
v -0.002380 -0.003561 -0.050054
v -0.002717 -0.003311 -0.050054
v -0.003029 -0.003029 -0.050054
v -0.003311 -0.002717 -0.050054
v -0.003561 -0.002380 -0.050054
v -0.003777 -0.002019 -0.050054
v -0.003957 -0.001639 -0.050054
v -0.004099 -0.001243 -0.050054
v -0.004201 -0.000836 -0.050054
v -0.004263 -0.000420 -0.050054
v -0.004283 0.000000 -0.050054
v -0.004263 0.000420 -0.050054
v -0.004201 0.000836 -0.050054
v -0.004099 0.001243 -0.050054
v -0.003957 0.001639 -0.050054
v -0.003777 0.002019 -0.050054
v -0.003561 0.002380 -0.050054
v -0.003311 0.002717 -0.050054
v -0.003029 0.003029 -0.050054
v -0.002717 0.003311 -0.050054
v -0.002380 0.003561 -0.050054
v -0.002019 0.003777 -0.050054
v -0.001639 0.003957 -0.050054
v -0.001243 0.004099 -0.050054
v -0.000836 0.004201 -0.050054
v -0.000420 0.004263 -0.050054
v -0.000000 0.029312 -0.063130
v 0.002873 0.029171 -0.063130
v 0.005718 0.028749 -0.063130
v 0.008509 0.028050 -0.063130
v 0.011217 0.027081 -0.063130
v 0.013818 0.025851 -0.063130
v 0.016285 0.024372 -0.063130
v 0.018595 0.022659 -0.063130
v 0.020727 0.020727 -0.063130
v 0.022659 0.018595 -0.063130
v 0.024372 0.016285 -0.063130
v 0.025851 0.013818 -0.063130
v 0.027081 0.011217 -0.063130
v 0.028050 0.008509 -0.063130
v 0.028749 0.005718 -0.063130
v 0.029171 0.002873 -0.063130
v 0.029312 0.000000 -0.063130
v 0.029171 -0.002873 -0.063130
v 0.028749 -0.005718 -0.063130
v 0.028050 -0.008509 -0.063130
v 0.027081 -0.011217 -0.063130
v 0.025851 -0.013818 -0.063130
v 0.024372 -0.016285 -0.063130
v 0.022659 -0.018595 -0.063130
v 0.020727 -0.020727 -0.063130
v 0.018595 -0.022659 -0.063130
v 0.016285 -0.024372 -0.063130
v 0.013818 -0.025851 -0.063130
v 0.011217 -0.027081 -0.063130
v 0.008509 -0.028050 -0.063130
v 0.005718 -0.028749 -0.063130
v 0.002873 -0.029171 -0.063130
v -0.000000 -0.029312 -0.063130
v -0.002873 -0.029171 -0.063130
v -0.005718 -0.028749 -0.063130
v -0.008509 -0.028050 -0.063130
v -0.011217 -0.027081 -0.063130
v -0.013818 -0.025851 -0.063130
v -0.016285 -0.024372 -0.063130
v -0.018595 -0.022659 -0.063130
v -0.020727 -0.020727 -0.063130
v -0.022659 -0.018595 -0.063130
v -0.024372 -0.016285 -0.063130
v -0.025851 -0.013818 -0.063130
v -0.027081 -0.011217 -0.063130
v -0.028050 -0.008509 -0.063130
v -0.028749 -0.005718 -0.063130
v -0.029171 -0.002873 -0.063130
v -0.029312 0.000000 -0.063130
v -0.029171 0.002873 -0.063130
v -0.028749 0.005718 -0.063130
v -0.028050 0.008509 -0.063130
v -0.027081 0.011217 -0.063130
v -0.025851 0.013818 -0.063130
v -0.024372 0.016285 -0.063130
v -0.022659 0.018595 -0.063130
v -0.020727 0.020727 -0.063130
v -0.018595 0.022659 -0.063130
v -0.016285 0.024372 -0.063130
v -0.013818 0.025851 -0.063130
v -0.011217 0.027081 -0.063130
v -0.008509 0.028050 -0.063130
v -0.005718 0.028749 -0.063130
v -0.002873 0.029171 -0.063130
v -0.000000 0.029035 -0.064115
v 0.002846 0.028895 -0.064115
v 0.005664 0.028477 -0.064115
v 0.008428 0.027785 -0.064115
v 0.011111 0.026825 -0.064115
v 0.013687 0.025607 -0.064115
v 0.016131 0.024142 -0.064115
v 0.018420 0.022445 -0.064115
v 0.020531 0.020531 -0.064115
v 0.022445 0.018420 -0.064115
v 0.024142 0.016131 -0.064115
v 0.025607 0.013687 -0.064115
v 0.026825 0.011111 -0.064115
v 0.027785 0.008428 -0.064115
v 0.028477 0.005664 -0.064115
v 0.028895 0.002846 -0.064115
v 0.029035 0.000000 -0.064115
v 0.028895 -0.002846 -0.064115
v 0.028477 -0.005664 -0.064115
v 0.027785 -0.008428 -0.064115
v 0.026825 -0.011111 -0.064115
v 0.025607 -0.013687 -0.064115
v 0.024142 -0.016131 -0.064115
v 0.022445 -0.018420 -0.064115
v 0.020531 -0.020531 -0.064115
v 0.018420 -0.022445 -0.064115
v 0.016131 -0.024142 -0.064115
v 0.013687 -0.025607 -0.064115
v 0.011111 -0.026825 -0.064115
v 0.008428 -0.027785 -0.064115
v 0.005664 -0.028477 -0.064115
v 0.002846 -0.028895 -0.064115
v -0.000000 -0.029035 -0.064115
v -0.002846 -0.028895 -0.064115
v -0.005664 -0.028477 -0.064115
v -0.008428 -0.027785 -0.064115
v -0.011111 -0.026825 -0.064115
v -0.013687 -0.025607 -0.064115
v -0.016131 -0.024142 -0.064115
v -0.018420 -0.022445 -0.064115
v -0.020531 -0.020531 -0.064115
v -0.022445 -0.018420 -0.064115
v -0.024142 -0.016131 -0.064115
v -0.025607 -0.013687 -0.064115
v -0.026825 -0.011111 -0.064115
v -0.027785 -0.008428 -0.064115
v -0.028477 -0.005664 -0.064115
v -0.028895 -0.002846 -0.064115
v -0.029035 0.000000 -0.064115
v -0.028895 0.002846 -0.064115
v -0.028477 0.005664 -0.064115
v -0.027785 0.008428 -0.064115
v -0.026825 0.011111 -0.064115
v -0.025607 0.013687 -0.064115
v -0.024142 0.016131 -0.064115
v -0.022445 0.018420 -0.064115
v -0.020531 0.020531 -0.064115
v -0.018420 0.022445 -0.064115
v -0.016131 0.024142 -0.064115
v -0.013687 0.025607 -0.064115
v -0.011111 0.026825 -0.064115
v -0.008428 0.027785 -0.064115
v -0.005664 0.028477 -0.064115
v -0.002846 0.028895 -0.064115
v -0.000000 0.025293 0.025156
v -0.000000 0.032638 0.052306
v -0.000000 0.029385 0.033291
v -0.000000 0.032071 0.043219
v 0.003199 0.032481 0.052306
v 0.002479 0.025171 0.025156
v 0.003143 0.031916 0.043219
v 0.002880 0.029243 0.033291
v 0.006367 0.032011 0.052306
v 0.004934 0.024807 0.025156
v 0.006257 0.031454 0.043219
v 0.005733 0.028820 0.033291
v 0.009474 0.031233 0.052306
v 0.007342 0.024204 0.025156
v 0.009310 0.030690 0.043219
v 0.008530 0.028119 0.033291
v 0.012490 0.030154 0.052306
v 0.009679 0.023368 0.025156
v 0.012273 0.029629 0.043219
v 0.011245 0.027148 0.033291
v 0.015386 0.028785 0.052306
v 0.011923 0.022307 0.025156
v 0.015118 0.028284 0.043219
v 0.013852 0.025915 0.033291
v 0.018133 0.027138 0.052306
v 0.014052 0.021031 0.025156
v 0.017817 0.026666 0.043219
v 0.016325 0.024432 0.033291
v 0.020706 0.025230 0.052306
v 0.016046 0.019552 0.025156
v 0.020345 0.024791 0.043219
v 0.018641 0.022715 0.033291
v 0.023079 0.023079 0.052306
v 0.017885 0.017885 0.025156
v 0.022677 0.022677 0.043219
v 0.020778 0.020778 0.033291
v 0.025230 0.020706 0.052306
v 0.019552 0.016046 0.025156
v 0.024791 0.020345 0.043219
v 0.022715 0.018641 0.033291
v 0.027138 0.018133 0.052306
v 0.021031 0.014052 0.025156
v 0.026666 0.017817 0.043219
v 0.024432 0.016325 0.033291
v 0.028785 0.015386 0.052306
v 0.022307 0.011923 0.025156
v 0.028284 0.015118 0.043219
v 0.025915 0.013852 0.033291
v 0.030154 0.012490 0.052306
v 0.023368 0.009679 0.025156
v 0.029629 0.012273 0.043219
v 0.027148 0.011245 0.033291
v 0.031233 0.009474 0.052306
v 0.024204 0.007342 0.025156
v 0.030690 0.009310 0.043219
v 0.028119 0.008530 0.033291
v 0.032011 0.006367 0.052306
v 0.024807 0.004934 0.025156
v 0.031454 0.006257 0.043219
v 0.028820 0.005733 0.033291
v 0.032481 0.003199 0.052306
v 0.025171 0.002479 0.025156
v 0.031916 0.003143 0.043219
v 0.029243 0.002880 0.033291
v 0.032638 -0.000000 0.052306
v 0.025293 -0.000000 0.025156
v 0.032071 -0.000000 0.043219
v 0.029385 -0.000000 0.033291
v 0.032481 -0.003199 0.052306
v 0.025171 -0.002479 0.025156
v 0.031916 -0.003143 0.043219
v 0.029243 -0.002880 0.033291
v 0.032011 -0.006367 0.052306
v 0.024807 -0.004934 0.025156
v 0.031454 -0.006257 0.043219
v 0.028820 -0.005733 0.033291
v 0.031233 -0.009474 0.052306
v 0.024204 -0.007342 0.025156
v 0.030690 -0.009310 0.043219
v 0.028119 -0.008530 0.033291
v 0.030154 -0.012490 0.052306
v 0.023368 -0.009679 0.025156
v 0.029629 -0.012273 0.043219
v 0.027148 -0.011245 0.033291
v 0.028785 -0.015386 0.052306
v 0.022307 -0.011923 0.025156
v 0.028284 -0.015118 0.043219
v 0.025915 -0.013852 0.033291
v 0.027138 -0.018133 0.052306
v 0.021031 -0.014052 0.025156
v 0.026666 -0.017817 0.043219
v 0.024432 -0.016325 0.033291
v 0.025230 -0.020706 0.052306
v 0.019552 -0.016046 0.025156
v 0.024791 -0.020345 0.043219
v 0.022715 -0.018641 0.033291
v 0.023079 -0.023079 0.052306
v 0.017885 -0.017885 0.025156
v 0.022677 -0.022677 0.043219
v 0.020778 -0.020778 0.033291
v 0.020706 -0.025230 0.052306
v 0.016046 -0.019552 0.025156
v 0.020345 -0.024791 0.043219
v 0.018641 -0.022715 0.033291
v 0.018133 -0.027138 0.052306
v 0.014052 -0.021031 0.025156
v 0.017817 -0.026666 0.043219
v 0.016325 -0.024432 0.033291
v 0.015386 -0.028785 0.052306
v 0.011923 -0.022307 0.025156
v 0.015118 -0.028284 0.043219
v 0.013852 -0.025915 0.033291
v 0.012490 -0.030154 0.052306
v 0.009679 -0.023368 0.025156
v 0.012273 -0.029629 0.043219
v 0.011245 -0.027148 0.033291
v 0.009474 -0.031233 0.052306
v 0.007342 -0.024204 0.025156
v 0.009310 -0.030690 0.043219
v 0.008530 -0.028119 0.033291
v 0.006367 -0.032011 0.052306
v 0.004934 -0.024807 0.025156
v 0.006257 -0.031454 0.043219
v 0.005733 -0.028820 0.033291
v 0.003199 -0.032481 0.052306
v 0.002479 -0.025171 0.025156
v 0.003143 -0.031916 0.043219
v 0.002880 -0.029243 0.033291
v -0.000000 -0.032638 0.052306
v -0.000000 -0.025293 0.025156
v -0.000000 -0.032071 0.043219
v -0.000000 -0.029385 0.033291
v -0.003199 -0.032481 0.052306
v -0.002479 -0.025171 0.025156
v -0.003143 -0.031916 0.043219
v -0.002880 -0.029243 0.033291
v -0.006367 -0.032011 0.052306
v -0.004934 -0.024807 0.025156
v -0.006257 -0.031454 0.043219
v -0.005733 -0.028820 0.033291
v -0.009474 -0.031233 0.052306
v -0.007342 -0.024204 0.025156
v -0.009310 -0.030690 0.043219
v -0.008530 -0.028119 0.033291
v -0.012490 -0.030154 0.052306
v -0.009679 -0.023368 0.025156
v -0.012273 -0.029629 0.043219
v -0.011245 -0.027148 0.033291
v -0.015386 -0.028785 0.052306
v -0.011923 -0.022307 0.025156
v -0.015118 -0.028284 0.043219
v -0.013852 -0.025915 0.033291
v -0.018133 -0.027138 0.052306
v -0.014052 -0.021031 0.025156
v -0.017817 -0.026666 0.043219
v -0.016325 -0.024432 0.033291
v -0.020706 -0.025230 0.052306
v -0.016046 -0.019552 0.025156
v -0.020345 -0.024791 0.043219
v -0.018641 -0.022715 0.033291
v -0.023079 -0.023079 0.052306
v -0.017885 -0.017885 0.025156
v -0.022677 -0.022677 0.043219
v -0.020778 -0.020778 0.033291
v -0.025230 -0.020706 0.052306
v -0.019552 -0.016046 0.025156
v -0.024791 -0.020345 0.043219
v -0.022715 -0.018641 0.033291
v -0.027138 -0.018133 0.052306
v -0.021031 -0.014052 0.025156
v -0.026666 -0.017817 0.043219
v -0.024432 -0.016325 0.033291
v -0.028785 -0.015386 0.052306
v -0.022307 -0.011923 0.025156
v -0.028284 -0.015118 0.043219
v -0.025915 -0.013852 0.033291
v -0.030154 -0.012490 0.052306
v -0.023368 -0.009679 0.025156
v -0.029629 -0.012273 0.043219
v -0.027148 -0.011245 0.033291
v -0.031233 -0.009474 0.052306
v -0.024204 -0.007342 0.025156
v -0.030690 -0.009310 0.043219
v -0.028119 -0.008530 0.033291
v -0.032011 -0.006367 0.052306
v -0.024807 -0.004934 0.025156
v -0.031454 -0.006257 0.043219
v -0.028820 -0.005733 0.033291
v -0.032481 -0.003199 0.052306
v -0.025171 -0.002479 0.025156
v -0.031916 -0.003143 0.043219
v -0.029243 -0.002880 0.033291
v -0.032638 -0.000000 0.052306
v -0.025293 -0.000000 0.025156
v -0.032071 -0.000000 0.043219
v -0.029385 -0.000000 0.033291
v -0.032481 0.003199 0.052306
v -0.025171 0.002479 0.025156
v -0.031916 0.003143 0.043219
v -0.029243 0.002880 0.033291
v -0.032011 0.006367 0.052306
v -0.024807 0.004934 0.025156
v -0.031454 0.006257 0.043219
v -0.028820 0.005733 0.033291
v -0.031233 0.009474 0.052306
v -0.024204 0.007342 0.025156
v -0.030690 0.009310 0.043219
v -0.028119 0.008530 0.033291
v -0.030154 0.012490 0.052306
v -0.023368 0.009679 0.025156
v -0.029629 0.012273 0.043219
v -0.027148 0.011245 0.033291
v -0.028785 0.015386 0.052306
v -0.022307 0.011923 0.025156
v -0.028284 0.015118 0.043219
v -0.025915 0.013852 0.033291
v -0.027138 0.018133 0.052306
v -0.021031 0.014052 0.025156
v -0.026666 0.017817 0.043219
v -0.024432 0.016325 0.033291
v -0.025230 0.020706 0.052306
v -0.019552 0.016046 0.025156
v -0.024791 0.020345 0.043219
v -0.022715 0.018641 0.033291
v -0.023079 0.023079 0.052306
v -0.017885 0.017885 0.025156
v -0.022677 0.022677 0.043219
v -0.020778 0.020778 0.033291
v -0.020706 0.025230 0.052306
v -0.016046 0.019552 0.025156
v -0.020345 0.024791 0.043219
v -0.018641 0.022715 0.033291
v -0.018133 0.027138 0.052306
v -0.014052 0.021031 0.025156
v -0.017817 0.026666 0.043219
v -0.016325 0.024432 0.033291
v -0.015386 0.028785 0.052306
v -0.011923 0.022307 0.025156
v -0.015118 0.028284 0.043219
v -0.013852 0.025915 0.033291
v -0.012490 0.030154 0.052306
v -0.009679 0.023368 0.025156
v -0.012273 0.029629 0.043219
v -0.011245 0.027148 0.033291
v -0.009474 0.031233 0.052306
v -0.007342 0.024204 0.025156
v -0.009310 0.030690 0.043219
v -0.008530 0.028119 0.033291
v -0.006367 0.032011 0.052306
v -0.004934 0.024807 0.025156
v -0.006257 0.031454 0.043219
v -0.005733 0.028820 0.033291
v -0.003199 0.032481 0.052306
v -0.002479 0.025171 0.025156
v -0.003143 0.031916 0.043219
v -0.002880 0.029243 0.033291
vn -0.0000 -0.0000 -1.0000
vn -0.0807 0.8193 -0.5677
vn -0.0844 0.8569 -0.5085
vn -0.0000 0.8611 -0.5085
vn -0.0000 0.8233 -0.5677
vn 0.1951 0.9808 0.0062
vn 0.0980 0.9952 0.0062
vn 0.0977 0.9924 0.0754
vn 0.1945 0.9780 0.0754
vn 0.2903 0.9569 0.0062
vn 0.2895 0.9542 0.0754
vn 0.3827 0.9239 0.0062
vn 0.3816 0.9213 0.0754
vn 0.4714 0.8819 0.0062
vn 0.4701 0.8794 0.0754
vn 0.5556 0.8315 0.0062
vn 0.5540 0.8291 0.0754
vn 0.6344 0.7730 0.0062
vn 0.6326 0.7708 0.0754
vn 0.7071 0.7071 0.0062
vn 0.7051 0.7051 0.0754
vn 0.7730 0.6344 0.0062
vn 0.7708 0.6326 0.0754
vn 0.8315 0.5556 0.0062
vn 0.8291 0.5540 0.0754
vn 0.8819 0.4714 0.0062
vn 0.8794 0.4701 0.0754
vn 0.9239 0.3827 0.0062
vn 0.9213 0.3816 0.0754
vn 0.9569 0.2903 0.0062
vn 0.9542 0.2895 0.0754
vn 0.9808 0.1951 0.0062
vn 0.9780 0.1945 0.0754
vn 0.9952 0.0980 0.0062
vn 0.9924 0.0977 0.0754
vn 1.0000 -0.0000 0.0062
vn 0.9972 -0.0000 0.0754
vn 0.9952 -0.0980 0.0062
vn 0.9924 -0.0977 0.0754
vn 0.9808 -0.1951 0.0062
vn 0.9780 -0.1945 0.0754
vn 0.9569 -0.2903 0.0062
vn 0.9542 -0.2895 0.0754
vn 0.9239 -0.3827 0.0062
vn 0.9213 -0.3816 0.0754
vn 0.8819 -0.4714 0.0062
vn 0.8794 -0.4701 0.0754
vn 0.8315 -0.5556 0.0062
vn 0.8291 -0.5540 0.0754
vn 0.7730 -0.6344 0.0062
vn 0.7708 -0.6326 0.0754
vn 0.7071 -0.7071 0.0062
vn 0.7051 -0.7051 0.0754
vn 0.6344 -0.7730 0.0062
vn 0.6326 -0.7708 0.0754
vn 0.5556 -0.8315 0.0062
vn 0.5540 -0.8291 0.0754
vn 0.4714 -0.8819 0.0062
vn 0.4701 -0.8794 0.0754
vn 0.3827 -0.9239 0.0062
vn 0.3816 -0.9213 0.0754
vn 0.2903 -0.9569 0.0062
vn 0.2895 -0.9542 0.0754
vn 0.1951 -0.9808 0.0062
vn 0.1945 -0.9780 0.0754
vn 0.0980 -0.9952 0.0062
vn 0.0977 -0.9924 0.0754
vn -0.0000 -1.0000 0.0062
vn -0.0000 -0.9972 0.0754
vn -0.0980 -0.9952 0.0062
vn -0.0977 -0.9924 0.0754
vn -0.1951 -0.9808 0.0062
vn -0.1945 -0.9780 0.0754
vn -0.2903 -0.9569 0.0062
vn -0.2895 -0.9542 0.0754
vn -0.3827 -0.9239 0.0062
vn -0.3816 -0.9213 0.0754
vn -0.4714 -0.8819 0.0062
vn -0.4701 -0.8794 0.0754
vn -0.5556 -0.8315 0.0062
vn -0.5540 -0.8291 0.0754
vn -0.6344 -0.7730 0.0062
vn -0.6326 -0.7708 0.0754
vn -0.7071 -0.7071 0.0062
vn -0.7051 -0.7051 0.0754
vn -0.7730 -0.6344 0.0062
vn -0.7708 -0.6326 0.0754
vn -0.8315 -0.5556 0.0062
vn -0.8291 -0.5540 0.0754
vn -0.8819 -0.4714 0.0062
vn -0.8794 -0.4701 0.0754
vn -0.9239 -0.3827 0.0062
vn -0.9213 -0.3816 0.0754
vn -0.9569 -0.2903 0.0062
vn -0.9542 -0.2895 0.0754
vn -0.9808 -0.1951 0.0062
vn -0.9780 -0.1945 0.0754
vn -0.9952 -0.0980 0.0062
vn -0.9924 -0.0977 0.0754
vn -1.0000 -0.0000 0.0062
vn -0.9972 -0.0000 0.0754
vn -0.9952 0.0980 0.0062
vn -0.9924 0.0977 0.0754
vn -0.9808 0.1951 0.0062
vn -0.9780 0.1945 0.0754
vn -0.9569 0.2903 0.0062
vn -0.9542 0.2895 0.0754
vn -0.9239 0.3827 0.0062
vn -0.9213 0.3816 0.0754
vn -0.8819 0.4714 0.0062
vn -0.8794 0.4701 0.0754
vn -0.8315 0.5556 0.0062
vn -0.8291 0.5540 0.0754
vn -0.7730 0.6344 0.0062
vn -0.7708 0.6326 0.0754
vn -0.7071 0.7071 0.0062
vn -0.7051 0.7051 0.0754
vn -0.6344 0.7730 0.0062
vn -0.6326 0.7708 0.0754
vn -0.5556 0.8315 0.0062
vn -0.5540 0.8291 0.0754
vn -0.4714 0.8819 0.0062
vn -0.4701 0.8794 0.0754
vn -0.3827 0.9239 0.0062
vn -0.3816 0.9213 0.0754
vn -0.2903 0.9569 0.0062
vn -0.2895 0.9542 0.0754
vn -0.1951 0.9808 0.0062
vn -0.1945 0.9780 0.0754
vn -0.0980 0.9952 0.0062
vn -0.0977 0.9924 0.0754
vn -0.0000 1.0000 0.0062
vn -0.0000 0.9972 0.0754
vn -0.5223 0.6364 -0.5677
vn -0.5463 0.6656 -0.5085
vn -0.4784 0.7160 -0.5085
vn -0.4574 0.6845 -0.5677
vn -0.7606 -0.3150 -0.5677
vn -0.7955 -0.3295 -0.5085
vn -0.8240 -0.2500 -0.5085
vn -0.7878 -0.2390 -0.5677
vn 0.0807 0.8193 -0.5677
vn 0.0844 0.8569 -0.5085
vn 0.1680 0.8445 -0.5085
vn 0.1606 0.8074 -0.5677
vn 0.0807 -0.8193 -0.5677
vn 0.0844 -0.8569 -0.5085
vn -0.0000 -0.8611 -0.5085
vn -0.0000 -0.8233 -0.5677
vn 0.8074 -0.1606 -0.5677
vn 0.8445 -0.1680 -0.5085
vn 0.8240 -0.2500 -0.5085
vn 0.7878 -0.2390 -0.5677
vn 0.3881 0.7260 -0.5677
vn 0.4059 0.7594 -0.5085
vn 0.4784 0.7160 -0.5085
vn 0.4574 0.6845 -0.5677
vn -0.7878 0.2390 -0.5677
vn -0.8240 0.2500 -0.5085
vn -0.7955 0.3295 -0.5085
vn -0.7606 0.3150 -0.5677
vn -0.4574 -0.6845 -0.5677
vn -0.4784 -0.7160 -0.5085
vn -0.5463 -0.6656 -0.5085
vn -0.5223 -0.6364 -0.5677
vn 0.5223 -0.6364 -0.5677
vn 0.5463 -0.6656 -0.5085
vn 0.4784 -0.7160 -0.5085
vn 0.4574 -0.6845 -0.5677
vn 0.7606 0.3150 -0.5677
vn 0.7955 0.3295 -0.5085
vn 0.8240 0.2500 -0.5085
vn 0.7878 0.2390 -0.5677
vn -0.4059 0.7594 -0.5085
vn -0.3881 0.7260 -0.5677
vn -0.8445 -0.1680 -0.5085
vn -0.8074 -0.1606 -0.5677
vn -0.0844 -0.8569 -0.5085
vn -0.0807 -0.8193 -0.5677
vn 0.7955 -0.3295 -0.5085
vn 0.7606 -0.3150 -0.5677
vn 0.5463 0.6656 -0.5085
vn 0.5223 0.6364 -0.5677
vn -0.7594 0.4059 -0.5085
vn -0.7260 0.3881 -0.5677
vn -0.6089 -0.6089 -0.5085
vn -0.5821 -0.5821 -0.5677
vn 0.4059 -0.7594 -0.5085
vn 0.3881 -0.7260 -0.5677
vn 0.8445 0.1680 -0.5085
vn 0.8074 0.1606 -0.5677
vn -0.3295 0.7955 -0.5085
vn -0.3150 0.7606 -0.5677
vn -0.8569 -0.0844 -0.5085
vn -0.8193 -0.0807 -0.5677
vn -0.1680 -0.8445 -0.5085
vn -0.1606 -0.8074 -0.5677
vn 0.7594 -0.4059 -0.5085
vn 0.7260 -0.3881 -0.5677
vn 0.6089 0.6089 -0.5085
vn 0.5821 0.5821 -0.5677
vn -0.7160 0.4784 -0.5085
vn -0.6845 0.4574 -0.5677
vn -0.6656 -0.5463 -0.5085
vn -0.6364 -0.5223 -0.5677
vn 0.3295 -0.7955 -0.5085
vn 0.3150 -0.7606 -0.5677
vn 0.8569 0.0844 -0.5085
vn 0.8193 0.0807 -0.5677
vn -0.2500 0.8240 -0.5085
vn -0.2390 0.7878 -0.5677
vn -0.8611 -0.0000 -0.5085
vn -0.8233 -0.0000 -0.5677
vn -0.2500 -0.8240 -0.5085
vn -0.2390 -0.7878 -0.5677
vn 0.7160 -0.4784 -0.5085
vn 0.6845 -0.4574 -0.5677
vn 0.6656 0.5463 -0.5085
vn 0.6364 0.5223 -0.5677
vn -0.6656 0.5463 -0.5085
vn -0.6364 0.5223 -0.5677
vn -0.7160 -0.4784 -0.5085
vn -0.6845 -0.4574 -0.5677
vn 0.2500 -0.8240 -0.5085
vn 0.2390 -0.7878 -0.5677
vn 0.8611 -0.0000 -0.5085
vn 0.8233 -0.0000 -0.5677
vn 0.2500 0.8240 -0.5085
vn 0.2390 0.7878 -0.5677
vn -0.1680 0.8445 -0.5085
vn -0.1606 0.8074 -0.5677
vn -0.8569 0.0844 -0.5085
vn -0.8193 0.0807 -0.5677
vn -0.3295 -0.7955 -0.5085
vn -0.3150 -0.7606 -0.5677
vn 0.6656 -0.5463 -0.5085
vn 0.6364 -0.5223 -0.5677
vn 0.7160 0.4784 -0.5085
vn 0.6845 0.4574 -0.5677
vn -0.6089 0.6089 -0.5085
vn -0.5821 0.5821 -0.5677
vn -0.7594 -0.4059 -0.5085
vn -0.7260 -0.3881 -0.5677
vn 0.1680 -0.8445 -0.5085
vn 0.1606 -0.8074 -0.5677
vn 0.8569 -0.0844 -0.5085
vn 0.8193 -0.0807 -0.5677
vn 0.3295 0.7955 -0.5085
vn 0.3150 0.7606 -0.5677
vn -0.8445 0.1680 -0.5085
vn -0.8074 0.1606 -0.5677
vn -0.4059 -0.7594 -0.5085
vn -0.3881 -0.7260 -0.5677
vn 0.6089 -0.6089 -0.5085
vn 0.5821 -0.5821 -0.5677
vn 0.7594 0.4059 -0.5085
vn 0.7260 0.3881 -0.5677
vn -0.0980 0.9952 -0.0000
vn -0.0000 1.0000 -0.0000
vn 0.1951 -0.9808 -0.0000
vn 0.0980 -0.9952 -0.0000
vn 0.9952 -0.0980 -0.0000
vn 0.9808 -0.1951 -0.0000
vn 0.3827 0.9239 -0.0000
vn 0.4714 0.8819 -0.0000
vn -0.9808 0.1951 -0.0000
vn -0.9569 0.2903 -0.0000
vn -0.4714 -0.8819 -0.0000
vn -0.5556 -0.8315 -0.0000
vn 0.7071 -0.7071 -0.0000
vn 0.6344 -0.7730 -0.0000
vn 0.8819 0.4714 -0.0000
vn 0.9239 0.3827 -0.0000
vn -0.6344 0.7730 -0.0000
vn -0.5556 0.8315 -0.0000
vn -0.9239 -0.3827 -0.0000
vn -0.9569 -0.2903 -0.0000
vn -0.0000 -1.0000 -0.0000
vn 0.9569 -0.2903 -0.0000
vn 0.5556 0.8315 -0.0000
vn -0.9239 0.3827 -0.0000
vn -0.6344 -0.7730 -0.0000
vn 0.5556 -0.8315 -0.0000
vn 0.9569 0.2903 -0.0000
vn -0.4714 0.8819 -0.0000
vn -0.9808 -0.1951 -0.0000
vn -0.0980 -0.9952 -0.0000
vn 0.9239 -0.3827 -0.0000
vn 0.6344 0.7730 -0.0000
vn -0.8819 0.4714 -0.0000
vn -0.7071 -0.7071 -0.0000
vn 0.0980 0.9952 -0.0000
vn 0.4714 -0.8819 -0.0000
vn 0.9808 0.1951 -0.0000
vn -0.3827 0.9239 -0.0000
vn -0.9952 -0.0980 -0.0000
vn -0.1951 -0.9808 -0.0000
vn 0.8819 -0.4714 -0.0000
vn 0.7071 0.7071 -0.0000
vn -0.8315 0.5556 -0.0000
vn -0.7730 -0.6344 -0.0000
vn 0.3827 -0.9239 -0.0000
vn 0.9952 0.0980 -0.0000
vn 0.1951 0.9808 -0.0000
vn -0.2903 0.9569 -0.0000
vn -1.0000 -0.0000 -0.0000
vn -0.2903 -0.9569 -0.0000
vn 0.8315 -0.5556 -0.0000
vn 0.7730 0.6344 -0.0000
vn -0.7730 0.6344 -0.0000
vn -0.8315 -0.5556 -0.0000
vn 0.2903 -0.9569 -0.0000
vn 1.0000 -0.0000 -0.0000
vn 0.2903 0.9569 -0.0000
vn -0.1951 0.9808 -0.0000
vn -0.9952 0.0980 -0.0000
vn -0.3827 -0.9239 -0.0000
vn 0.7730 -0.6344 -0.0000
vn 0.8315 0.5556 -0.0000
vn -0.7071 0.7071 -0.0000
vn -0.8819 -0.4714 -0.0000
vn -0.0000 -0.0000 1.0000
vn 0.1738 -0.1738 0.9693
vn 0.1899 -0.1559 0.9693
vn -0.2351 0.0713 0.9693
vn -0.2410 0.0479 0.9693
vn 0.1559 -0.1899 0.9693
vn -0.2270 0.0940 0.9693
vn 0.1365 -0.2043 0.9693
vn -0.2167 0.1158 0.9693
vn 0.1158 -0.2167 0.9693
vn 0.0241 0.2445 0.9693
vn -0.0000 0.2457 0.9693
vn -0.2043 0.1365 0.9693
vn 0.0940 -0.2270 0.9693
vn 0.0479 0.2410 0.9693
vn -0.1899 0.1559 0.9693
vn 0.0713 -0.2351 0.9693
vn 0.0713 0.2351 0.9693
vn -0.1738 0.1738 0.9693
vn 0.0479 -0.2410 0.9693
vn 0.0940 0.2270 0.9693
vn -0.1559 0.1899 0.9693
vn 0.0241 -0.2445 0.9693
vn 0.1158 0.2167 0.9693
vn -0.1365 0.2043 0.9693
vn -0.0000 -0.2457 0.9693
vn 0.1365 0.2043 0.9693
vn -0.1158 0.2167 0.9693
vn -0.0241 -0.2445 0.9693
vn 0.1559 0.1899 0.9693
vn -0.0940 0.2270 0.9693
vn -0.0479 -0.2410 0.9693
vn 0.1738 0.1738 0.9693
vn -0.0713 0.2351 0.9693
vn -0.0713 -0.2351 0.9693
vn 0.1899 0.1559 0.9693
vn -0.0479 0.2410 0.9693
vn -0.0940 -0.2270 0.9693
vn 0.2043 0.1365 0.9693
vn -0.0241 0.2445 0.9693
vn -0.1158 -0.2167 0.9693
vn 0.2167 0.1158 0.9693
vn -0.1365 -0.2043 0.9693
vn 0.2270 0.0940 0.9693
vn -0.1559 -0.1899 0.9693
vn 0.2351 0.0713 0.9693
vn -0.1738 -0.1738 0.9693
vn 0.2410 0.0479 0.9693
vn -0.1899 -0.1559 0.9693
vn 0.2445 0.0241 0.9693
vn -0.2043 -0.1365 0.9693
vn 0.2457 -0.0000 0.9693
vn -0.2167 -0.1158 0.9693
vn 0.2445 -0.0241 0.9693
vn -0.2270 -0.0940 0.9693
vn 0.2410 -0.0479 0.9693
vn -0.2351 -0.0713 0.9693
vn 0.2351 -0.0713 0.9693
vn -0.2410 -0.0479 0.9693
vn 0.2270 -0.0940 0.9693
vn -0.2445 -0.0241 0.9693
vn 0.2167 -0.1158 0.9693
vn -0.2457 -0.0000 0.9693
vn 0.2043 -0.1365 0.9693
vn -0.2445 0.0241 0.9693
vn 0.2218 -0.4149 0.8824
vn 0.2614 -0.3912 0.8824
vn 0.0461 0.4682 0.8824
vn -0.0000 0.4704 0.8824
vn -0.3912 0.2614 0.8824
vn -0.4149 0.2218 0.8824
vn 0.1800 -0.4346 0.8824
vn 0.0918 0.4614 0.8824
vn -0.3637 0.2984 0.8824
vn 0.1366 -0.4502 0.8824
vn 0.1366 0.4502 0.8824
vn -0.3327 0.3327 0.8824
vn 0.0918 -0.4614 0.8824
vn 0.1800 0.4346 0.8824
vn -0.2984 0.3637 0.8824
vn 0.0461 -0.4682 0.8824
vn 0.2218 0.4149 0.8824
vn -0.2614 0.3912 0.8824
vn -0.0000 -0.4704 0.8824
vn 0.2614 0.3912 0.8824
vn -0.2218 0.4149 0.8824
vn -0.0461 -0.4682 0.8824
vn 0.2984 0.3637 0.8824
vn -0.1800 0.4346 0.8824
vn -0.0918 -0.4614 0.8824
vn 0.3327 0.3327 0.8824
vn -0.1366 0.4502 0.8824
vn -0.1366 -0.4502 0.8824
vn 0.3637 0.2984 0.8824
vn -0.0918 0.4614 0.8824
vn -0.1800 -0.4346 0.8824
vn 0.3912 0.2614 0.8824
vn -0.0461 0.4682 0.8824
vn -0.2218 -0.4149 0.8824
vn 0.4149 0.2218 0.8824
vn -0.2614 -0.3912 0.8824
vn 0.4346 0.1800 0.8824
vn -0.2984 -0.3637 0.8824
vn 0.4502 0.1366 0.8824
vn -0.3327 -0.3327 0.8824
vn 0.4614 0.0918 0.8824
vn -0.3637 -0.2984 0.8824
vn 0.4682 0.0461 0.8824
vn -0.3912 -0.2614 0.8824
vn 0.4704 -0.0000 0.8824
vn -0.4149 -0.2218 0.8824
vn 0.4682 -0.0461 0.8824
vn -0.4346 -0.1800 0.8824
vn 0.4614 -0.0918 0.8824
vn -0.4502 -0.1366 0.8824
vn 0.4502 -0.1366 0.8824
vn -0.4614 -0.0918 0.8824
vn 0.4346 -0.1800 0.8824
vn -0.4682 -0.0461 0.8824
vn 0.4149 -0.2218 0.8824
vn -0.4704 -0.0000 0.8824
vn 0.3912 -0.2614 0.8824
vn -0.4682 0.0461 0.8824
vn 0.3637 -0.2984 0.8824
vn -0.4614 0.0918 0.8824
vn 0.3327 -0.3327 0.8824
vn -0.4502 0.1366 0.8824
vn 0.2984 -0.3637 0.8824
vn -0.4346 0.1800 0.8824
vn -0.0000 0.9346 -0.3557
vn 0.0916 0.9301 -0.3557
vn -0.0000 0.9867 -0.1624
vn 0.0967 0.9820 -0.1624
vn 0.1823 0.9166 -0.3557
vn 0.1925 0.9678 -0.1624
vn 0.2713 0.8944 -0.3557
vn 0.2864 0.9442 -0.1624
vn 0.3577 0.8635 -0.3557
vn 0.3776 0.9116 -0.1624
vn 0.4406 0.8242 -0.3557
vn 0.4651 0.8702 -0.1624
vn 0.5192 0.7771 -0.3557
vn 0.5482 0.8204 -0.1624
vn 0.5929 0.7225 -0.3557
vn 0.6260 0.7628 -0.1624
vn 0.6609 0.6609 -0.3557
vn 0.6977 0.6977 -0.1624
vn 0.7225 0.5929 -0.3557
vn 0.7628 0.6260 -0.1624
vn 0.7771 0.5192 -0.3557
vn 0.8204 0.5482 -0.1624
vn 0.8242 0.4406 -0.3557
vn 0.8702 0.4651 -0.1624
vn 0.8635 0.3577 -0.3557
vn 0.9116 0.3776 -0.1624
vn 0.8944 0.2713 -0.3557
vn 0.9442 0.2864 -0.1624
vn 0.9166 0.1823 -0.3557
vn 0.9678 0.1925 -0.1624
vn 0.9301 0.0916 -0.3557
vn 0.9820 0.0967 -0.1624
vn 0.9346 -0.0000 -0.3557
vn 0.9867 -0.0000 -0.1624
vn 0.9301 -0.0916 -0.3557
vn 0.9820 -0.0967 -0.1624
vn 0.9166 -0.1823 -0.3557
vn 0.9678 -0.1925 -0.1624
vn 0.8944 -0.2713 -0.3557
vn 0.9442 -0.2864 -0.1624
vn 0.8635 -0.3577 -0.3557
vn 0.9116 -0.3776 -0.1624
vn 0.8242 -0.4406 -0.3557
vn 0.8702 -0.4651 -0.1624
vn 0.7771 -0.5192 -0.3557
vn 0.8204 -0.5482 -0.1624
vn 0.7225 -0.5929 -0.3557
vn 0.7628 -0.6260 -0.1624
vn 0.6609 -0.6609 -0.3557
vn 0.6977 -0.6977 -0.1624
vn 0.5929 -0.7225 -0.3557
vn 0.6260 -0.7628 -0.1624
vn 0.5192 -0.7771 -0.3557
vn 0.5482 -0.8204 -0.1624
vn 0.4406 -0.8242 -0.3557
vn 0.4651 -0.8702 -0.1624
vn 0.3577 -0.8635 -0.3557
vn 0.3776 -0.9116 -0.1624
vn 0.2713 -0.8944 -0.3557
vn 0.2864 -0.9442 -0.1624
vn 0.1823 -0.9166 -0.3557
vn 0.1925 -0.9678 -0.1624
vn 0.0916 -0.9301 -0.3557
vn 0.0967 -0.9820 -0.1624
vn -0.0000 -0.9346 -0.3557
vn -0.0000 -0.9867 -0.1624
vn -0.0916 -0.9301 -0.3557
vn -0.0967 -0.9820 -0.1624
vn -0.1823 -0.9166 -0.3557
vn -0.1925 -0.9678 -0.1624
vn -0.2713 -0.8944 -0.3557
vn -0.2864 -0.9442 -0.1624
vn -0.3577 -0.8635 -0.3557
vn -0.3776 -0.9116 -0.1624
vn -0.4406 -0.8242 -0.3557
vn -0.4651 -0.8702 -0.1624
vn -0.5192 -0.7771 -0.3557
vn -0.5482 -0.8204 -0.1624
vn -0.5929 -0.7225 -0.3557
vn -0.6260 -0.7628 -0.1624
vn -0.6609 -0.6609 -0.3557
vn -0.6977 -0.6977 -0.1624
vn -0.7225 -0.5929 -0.3557
vn -0.7628 -0.6260 -0.1624
vn -0.7771 -0.5192 -0.3557
vn -0.8204 -0.5482 -0.1624
vn -0.8242 -0.4406 -0.3557
vn -0.8702 -0.4651 -0.1624
vn -0.8635 -0.3577 -0.3557
vn -0.9116 -0.3776 -0.1624
vn -0.8944 -0.2713 -0.3557
vn -0.9442 -0.2864 -0.1624
vn -0.9166 -0.1823 -0.3557
vn -0.9678 -0.1925 -0.1624
vn -0.9301 -0.0916 -0.3557
vn -0.9820 -0.0967 -0.1624
vn -0.9346 -0.0000 -0.3557
vn -0.9867 -0.0000 -0.1624
vn -0.9301 0.0916 -0.3557
vn -0.9820 0.0967 -0.1624
vn -0.9166 0.1823 -0.3557
vn -0.9678 0.1925 -0.1624
vn -0.8944 0.2713 -0.3557
vn -0.9442 0.2864 -0.1624
vn -0.8635 0.3577 -0.3557
vn -0.9116 0.3776 -0.1624
vn -0.8242 0.4406 -0.3557
vn -0.8702 0.4651 -0.1624
vn -0.7771 0.5192 -0.3557
vn -0.8204 0.5482 -0.1624
vn -0.7225 0.5929 -0.3557
vn -0.7628 0.6260 -0.1624
vn -0.6609 0.6609 -0.3557
vn -0.6977 0.6977 -0.1624
vn -0.5929 0.7225 -0.3557
vn -0.6260 0.7628 -0.1624
vn -0.5192 0.7771 -0.3557
vn -0.5482 0.8204 -0.1624
vn -0.4406 0.8242 -0.3557
vn -0.4651 0.8702 -0.1624
vn -0.3577 0.8635 -0.3557
vn -0.3776 0.9116 -0.1624
vn -0.2713 0.8944 -0.3557
vn -0.2864 0.9442 -0.1624
vn -0.1823 0.9166 -0.3557
vn -0.1925 0.9678 -0.1624
vn -0.0916 0.9301 -0.3557
vn -0.0967 0.9820 -0.1624
vn 0.0210 0.2132 0.9768
vn -0.0000 0.2143 0.9768
vn 0.0807 -0.8193 0.5676
vn -0.0000 -0.8233 0.5676
vn -0.0000 -0.8609 0.5087
vn 0.0844 -0.8568 0.5087
vn 0.0418 0.2101 0.9768
vn -0.1951 -0.9808 -0.0065
vn -0.1945 -0.9780 -0.0754
vn -0.0977 -0.9924 -0.0754
vn -0.0980 -0.9952 -0.0065
vn 0.0622 0.2050 0.9768
vn -0.2903 -0.9569 -0.0065
vn -0.2895 -0.9542 -0.0754
vn 0.0820 0.1979 0.9768
vn -0.3827 -0.9239 -0.0065
vn -0.3816 -0.9212 -0.0754
vn 0.1010 0.1890 0.9768
vn -0.4714 -0.8819 -0.0065
vn -0.4701 -0.8794 -0.0754
vn 0.1190 0.1781 0.9768
vn -0.5556 -0.8315 -0.0065
vn -0.5540 -0.8291 -0.0754
vn 0.1359 0.1656 0.9768
vn -0.6344 -0.7730 -0.0065
vn -0.6326 -0.7708 -0.0754
vn 0.1515 0.1515 0.9768
vn -0.7071 -0.7071 -0.0065
vn -0.7051 -0.7051 -0.0754
vn 0.1656 0.1359 0.9768
vn -0.7730 -0.6344 -0.0065
vn -0.7708 -0.6326 -0.0754
vn 0.1781 0.1190 0.9768
vn -0.8315 -0.5556 -0.0065
vn -0.8291 -0.5540 -0.0754
vn 0.1890 0.1010 0.9768
vn -0.8819 -0.4714 -0.0065
vn -0.8794 -0.4701 -0.0754
vn 0.1979 0.0820 0.9768
vn -0.9239 -0.3827 -0.0065
vn -0.9212 -0.3816 -0.0754
vn 0.2050 0.0622 0.9768
vn -0.9569 -0.2903 -0.0065
vn -0.9542 -0.2895 -0.0754
vn 0.2101 0.0418 0.9768
vn -0.9808 -0.1951 -0.0065
vn -0.9780 -0.1945 -0.0754
vn 0.2132 0.0210 0.9768
vn -0.9952 -0.0980 -0.0065
vn -0.9924 -0.0977 -0.0754
vn 0.2143 -0.0000 0.9768
vn -1.0000 -0.0000 -0.0065
vn -0.9972 -0.0000 -0.0754
vn 0.2132 -0.0210 0.9768
vn -0.9952 0.0980 -0.0065
vn -0.9924 0.0977 -0.0754
vn 0.2101 -0.0418 0.9768
vn -0.9808 0.1951 -0.0065
vn -0.9780 0.1945 -0.0754
vn 0.2050 -0.0622 0.9768
vn -0.9569 0.2903 -0.0065
vn -0.9542 0.2895 -0.0754
vn 0.1979 -0.0820 0.9768
vn -0.9239 0.3827 -0.0065
vn -0.9212 0.3816 -0.0754
vn 0.1890 -0.1010 0.9768
vn -0.8819 0.4714 -0.0065
vn -0.8794 0.4701 -0.0754
vn 0.1781 -0.1190 0.9768
vn -0.8315 0.5556 -0.0065
vn -0.8291 0.5540 -0.0754
vn 0.1656 -0.1359 0.9768
vn -0.7730 0.6344 -0.0065
vn -0.7708 0.6326 -0.0754
vn 0.1515 -0.1515 0.9768
vn -0.7071 0.7071 -0.0065
vn -0.7051 0.7051 -0.0754
vn 0.1359 -0.1656 0.9768
vn -0.6344 0.7730 -0.0065
vn -0.6326 0.7708 -0.0754
vn 0.1190 -0.1781 0.9768
vn -0.5556 0.8315 -0.0065
vn -0.5540 0.8291 -0.0754
vn 0.1010 -0.1890 0.9768
vn -0.4714 0.8819 -0.0065
vn -0.4701 0.8794 -0.0754
vn 0.0820 -0.1979 0.9768
vn -0.3827 0.9239 -0.0065
vn -0.3816 0.9212 -0.0754
vn 0.0622 -0.2050 0.9768
vn -0.2903 0.9569 -0.0065
vn -0.2895 0.9542 -0.0754
vn 0.0418 -0.2101 0.9768
vn -0.1951 0.9808 -0.0065
vn -0.1945 0.9780 -0.0754
vn 0.0210 -0.2132 0.9768
vn -0.0980 0.9952 -0.0065
vn -0.0977 0.9924 -0.0754
vn -0.0000 -0.2143 0.9768
vn -0.0000 1.0000 -0.0065
vn -0.0000 0.9972 -0.0754
vn -0.0210 -0.2132 0.9768
vn 0.0980 0.9952 -0.0065
vn 0.0977 0.9924 -0.0754
vn -0.0418 -0.2101 0.9768
vn 0.1951 0.9808 -0.0065
vn 0.1945 0.9780 -0.0754
vn -0.0622 -0.2050 0.9768
vn 0.2903 0.9569 -0.0065
vn 0.2895 0.9542 -0.0754
vn -0.0820 -0.1979 0.9768
vn 0.3827 0.9239 -0.0065
vn 0.3816 0.9212 -0.0754
vn -0.1010 -0.1890 0.9768
vn 0.4714 0.8819 -0.0065
vn 0.4701 0.8794 -0.0754
vn -0.1190 -0.1781 0.9768
vn 0.5556 0.8315 -0.0065
vn 0.5540 0.8291 -0.0754
vn -0.1359 -0.1656 0.9768
vn 0.6344 0.7730 -0.0065
vn 0.6326 0.7708 -0.0754
vn -0.1515 -0.1515 0.9768
vn 0.7071 0.7071 -0.0065
vn 0.7051 0.7051 -0.0754
vn -0.1656 -0.1359 0.9768
vn 0.7730 0.6344 -0.0065
vn 0.7708 0.6326 -0.0754
vn -0.1781 -0.1190 0.9768
vn 0.8315 0.5556 -0.0065
vn 0.8291 0.5540 -0.0754
vn -0.1890 -0.1010 0.9768
vn 0.8819 0.4714 -0.0065
vn 0.8794 0.4701 -0.0754
vn -0.1979 -0.0820 0.9768
vn 0.9239 0.3827 -0.0065
vn 0.9212 0.3816 -0.0754
vn -0.2050 -0.0622 0.9768
vn 0.9569 0.2903 -0.0065
vn 0.9542 0.2895 -0.0754
vn -0.2101 -0.0418 0.9768
vn 0.9808 0.1951 -0.0065
vn 0.9780 0.1945 -0.0754
vn -0.2132 -0.0210 0.9768
vn 0.9952 0.0980 -0.0065
vn 0.9924 0.0977 -0.0754
vn -0.2143 -0.0000 0.9768
vn 1.0000 -0.0000 -0.0065
vn 0.9972 -0.0000 -0.0754
vn -0.2132 0.0210 0.9768
vn 0.9952 -0.0980 -0.0065
vn 0.9924 -0.0977 -0.0754
vn -0.2101 0.0418 0.9768
vn 0.9808 -0.1951 -0.0065
vn 0.9780 -0.1945 -0.0754
vn -0.2050 0.0622 0.9768
vn 0.9569 -0.2903 -0.0065
vn 0.9542 -0.2895 -0.0754
vn -0.1979 0.0820 0.9768
vn 0.9239 -0.3827 -0.0065
vn 0.9212 -0.3816 -0.0754
vn -0.1890 0.1010 0.9768
vn 0.8819 -0.4714 -0.0065
vn 0.8794 -0.4701 -0.0754
vn -0.1781 0.1190 0.9768
vn 0.8315 -0.5556 -0.0065
vn 0.8291 -0.5540 -0.0754
vn -0.1656 0.1359 0.9768
vn 0.7730 -0.6344 -0.0065
vn 0.7708 -0.6326 -0.0754
vn -0.1515 0.1515 0.9768
vn 0.7071 -0.7071 -0.0065
vn 0.7051 -0.7051 -0.0754
vn -0.1359 0.1656 0.9768
vn 0.6344 -0.7730 -0.0065
vn 0.6326 -0.7708 -0.0754
vn -0.1190 0.1781 0.9768
vn 0.5556 -0.8315 -0.0065
vn 0.5540 -0.8291 -0.0754
vn -0.1010 0.1890 0.9768
vn 0.4714 -0.8819 -0.0065
vn 0.4701 -0.8794 -0.0754
vn -0.0820 0.1979 0.9768
vn 0.3827 -0.9239 -0.0065
vn 0.3816 -0.9212 -0.0754
vn -0.0622 0.2050 0.9768
vn 0.2903 -0.9569 -0.0065
vn 0.2895 -0.9542 -0.0754
vn -0.0418 0.2101 0.9768
vn 0.1951 -0.9808 -0.0065
vn 0.1945 -0.9780 -0.0754
vn -0.0210 0.2132 0.9768
vn 0.0980 -0.9952 -0.0065
vn 0.0977 -0.9924 -0.0754
vn -0.0000 -1.0000 -0.0065
vn -0.0000 -0.9972 -0.0754
vn 0.5223 -0.6364 0.5676
vn 0.4574 -0.6846 0.5676
vn 0.4783 -0.7158 0.5087
vn 0.5462 -0.6655 0.5087
vn 0.7606 0.3151 0.5676
vn 0.7879 0.2390 0.5676
vn 0.8239 0.2499 0.5087
vn 0.7954 0.3295 0.5087
vn -0.0807 -0.8193 0.5676
vn -0.1606 -0.8075 0.5676
vn -0.1680 -0.8444 0.5087
vn -0.0844 -0.8568 0.5087
vn -0.0807 0.8193 0.5676
vn -0.0000 0.8233 0.5676
vn -0.0000 0.8609 0.5087
vn -0.0844 0.8568 0.5087
vn -0.8075 0.1606 0.5676
vn -0.7879 0.2390 0.5676
vn -0.8239 0.2499 0.5087
vn -0.8444 0.1680 0.5087
vn -0.3881 -0.7261 0.5676
vn -0.4574 -0.6846 0.5676
vn -0.4783 -0.7158 0.5087
vn -0.4058 -0.7593 0.5087
vn 0.7879 -0.2390 0.5676
vn 0.7606 -0.3151 0.5676
vn 0.7954 -0.3295 0.5087
vn 0.8239 -0.2499 0.5087
vn 0.4574 0.6846 0.5676
vn 0.5223 0.6364 0.5676
vn 0.5462 0.6655 0.5087
vn 0.4783 0.7158 0.5087
vn -0.5223 0.6364 0.5676
vn -0.4574 0.6846 0.5676
vn -0.4783 0.7158 0.5087
vn -0.5462 0.6655 0.5087
vn -0.7606 -0.3151 0.5676
vn -0.7879 -0.2390 0.5676
vn -0.8239 -0.2499 0.5087
vn -0.7954 -0.3295 0.5087
vn 0.3881 -0.7261 0.5676
vn 0.4058 -0.7593 0.5087
vn 0.8075 0.1606 0.5676
vn 0.8444 0.1680 0.5087
vn 0.0807 0.8193 0.5676
vn 0.0844 0.8568 0.5087
vn -0.7606 0.3151 0.5676
vn -0.7954 0.3295 0.5087
vn -0.5223 -0.6364 0.5676
vn -0.5462 -0.6655 0.5087
vn 0.7261 -0.3881 0.5676
vn 0.7593 -0.4058 0.5087
vn 0.5822 0.5822 0.5676
vn 0.6088 0.6088 0.5087
vn -0.3881 0.7261 0.5676
vn -0.4058 0.7593 0.5087
vn -0.8075 -0.1606 0.5676
vn -0.8444 -0.1680 0.5087
vn 0.3151 -0.7606 0.5676
vn 0.3295 -0.7954 0.5087
vn 0.8193 0.0807 0.5676
vn 0.8568 0.0844 0.5087
vn 0.1606 0.8075 0.5676
vn 0.1680 0.8444 0.5087
vn -0.7261 0.3881 0.5676
vn -0.7593 0.4058 0.5087
vn -0.5822 -0.5822 0.5676
vn -0.6088 -0.6088 0.5087
vn 0.6846 -0.4574 0.5676
vn 0.7158 -0.4783 0.5087
vn 0.6364 0.5223 0.5676
vn 0.6655 0.5462 0.5087
vn -0.3151 0.7606 0.5676
vn -0.3295 0.7954 0.5087
vn -0.8193 -0.0807 0.5676
vn -0.8568 -0.0844 0.5087
vn 0.2390 -0.7879 0.5676
vn 0.2499 -0.8239 0.5087
vn 0.8233 -0.0000 0.5676
vn 0.8609 -0.0000 0.5087
vn 0.2390 0.7879 0.5676
vn 0.2499 0.8239 0.5087
vn -0.6846 0.4574 0.5676
vn -0.7158 0.4783 0.5087
vn -0.6364 -0.5223 0.5676
vn -0.6655 -0.5462 0.5087
vn 0.6364 -0.5223 0.5676
vn 0.6655 -0.5462 0.5087
vn 0.6846 0.4574 0.5676
vn 0.7158 0.4783 0.5087
vn -0.2390 0.7879 0.5676
vn -0.2499 0.8239 0.5087
vn -0.8233 -0.0000 0.5676
vn -0.8609 -0.0000 0.5087
vn -0.2390 -0.7879 0.5676
vn -0.2499 -0.8239 0.5087
vn 0.1606 -0.8075 0.5676
vn 0.1680 -0.8444 0.5087
vn 0.8193 -0.0807 0.5676
vn 0.8568 -0.0844 0.5087
vn 0.3151 0.7606 0.5676
vn 0.3295 0.7954 0.5087
vn -0.6364 0.5223 0.5676
vn -0.6655 0.5462 0.5087
vn -0.6846 -0.4574 0.5676
vn -0.7158 -0.4783 0.5087
vn 0.5822 -0.5822 0.5676
vn 0.6088 -0.6088 0.5087
vn 0.7261 0.3881 0.5676
vn 0.7593 0.4058 0.5087
vn -0.1606 0.8075 0.5676
vn -0.1680 0.8444 0.5087
vn -0.8193 0.0807 0.5676
vn -0.8568 0.0844 0.5087
vn -0.3151 -0.7606 0.5676
vn -0.3295 -0.7954 0.5087
vn 0.8075 -0.1606 0.5676
vn 0.8444 -0.1680 0.5087
vn 0.3881 0.7261 0.5676
vn 0.4058 0.7593 0.5087
vn -0.5822 0.5822 0.5676
vn -0.6088 0.6088 0.5087
vn -0.7261 -0.3881 0.5676
vn -0.7593 -0.4058 0.5087
vn 0.0980 -0.9952 -0.0027
vn -0.0000 -1.0000 -0.0027
vn -0.1951 0.9808 -0.0027
vn -0.0980 0.9952 -0.0027
vn -0.9952 0.0980 -0.0027
vn -0.9808 0.1951 -0.0027
vn -0.3827 -0.9239 -0.0027
vn -0.4714 -0.8819 -0.0027
vn 0.9808 -0.1951 -0.0027
vn 0.9569 -0.2903 -0.0027
vn 0.4714 0.8819 -0.0027
vn 0.5556 0.8315 -0.0027
vn -0.7071 0.7071 -0.0027
vn -0.6344 0.7730 -0.0027
vn -0.8819 -0.4714 -0.0027
vn -0.9239 -0.3827 -0.0027
vn 0.6344 -0.7730 -0.0027
vn 0.5556 -0.8315 -0.0027
vn 0.9239 0.3827 -0.0027
vn 0.9569 0.2903 -0.0027
vn -0.0000 1.0000 -0.0027
vn -0.9569 0.2903 -0.0027
vn -0.5556 -0.8315 -0.0027
vn 0.9239 -0.3827 -0.0027
vn 0.6344 0.7730 -0.0027
vn -0.5556 0.8315 -0.0027
vn -0.9569 -0.2903 -0.0027
vn 0.4714 -0.8819 -0.0027
vn 0.9808 0.1951 -0.0027
vn 0.0980 0.9952 -0.0027
vn -0.9239 0.3827 -0.0027
vn -0.6344 -0.7730 -0.0027
vn 0.8819 -0.4714 -0.0027
vn 0.7071 0.7071 -0.0027
vn -0.0980 -0.9952 -0.0027
vn -0.4714 0.8819 -0.0027
vn -0.9808 -0.1951 -0.0027
vn 0.3827 -0.9239 -0.0027
vn 0.9952 0.0980 -0.0027
vn 0.1951 0.9808 -0.0027
vn -0.8819 0.4714 -0.0027
vn -0.7071 -0.7071 -0.0027
vn 0.8315 -0.5556 -0.0027
vn 0.7730 0.6344 -0.0027
vn -0.3827 0.9239 -0.0027
vn -0.9952 -0.0980 -0.0027
vn -0.1951 -0.9808 -0.0027
vn 0.2903 -0.9569 -0.0027
vn 1.0000 -0.0000 -0.0027
vn 0.2903 0.9569 -0.0027
vn -0.8315 0.5556 -0.0027
vn -0.7730 -0.6344 -0.0027
vn 0.7730 -0.6344 -0.0027
vn 0.8315 0.5556 -0.0027
vn -0.2903 0.9569 -0.0027
vn -1.0000 -0.0000 -0.0027
vn -0.2903 -0.9569 -0.0027
vn 0.1951 -0.9808 -0.0027
vn 0.9952 -0.0980 -0.0027
vn 0.3827 0.9239 -0.0027
vn -0.7730 0.6344 -0.0027
vn -0.8315 -0.5556 -0.0027
vn 0.7071 -0.7071 -0.0027
vn 0.8819 0.4714 -0.0027
vn -0.0375 -0.3806 -0.9240
vn -0.0746 -0.3751 -0.9240
vn 0.3180 -0.2125 -0.9240
vn 0.2956 -0.2426 -0.9240
vn -0.1463 0.3533 -0.9240
vn -0.1110 0.3659 -0.9240
vn -0.1110 -0.3659 -0.9240
vn 0.2704 -0.2704 -0.9240
vn -0.0746 0.3751 -0.9240
vn -0.1463 -0.3533 -0.9240
vn 0.2426 -0.2956 -0.9240
vn -0.0375 0.3806 -0.9240
vn -0.1803 -0.3373 -0.9240
vn 0.2125 -0.3180 -0.9240
vn -0.0000 0.3824 -0.9240
vn -0.2125 -0.3180 -0.9240
vn 0.1803 -0.3373 -0.9240
vn 0.0375 0.3806 -0.9240
vn -0.2426 -0.2956 -0.9240
vn 0.1463 -0.3533 -0.9240
vn 0.0746 0.3751 -0.9240
vn -0.2704 -0.2704 -0.9240
vn 0.1110 -0.3659 -0.9240
vn 0.1110 0.3659 -0.9240
vn -0.2956 -0.2426 -0.9240
vn 0.0746 -0.3751 -0.9240
vn 0.1463 0.3533 -0.9240
vn -0.3180 -0.2125 -0.9240
vn 0.0375 -0.3806 -0.9240
vn 0.1803 0.3373 -0.9240
vn -0.3373 -0.1803 -0.9240
vn -0.0000 -0.3824 -0.9240
vn 0.2124 0.3180 -0.9240
vn -0.3533 -0.1463 -0.9240
vn 0.2426 0.2956 -0.9240
vn -0.3659 -0.1110 -0.9240
vn 0.2704 0.2704 -0.9240
vn -0.3751 -0.0746 -0.9240
vn 0.2956 0.2426 -0.9240
vn -0.3806 -0.0375 -0.9240
vn 0.3180 0.2125 -0.9240
vn -0.3824 -0.0000 -0.9240
vn 0.3373 0.1803 -0.9240
vn -0.3806 0.0375 -0.9240
vn 0.3533 0.1463 -0.9240
vn -0.3751 0.0746 -0.9240
vn 0.3659 0.1110 -0.9240
vn -0.3659 0.1110 -0.9240
vn 0.3751 0.0746 -0.9240
vn -0.3533 0.1463 -0.9240
vn 0.3806 0.0375 -0.9240
vn -0.3373 0.1803 -0.9240
vn 0.3824 -0.0000 -0.9240
vn -0.3180 0.2125 -0.9240
vn 0.3806 -0.0375 -0.9240
vn -0.2956 0.2426 -0.9240
vn 0.3751 -0.0746 -0.9240
vn -0.2704 0.2704 -0.9240
vn 0.3659 -0.1110 -0.9240
vn -0.2426 0.2956 -0.9240
vn 0.3533 -0.1463 -0.9240
vn -0.2125 0.3180 -0.9240
vn 0.3373 -0.1803 -0.9240
vn -0.1803 0.3373 -0.9240
vn 0.0957 -0.0785 0.9923
vn 0.0875 -0.0875 0.9923
vn -0.1214 0.0242 0.9923
vn -0.1185 0.0359 0.9923
vn 0.0785 -0.0957 0.9923
vn -0.1144 0.0474 0.9923
vn 0.0688 -0.1029 0.9923
vn -0.1092 0.0584 0.9923
vn 0.0584 -0.1092 0.9923
vn -0.0000 0.1238 0.9923
vn 0.0121 0.1232 0.9923
vn -0.1029 0.0688 0.9923
vn 0.0474 -0.1144 0.9923
vn 0.0242 0.1214 0.9923
vn -0.0957 0.0785 0.9923
vn 0.0359 -0.1185 0.9923
vn 0.0359 0.1185 0.9923
vn -0.0875 0.0875 0.9923
vn 0.0242 -0.1214 0.9923
vn 0.0474 0.1144 0.9923
vn -0.0785 0.0957 0.9923
vn 0.0121 -0.1232 0.9923
vn 0.0584 0.1092 0.9923
vn -0.0688 0.1029 0.9923
vn -0.0000 -0.1238 0.9923
vn 0.0688 0.1029 0.9923
vn -0.0584 0.1092 0.9923
vn -0.0121 -0.1232 0.9923
vn 0.0785 0.0957 0.9923
vn -0.0474 0.1144 0.9923
vn -0.0242 -0.1214 0.9923
vn 0.0875 0.0875 0.9923
vn -0.0359 0.1185 0.9923
vn -0.0359 -0.1185 0.9923
vn 0.0957 0.0785 0.9923
vn -0.0242 0.1214 0.9923
vn -0.0474 -0.1144 0.9923
vn 0.1029 0.0688 0.9923
vn -0.0121 0.1232 0.9923
vn -0.0584 -0.1092 0.9923
vn 0.1092 0.0584 0.9923
vn -0.0688 -0.1029 0.9923
vn 0.1144 0.0474 0.9923
vn -0.0785 -0.0957 0.9923
vn 0.1185 0.0359 0.9923
vn -0.0875 -0.0875 0.9923
vn 0.1214 0.0242 0.9923
vn -0.0957 -0.0785 0.9923
vn 0.1232 0.0121 0.9923
vn -0.1029 -0.0688 0.9923
vn 0.1238 -0.0000 0.9923
vn -0.1092 -0.0584 0.9923
vn 0.1232 -0.0121 0.9923
vn -0.1144 -0.0474 0.9923
vn 0.1214 -0.0242 0.9923
vn -0.1185 -0.0359 0.9923
vn 0.1185 -0.0359 0.9923
vn -0.1214 -0.0242 0.9923
vn 0.1144 -0.0474 0.9923
vn -0.1232 -0.0121 0.9923
vn 0.1092 -0.0584 0.9923
vn -0.1238 -0.0000 0.9923
vn 0.1029 -0.0688 0.9923
vn -0.1232 0.0121 0.9923
vn -0.2573 0.3850 -0.8863
vn -0.2183 0.4084 -0.8863
vn -0.0000 -0.4631 -0.8863
vn -0.0454 -0.4608 -0.8863
vn 0.4084 -0.2183 -0.8863
vn 0.3850 -0.2573 -0.8863
vn -0.1772 0.4278 -0.8863
vn -0.0903 -0.4542 -0.8863
vn 0.3580 -0.2938 -0.8863
vn -0.1344 0.4431 -0.8863
vn -0.1344 -0.4431 -0.8863
vn 0.3274 -0.3274 -0.8863
vn -0.0903 0.4542 -0.8863
vn -0.1772 -0.4278 -0.8863
vn 0.2938 -0.3580 -0.8863
vn -0.0454 0.4608 -0.8863
vn -0.2183 -0.4084 -0.8863
vn 0.2573 -0.3850 -0.8863
vn -0.0000 0.4631 -0.8863
vn -0.2573 -0.3850 -0.8863
vn 0.2183 -0.4084 -0.8863
vn 0.0454 0.4608 -0.8863
vn -0.2938 -0.3580 -0.8863
vn 0.1772 -0.4278 -0.8863
vn 0.0903 0.4542 -0.8863
vn -0.3274 -0.3274 -0.8863
vn 0.1344 -0.4431 -0.8863
vn 0.1344 0.4431 -0.8863
vn -0.3580 -0.2938 -0.8863
vn 0.0903 -0.4542 -0.8863
vn 0.1772 0.4278 -0.8863
vn -0.3850 -0.2573 -0.8863
vn 0.0454 -0.4608 -0.8863
vn 0.2183 0.4084 -0.8863
vn -0.4084 -0.2183 -0.8863
vn 0.2573 0.3850 -0.8863
vn -0.4278 -0.1772 -0.8863
vn 0.2938 0.3580 -0.8863
vn -0.4431 -0.1344 -0.8863
vn 0.3274 0.3274 -0.8863
vn -0.4542 -0.0903 -0.8863
vn 0.3580 0.2938 -0.8863
vn -0.4608 -0.0454 -0.8863
vn 0.3850 0.2573 -0.8863
vn -0.4631 -0.0000 -0.8863
vn 0.4084 0.2183 -0.8863
vn -0.4608 0.0454 -0.8863
vn 0.4278 0.1772 -0.8863
vn -0.4542 0.0903 -0.8863
vn 0.4431 0.1344 -0.8863
vn -0.4431 0.1344 -0.8863
vn 0.4542 0.0903 -0.8863
vn -0.4278 0.1772 -0.8863
vn 0.4608 0.0454 -0.8863
vn -0.4084 0.2183 -0.8863
vn 0.4631 -0.0000 -0.8863
vn -0.3850 0.2573 -0.8863
vn 0.4608 -0.0454 -0.8863
vn -0.3580 0.2938 -0.8863
vn 0.4542 -0.0903 -0.8863
vn -0.3274 0.3274 -0.8863
vn 0.4431 -0.1344 -0.8863
vn -0.2938 0.3580 -0.8863
vn 0.4278 -0.1772 -0.8863
vn 0.8894 0.3684 0.2706
vn 0.9212 0.2795 0.2706
vn -0.9442 0.1878 0.2706
vn -0.9212 0.2795 0.2706
vn 0.9442 0.1878 0.2706
vn -0.8894 0.3684 0.2706
vn 0.9581 0.0944 0.2706
vn -0.8490 0.4538 0.2706
vn 0.9627 -0.0000 0.2706
vn -0.8005 0.5348 0.2706
vn 0.9581 -0.0944 0.2706
vn -0.7442 0.6107 0.2706
vn 0.9442 -0.1878 0.2706
vn -0.6807 0.6807 0.2706
vn 0.9212 -0.2795 0.2706
vn -0.6107 0.7442 0.2706
vn 0.8894 -0.3684 0.2706
vn -0.5348 0.8005 0.2706
vn 0.8490 -0.4538 0.2706
vn -0.4538 0.8490 0.2706
vn -0.0000 -0.9627 0.2706
vn -0.0944 -0.9581 0.2706
vn 0.8005 -0.5348 0.2706
vn -0.3684 0.8894 0.2706
vn -0.1878 -0.9442 0.2706
vn 0.7442 -0.6107 0.2706
vn -0.2795 0.9212 0.2706
vn -0.2795 -0.9212 0.2706
vn 0.6807 -0.6807 0.2706
vn -0.1878 0.9442 0.2706
vn -0.3684 -0.8894 0.2706
vn 0.6107 -0.7442 0.2706
vn -0.0944 0.9581 0.2706
vn -0.4538 -0.8490 0.2706
vn 0.5348 -0.8004 0.2706
vn -0.0000 0.9627 0.2706
vn -0.5348 -0.8005 0.2706
vn 0.4538 -0.8490 0.2706
vn 0.0944 0.9581 0.2706
vn -0.6107 -0.7442 0.2706
vn 0.3684 -0.8894 0.2706
vn 0.1878 0.9442 0.2706
vn -0.6807 -0.6807 0.2706
vn 0.2795 -0.9212 0.2706
vn 0.2795 0.9212 0.2706
vn -0.7442 -0.6107 0.2706
vn 0.1878 -0.9442 0.2706
vn 0.3684 0.8894 0.2706
vn -0.8005 -0.5348 0.2706
vn 0.0944 -0.9581 0.2706
vn 0.4538 0.8490 0.2706
vn -0.8490 -0.4538 0.2706
vn 0.5348 0.8005 0.2706
vn 0.5348 0.8004 0.2706
vn -0.8894 -0.3684 0.2706
vn 0.6107 0.7442 0.2706
vn -0.9212 -0.2795 0.2706
vn 0.6807 0.6807 0.2706
vn -0.9442 -0.1878 0.2706
vn 0.7442 0.6107 0.2706
vn -0.9581 -0.0944 0.2706
vn 0.8005 0.5348 0.2706
vn -0.9627 -0.0000 0.2706
vn 0.8490 0.4538 0.2706
vn -0.9581 0.0944 0.2706
vn -0.0916 -0.9300 0.3560
vn -0.0000 -0.9345 0.3560
vn -0.0967 -0.9820 0.1621
vn -0.0000 -0.9868 0.1621
vn -0.1823 -0.9165 0.3560
vn -0.1925 -0.9678 0.1621
vn -0.2713 -0.8942 0.3560
vn -0.2864 -0.9443 0.1621
vn -0.3576 -0.8634 0.3560
vn -0.3776 -0.9117 0.1621
vn -0.4405 -0.8241 0.3560
vn -0.4652 -0.8703 0.1621
vn -0.5192 -0.7770 0.3560
vn -0.5482 -0.8205 0.1621
vn -0.5928 -0.7224 0.3560
vn -0.6260 -0.7628 0.1621
vn -0.6608 -0.6608 0.3560
vn -0.6978 -0.6978 0.1621
vn -0.7224 -0.5928 0.3560
vn -0.7628 -0.6260 0.1621
vn -0.7770 -0.5192 0.3560
vn -0.8205 -0.5482 0.1621
vn -0.8241 -0.4405 0.3560
vn -0.8703 -0.4652 0.1621
vn -0.8634 -0.3576 0.3560
vn -0.9117 -0.3776 0.1621
vn -0.8942 -0.2713 0.3560
vn -0.9443 -0.2864 0.1621
vn -0.9165 -0.1823 0.3560
vn -0.9678 -0.1925 0.1621
vn -0.9300 -0.0916 0.3560
vn -0.9820 -0.0967 0.1621
vn -0.9345 -0.0000 0.3560
vn -0.9868 -0.0000 0.1621
vn -0.9300 0.0916 0.3560
vn -0.9820 0.0967 0.1621
vn -0.9165 0.1823 0.3560
vn -0.9678 0.1925 0.1621
vn -0.8942 0.2713 0.3560
vn -0.9443 0.2864 0.1621
vn -0.8634 0.3576 0.3560
vn -0.9117 0.3776 0.1621
vn -0.8241 0.4405 0.3560
vn -0.8703 0.4652 0.1621
vn -0.7770 0.5192 0.3560
vn -0.8205 0.5482 0.1621
vn -0.7224 0.5928 0.3560
vn -0.7628 0.6260 0.1621
vn -0.6608 0.6608 0.3560
vn -0.6978 0.6978 0.1621
vn -0.5928 0.7224 0.3560
vn -0.6260 0.7628 0.1621
vn -0.5192 0.7770 0.3560
vn -0.5482 0.8205 0.1621
vn -0.4405 0.8241 0.3560
vn -0.4652 0.8703 0.1621
vn -0.3576 0.8634 0.3560
vn -0.3776 0.9117 0.1621
vn -0.2713 0.8942 0.3560
vn -0.2864 0.9443 0.1621
vn -0.1823 0.9165 0.3560
vn -0.1925 0.9678 0.1621
vn -0.0916 0.9300 0.3560
vn -0.0967 0.9820 0.1621
vn -0.0000 0.9345 0.3560
vn -0.0000 0.9868 0.1621
vn 0.0916 0.9300 0.3560
vn 0.0967 0.9820 0.1621
vn 0.1823 0.9165 0.3560
vn 0.1925 0.9678 0.1621
vn 0.2713 0.8942 0.3560
vn 0.2864 0.9443 0.1621
vn 0.3576 0.8634 0.3560
vn 0.3776 0.9117 0.1621
vn 0.4405 0.8241 0.3560
vn 0.4652 0.8703 0.1621
vn 0.5192 0.7770 0.3560
vn 0.5482 0.8205 0.1621
vn 0.5928 0.7224 0.3560
vn 0.6260 0.7628 0.1621
vn 0.6608 0.6608 0.3560
vn 0.6978 0.6978 0.1621
vn 0.7224 0.5928 0.3560
vn 0.7628 0.6260 0.1621
vn 0.7770 0.5192 0.3560
vn 0.8205 0.5482 0.1621
vn 0.8241 0.4405 0.3560
vn 0.8703 0.4652 0.1621
vn 0.8634 0.3576 0.3560
vn 0.9117 0.3776 0.1621
vn 0.8942 0.2713 0.3560
vn 0.9443 0.2864 0.1621
vn 0.9165 0.1823 0.3560
vn 0.9678 0.1925 0.1621
vn 0.9300 0.0916 0.3560
vn 0.9820 0.0967 0.1621
vn 0.9345 -0.0000 0.3560
vn 0.9868 -0.0000 0.1621
vn 0.9300 -0.0916 0.3560
vn 0.9820 -0.0967 0.1621
vn 0.9165 -0.1823 0.3560
vn 0.9678 -0.1925 0.1621
vn 0.8942 -0.2713 0.3560
vn 0.9443 -0.2864 0.1621
vn 0.8634 -0.3576 0.3560
vn 0.9117 -0.3776 0.1621
vn 0.8241 -0.4405 0.3560
vn 0.8703 -0.4652 0.1621
vn 0.7770 -0.5192 0.3560
vn 0.8205 -0.5482 0.1621
vn 0.7224 -0.5928 0.3560
vn 0.7628 -0.6260 0.1621
vn 0.6608 -0.6608 0.3560
vn 0.6978 -0.6978 0.1621
vn 0.5928 -0.7224 0.3560
vn 0.6260 -0.7628 0.1621
vn 0.5192 -0.7770 0.3560
vn 0.5482 -0.8205 0.1621
vn 0.4405 -0.8241 0.3560
vn 0.4652 -0.8703 0.1621
vn 0.3576 -0.8634 0.3560
vn 0.3776 -0.9117 0.1621
vn 0.2713 -0.8942 0.3560
vn 0.2864 -0.9443 0.1621
vn 0.1823 -0.9165 0.3560
vn 0.1925 -0.9678 0.1621
vn 0.0916 -0.9300 0.3560
vn 0.0967 -0.9820 0.1621
vn -0.0074 -0.0750 0.9972
vn -0.0000 -0.0753 0.9972
vn -0.0147 -0.0739 0.9972
vn -0.0219 -0.0721 0.9972
vn -0.0288 -0.0696 0.9972
vn -0.0355 -0.0665 0.9972
vn -0.0419 -0.0626 0.9972
vn -0.0478 -0.0582 0.9972
vn -0.0533 -0.0533 0.9972
vn -0.0582 -0.0478 0.9972
vn -0.0626 -0.0419 0.9972
vn -0.0665 -0.0355 0.9972
vn -0.0696 -0.0288 0.9972
vn -0.0721 -0.0219 0.9972
vn -0.0739 -0.0147 0.9972
vn -0.0750 -0.0074 0.9972
vn -0.0753 -0.0000 0.9972
vn -0.0750 0.0074 0.9972
vn -0.0739 0.0147 0.9972
vn -0.0721 0.0219 0.9972
vn -0.0696 0.0288 0.9972
vn -0.0664 0.0355 0.9972
vn -0.0626 0.0419 0.9972
vn -0.0582 0.0478 0.9972
vn -0.0533 0.0533 0.9972
vn -0.0478 0.0582 0.9972
vn -0.0419 0.0626 0.9972
vn -0.0355 0.0665 0.9972
vn -0.0288 0.0696 0.9972
vn -0.0219 0.0721 0.9972
vn -0.0147 0.0739 0.9972
vn -0.0074 0.0750 0.9972
vn -0.0000 0.0753 0.9972
vn 0.0074 0.0750 0.9972
vn 0.0147 0.0739 0.9972
vn 0.0219 0.0721 0.9972
vn 0.0288 0.0696 0.9972
vn 0.0355 0.0665 0.9972
vn 0.0419 0.0626 0.9972
vn 0.0478 0.0582 0.9972
vn 0.0533 0.0533 0.9972
vn 0.0582 0.0478 0.9972
vn 0.0626 0.0419 0.9972
vn 0.0665 0.0355 0.9972
vn 0.0696 0.0288 0.9972
vn 0.0721 0.0219 0.9972
vn 0.0739 0.0147 0.9972
vn 0.0750 0.0074 0.9972
vn 0.0753 -0.0000 0.9972
vn 0.0750 -0.0074 0.9972
vn 0.0739 -0.0147 0.9972
vn 0.0721 -0.0219 0.9972
vn 0.0696 -0.0288 0.9972
vn 0.0664 -0.0355 0.9972
vn 0.0626 -0.0419 0.9972
vn 0.0582 -0.0478 0.9972
vn 0.0533 -0.0533 0.9972
vn 0.0478 -0.0582 0.9972
vn 0.0419 -0.0626 0.9972
vn 0.0355 -0.0665 0.9972
vn 0.0288 -0.0696 0.9972
vn 0.0219 -0.0721 0.9972
vn 0.0147 -0.0739 0.9972
vn 0.0074 -0.0750 0.9972
vt 0.750000 0.250000
vt 0.750000 0.490000
vt 0.773524 0.488844
vt 0.015625 0.500000
vt 0.015625 0.858375
vt 0.000000 0.858375
vt 0.000000 0.500000
vt 0.796822 0.485388
vt 0.968750 1.000000
vt 0.984375 1.000000
vt 0.819668 0.479666
vt 0.953125 1.000000
vt 0.841844 0.471731
vt 0.937500 1.000000
vt 0.863135 0.461661
vt 0.921875 1.000000
vt 0.883337 0.449553
vt 0.906250 1.000000
vt 0.902254 0.435522
vt 0.890625 1.000000
vt 0.919706 0.419706
vt 0.875000 1.000000
vt 0.935522 0.402254
vt 0.859375 1.000000
vt 0.949553 0.383337
vt 0.843750 1.000000
vt 0.961661 0.363135
vt 0.828125 1.000000
vt 0.971731 0.341844
vt 0.812500 1.000000
vt 0.979666 0.319668
vt 0.796875 1.000000
vt 0.985388 0.296822
vt 0.781250 1.000000
vt 0.988844 0.273524
vt 0.765625 1.000000
vt 0.990000 0.250000
vt 0.750000 1.000000
vt 0.765625 1.000000
vt 0.988844 0.226476
vt 0.734375 1.000000
vt 0.985388 0.203178
vt 0.718750 1.000000
vt 0.979666 0.180332
vt 0.703125 1.000000
vt 0.971731 0.158156
vt 0.687500 1.000000
vt 0.961661 0.136865
vt 0.671875 1.000000
vt 0.949553 0.116663
vt 0.656250 1.000000
vt 0.935522 0.097746
vt 0.640625 1.000000
vt 0.919706 0.080294
vt 0.625000 1.000000
vt 0.902254 0.064478
vt 0.609375 1.000000
vt 0.625000 1.000000
vt 0.883337 0.050447
vt 0.593750 1.000000
vt 0.863135 0.038339
vt 0.578125 1.000000
vt 0.841844 0.028269
vt 0.562500 1.000000
vt 0.819668 0.020334
vt 0.546875 1.000000
vt 0.796822 0.014612
vt 0.531250 1.000000
vt 0.773524 0.011156
vt 0.515625 1.000000
vt 0.750000 0.010000
vt 0.500000 1.000000
vt 0.726476 0.011156
vt 0.484375 1.000000
vt 0.703178 0.014612
vt 0.468750 1.000000
vt 0.680332 0.020334
vt 0.453125 1.000000
vt 0.658156 0.028269
vt 0.437500 1.000000
vt 0.453125 1.000000
vt 0.636865 0.038339
vt 0.421875 1.000000
vt 0.616663 0.050447
vt 0.406250 1.000000
vt 0.597746 0.064478
vt 0.390625 1.000000
vt 0.406250 1.000000
vt 0.580294 0.080294
vt 0.375000 1.000000
vt 0.564478 0.097746
vt 0.359375 1.000000
vt 0.550447 0.116663
vt 0.343750 1.000000
vt 0.538339 0.136865
vt 0.328125 1.000000
vt 0.528269 0.158156
vt 0.312500 1.000000
vt 0.520334 0.180332
vt 0.296875 1.000000
vt 0.514612 0.203178
vt 0.281250 1.000000
vt 0.511156 0.226476
vt 0.265625 1.000000
vt 0.510000 0.250000
vt 0.250000 1.000000
vt 0.511156 0.273524
vt 0.234375 1.000000
vt 0.514612 0.296822
vt 0.218750 1.000000
vt 0.520334 0.319668
vt 0.203125 1.000000
vt 0.528269 0.341844
vt 0.187500 1.000000
vt 0.538339 0.363135
vt 0.171875 1.000000
vt 0.550447 0.383337
vt 0.156250 1.000000
vt 0.564478 0.402254
vt 0.140625 1.000000
vt 0.156250 1.000000
vt 0.580294 0.419706
vt 0.125000 1.000000
vt 0.597746 0.435522
vt 0.109375 1.000000
vt 0.616663 0.449553
vt 0.093750 1.000000
vt 0.636865 0.461661
vt 0.078125 1.000000
vt 0.658156 0.471731
vt 0.062500 1.000000
vt 0.078125 1.000000
vt 0.680332 0.479666
vt 0.046875 1.000000
vt 0.703178 0.485388
vt 0.031250 1.000000
vt 0.726476 0.488844
vt 0.015625 1.000000
vt 0.000000 1.000000
vt 0.109375 0.500000
vt 0.109375 0.858375
vt 0.093750 0.858376
vt 0.093750 0.500000
vt 0.312500 0.500000
vt 0.312500 0.858375
vt 0.296875 0.858376
vt 0.296875 0.500000
vt 0.984375 0.500000
vt 0.984375 0.858376
vt 0.968750 0.858375
vt 0.968750 0.500000
vt 0.515625 0.500000
vt 0.515625 0.858375
vt 0.500000 0.858375
vt 0.500000 0.500000
vt 0.718750 0.500000
vt 0.718750 0.858375
vt 0.703125 0.858375
vt 0.703125 0.500000
vt 0.921875 0.500000
vt 0.921875 0.858376
vt 0.906250 0.858375
vt 0.906250 0.500000
vt 0.203125 0.500000
vt 0.203125 0.858376
vt 0.187500 0.858375
vt 0.187500 0.500000
vt 0.406250 0.500000
vt 0.406250 0.858375
vt 0.390625 0.858375
vt 0.390625 0.500000
vt 0.609375 0.500000
vt 0.609375 0.858375
vt 0.593750 0.858376
vt 0.593750 0.500000
vt 0.812500 0.500000
vt 0.812500 0.858375
vt 0.796875 0.858376
vt 0.796875 0.500000
vt 0.093750 0.858375
vt 0.078125 0.858376
vt 0.078125 0.500000
vt 0.296875 0.858375
vt 0.281250 0.858375
vt 0.281250 0.500000
vt 0.500000 0.858375
vt 0.484375 0.858375
vt 0.484375 0.500000
vt 0.703125 0.858376
vt 0.687500 0.858375
vt 0.687500 0.500000
vt 0.906250 0.858375
vt 0.890625 0.858375
vt 0.890625 0.500000
vt 0.187500 0.858375
vt 0.171875 0.858375
vt 0.171875 0.500000
vt 0.390625 0.858376
vt 0.375000 0.858375
vt 0.375000 0.500000
vt 0.593750 0.858375
vt 0.578125 0.858376
vt 0.578125 0.500000
vt 0.796875 0.858375
vt 0.781250 0.858375
vt 0.781250 0.500000
vt 0.078125 0.858375
vt 0.062500 0.858375
vt 0.062500 0.500000
vt 0.265625 0.858376
vt 0.265625 0.500000
vt 0.484375 0.858376
vt 0.468750 0.858375
vt 0.468750 0.500000
vt 0.671875 0.858375
vt 0.671875 0.500000
vt 0.890625 0.858376
vt 0.875000 0.858375
vt 0.875000 0.500000
vt 0.171875 0.858376
vt 0.156250 0.858375
vt 0.156250 0.500000
vt 0.375000 0.858376
vt 0.359375 0.858375
vt 0.359375 0.500000
vt 1.000000 0.500000
vt 1.000000 0.858375
vt 0.984375 0.858375
vt 0.578125 0.858375
vt 0.562500 0.858375
vt 0.562500 0.500000
vt 0.781250 0.858375
vt 0.765625 0.858376
vt 0.765625 0.500000
vt 0.046875 0.858376
vt 0.046875 0.500000
vt 0.265625 0.858375
vt 0.250000 0.858375
vt 0.250000 0.500000
vt 0.453125 0.858375
vt 0.453125 0.500000
vt 0.671875 0.858376
vt 0.656250 0.858375
vt 0.656250 0.500000
vt 0.875000 0.858376
vt 0.859375 0.858375
vt 0.859375 0.500000
vt 0.156250 0.858375
vt 0.140625 0.858375
vt 0.140625 0.500000
vt 0.343750 0.858376
vt 0.343750 0.500000
vt 0.546875 0.858376
vt 0.546875 0.500000
vt 0.765625 0.858375
vt 0.750000 0.858375
vt 0.750000 0.500000
vt 0.953125 0.858375
vt 0.953125 0.500000
vt 0.046875 0.858375
vt 0.031250 0.858375
vt 0.031250 0.500000
vt 0.250000 0.858375
vt 0.234375 0.858375
vt 0.234375 0.500000
vt 0.453125 0.858376
vt 0.437500 0.858375
vt 0.437500 0.500000
vt 0.656250 0.858375
vt 0.640625 0.858375
vt 0.640625 0.500000
vt 0.843750 0.858376
vt 0.843750 0.500000
vt 0.140625 0.858376
vt 0.125000 0.858375
vt 0.125000 0.500000
vt 0.343750 0.858375
vt 0.328125 0.858376
vt 0.328125 0.500000
vt 0.546875 0.858375
vt 0.531250 0.858375
vt 0.531250 0.500000
vt 0.750000 0.858375
vt 0.734375 0.858375
vt 0.734375 0.500000
vt 0.953125 0.858376
vt 0.937500 0.858375
vt 0.937500 0.500000
vt 0.031250 0.858375
vt 0.015625 0.858376
vt 0.234375 0.858376
vt 0.218750 0.858375
vt 0.218750 0.500000
vt 0.437500 0.858375
vt 0.421875 0.858375
vt 0.421875 0.500000
vt 0.640625 0.858376
vt 0.625000 0.858375
vt 0.625000 0.500000
vt 0.843750 0.858375
vt 0.828125 0.858376
vt 0.828125 0.500000
vt 0.125000 0.858376
vt 0.328125 0.858375
vt 0.515625 0.858376
vt 0.734375 0.858376
vt 0.921875 0.858375
vt 0.203125 0.858375
vt 0.421875 0.858376
vt 0.406250 0.858375
vt 0.625000 0.858376
vt 0.828125 0.858375
vt 0.812500 0.858375
vt 0.999739 0.943960
vt 0.984375 0.943960
vt 0.999713 1.000000
vt 1.000000 1.000000
vt 0.968750 0.943960
vt 0.968750 1.000000
vt 0.953125 0.943960
vt 0.937500 0.943960
vt 0.937500 1.000000
vt 0.921875 0.943960
vt 0.906250 0.943960
vt 0.890625 0.943960
vt 0.875000 0.943960
vt 0.859375 0.943960
vt 0.859375 1.000000
vt 0.843750 0.943960
vt 0.828125 0.943960
vt 0.812500 0.943960
vt 0.796875 0.943960
vt 0.781250 0.943960
vt 0.781250 1.000000
vt 0.765625 0.943960
vt 0.750000 0.943960
vt 0.734375 0.943960
vt 0.718750 0.943960
vt 0.718750 1.000000
vt 0.703125 0.943960
vt 0.687500 0.943960
vt 0.671875 0.943960
vt 0.656250 0.943960
vt 0.656250 1.000000
vt 0.640625 0.943960
vt 0.625000 0.943960
vt 0.609375 0.943960
vt 0.593750 0.943960
vt 0.578125 0.943960
vt 0.562500 0.943960
vt 0.546875 0.943960
vt 0.531250 0.943960
vt 0.515625 0.943960
vt 0.500000 0.943960
vt 0.484375 0.943960
vt 0.468750 0.943960
vt 0.453125 0.943960
vt 0.437500 0.943960
vt 0.421875 0.943960
vt 0.406250 0.943960
vt 0.390625 0.943960
vt 0.375000 0.943960
vt 0.359375 0.943960
vt 0.343750 0.943960
vt 0.328125 0.943960
vt 0.328125 1.000000
vt 0.312500 0.943960
vt 0.296875 0.943960
vt 0.296875 1.000000
vt 0.281250 0.943960
vt 0.265625 0.943960
vt 0.250000 0.943960
vt 0.234375 0.943960
vt 0.218750 0.943960
vt 0.218750 1.000000
vt 0.203125 0.943960
vt 0.187500 0.943960
vt 0.187500 1.000000
vt 0.171875 0.943960
vt 0.156250 0.943960
vt 0.140625 0.943960
vt 0.125000 0.943960
vt 0.109375 0.943960
vt 0.093750 0.943960
vt 0.078125 0.943960
vt 0.062500 0.943960
vt 0.046875 0.943960
vt 0.031250 0.943960
vt 0.015625 0.943960
vt 0.000261 0.943960
vt 0.000287 1.000000
s 1
f 1/1/1 2/2/1 3/3/1
f 65/4/2 703/5/3 450/6/4 2/7/5
f 1/1/1 3/3/1 4/8/1
f 458/9/6 454/10/7 67/10/8 68/9/9
f 1/1/1 4/8/1 5/11/1
f 462/12/10 458/9/6 68/9/9 69/12/11
f 1/1/1 5/11/1 6/13/1
f 466/14/12 462/12/10 69/12/11 70/14/13
f 1/1/1 6/13/1 7/15/1
f 470/16/14 466/14/12 70/14/13 71/16/15
f 1/1/1 7/15/1 8/17/1
f 474/18/16 470/16/14 71/16/15 72/18/17
f 1/1/1 8/17/1 9/19/1
f 478/20/18 474/18/16 72/18/17 73/20/19
f 1/1/1 9/19/1 10/21/1
f 482/22/20 478/20/18 73/20/19 74/22/21
f 1/1/1 10/21/1 11/23/1
f 486/24/22 482/22/20 74/22/21 75/24/23
f 1/1/1 11/23/1 12/25/1
f 490/26/24 486/24/22 75/24/23 76/26/25
f 1/1/1 12/25/1 13/27/1
f 494/28/26 490/26/24 76/26/25 77/28/27
f 1/1/1 13/27/1 14/29/1
f 498/30/28 494/28/26 77/28/27 78/30/29
f 1/1/1 14/29/1 15/31/1
f 502/32/30 498/30/28 78/30/29 79/32/31
f 1/1/1 15/31/1 16/33/1
f 506/34/32 502/32/30 79/32/31 80/34/33
f 1/1/1 16/33/1 17/35/1
f 510/36/34 506/34/32 80/34/33 81/36/35
f 1/1/1 17/35/1 18/37/1
f 514/38/36 510/39/34 81/36/35 82/38/37
f 1/1/1 18/37/1 19/40/1
f 518/41/38 514/38/36 82/38/37 83/41/39
f 1/1/1 19/40/1 20/42/1
f 522/43/40 518/41/38 83/41/39 84/43/41
f 1/1/1 20/42/1 21/44/1
f 526/45/42 522/43/40 84/43/41 85/45/43
f 1/1/1 21/44/1 22/46/1
f 530/47/44 526/45/42 85/45/43 86/47/45
f 1/1/1 22/46/1 23/48/1
f 534/49/46 530/47/44 86/47/45 87/49/47
f 1/1/1 23/48/1 24/50/1
f 538/51/48 534/49/46 87/49/47 88/51/49
f 1/1/1 24/50/1 25/52/1
f 542/53/50 538/51/48 88/51/49 89/53/51
f 1/1/1 25/52/1 26/54/1
f 546/55/52 542/53/50 89/53/51 90/55/53
f 1/1/1 26/54/1 27/56/1
f 550/57/54 546/58/52 90/55/53 91/57/55
f 1/1/1 27/56/1 28/59/1
f 554/60/56 550/57/54 91/57/55 92/60/57
f 1/1/1 28/59/1 29/61/1
f 558/62/58 554/60/56 92/60/57 93/62/59
f 1/1/1 29/61/1 30/63/1
f 562/64/60 558/62/58 93/62/59 94/64/61
f 1/1/1 30/63/1 31/65/1
f 566/66/62 562/64/60 94/64/61 95/66/63
f 1/1/1 31/65/1 32/67/1
f 570/68/64 566/66/62 95/66/63 96/68/65
f 1/1/1 32/67/1 33/69/1
f 574/70/66 570/68/64 96/68/65 97/70/67
f 1/1/1 33/69/1 34/71/1
f 578/72/68 574/70/66 97/70/67 98/72/69
f 1/1/1 34/71/1 35/73/1
f 582/74/70 578/72/68 98/72/69 99/74/71
f 1/1/1 35/73/1 36/75/1
f 586/76/72 582/74/70 99/74/71 100/76/73
f 1/1/1 36/75/1 37/77/1
f 590/78/74 586/76/72 100/76/73 101/78/75
f 1/1/1 37/77/1 38/79/1
f 594/80/76 590/81/74 101/78/75 102/80/77
f 1/1/1 38/79/1 39/82/1
f 598/83/78 594/80/76 102/80/77 103/83/79
f 1/1/1 39/82/1 40/84/1
f 602/85/80 598/83/78 103/83/79 104/85/81
f 1/1/1 40/84/1 41/86/1
f 606/87/82 602/88/80 104/85/81 105/87/83
f 1/1/1 41/86/1 42/89/1
f 610/90/84 606/87/82 105/87/83 106/90/85
f 1/1/1 42/89/1 43/91/1
f 614/92/86 610/90/84 106/90/85 107/92/87
f 1/1/1 43/91/1 44/93/1
f 618/94/88 614/92/86 107/92/87 108/94/89
f 1/1/1 44/93/1 45/95/1
f 622/96/90 618/94/88 108/94/89 109/96/91
f 1/1/1 45/95/1 46/97/1
f 626/98/92 622/96/90 109/96/91 110/98/93
f 1/1/1 46/97/1 47/99/1
f 630/100/94 626/98/92 110/98/93 111/100/95
f 1/1/1 47/99/1 48/101/1
f 634/102/96 630/100/94 111/100/95 112/102/97
f 1/1/1 48/101/1 49/103/1
f 638/104/98 634/102/96 112/102/97 113/104/99
f 1/1/1 49/103/1 50/105/1
f 642/106/100 638/104/98 113/104/99 114/106/101
f 1/1/1 50/105/1 51/107/1
f 646/108/102 642/106/100 114/106/101 115/108/103
f 1/1/1 51/107/1 52/109/1
f 650/110/104 646/108/102 115/108/103 116/110/105
f 1/1/1 52/109/1 53/111/1
f 654/112/106 650/110/104 116/110/105 117/112/107
f 1/1/1 53/111/1 54/113/1
f 658/114/108 654/112/106 117/112/107 118/114/109
f 1/1/1 54/113/1 55/115/1
f 662/116/110 658/114/108 118/114/109 119/116/111
f 1/1/1 55/115/1 56/117/1
f 666/118/112 662/116/110 119/116/111 120/118/113
f 1/1/1 56/117/1 57/119/1
f 670/120/114 666/121/112 120/118/113 121/120/115
f 1/1/1 57/119/1 58/122/1
f 674/123/116 670/120/114 121/120/115 122/123/117
f 1/1/1 58/122/1 59/124/1
f 678/125/118 674/123/116 122/123/117 123/125/119
f 1/1/1 59/124/1 60/126/1
f 682/127/120 678/125/118 123/125/119 124/127/121
f 1/1/1 60/126/1 61/128/1
f 686/129/122 682/127/120 124/127/121 125/129/123
f 1/1/1 61/128/1 62/130/1
f 690/131/124 686/132/122 125/129/123 126/131/125
f 1/1/1 62/130/1 63/133/1
f 694/134/126 690/131/124 126/131/125 127/134/127
f 1/1/1 63/133/1 64/135/1
f 698/136/128 694/134/126 127/134/127 128/136/129
f 1/1/1 64/135/1 65/137/1
f 702/138/130 698/136/128 128/136/129 129/138/131
f 1/1/1 65/137/1 2/2/1
f 451/139/132 702/138/130 129/138/131 66/139/133
f 59/140/134 679/141/135 683/142/136 60/143/137
f 46/144/138 627/145/139 631/146/140 47/147/141
f 3/148/142 455/149/143 459/150/144 4/151/145
f 33/152/146 575/153/147 579/154/148 34/155/149
f 20/156/150 523/157/151 527/158/152 21/159/153
f 7/160/154 471/161/155 475/162/156 8/163/157
f 53/164/158 655/165/159 659/166/160 54/167/161
f 40/168/162 603/169/163 607/170/164 41/171/165
f 27/172/166 551/173/167 555/174/168 28/175/169
f 14/176/170 499/177/171 503/178/172 15/179/173
f 60/143/137 683/180/136 687/181/174 61/182/175
f 47/147/141 631/183/140 635/184/176 48/185/177
f 34/155/149 579/186/148 583/187/178 35/188/179
f 21/159/153 527/189/152 531/190/180 22/191/181
f 8/163/157 475/192/156 479/193/182 9/194/183
f 54/167/161 659/195/160 663/196/184 55/197/185
f 41/171/165 607/198/164 611/199/186 42/200/187
f 28/175/169 555/201/168 559/202/188 29/203/189
f 15/179/173 503/204/172 507/205/190 16/206/191
f 61/182/175 687/207/174 691/208/192 62/209/193
f 48/185/177 635/184/176 639/210/194 49/211/195
f 35/188/179 583/212/178 587/213/196 36/214/197
f 22/191/181 531/190/180 535/215/198 23/216/199
f 9/194/183 479/217/182 483/218/200 10/219/201
f 55/197/185 663/220/184 667/221/202 56/222/203
f 42/200/187 611/223/186 615/224/204 43/225/205
f 2/226/5 450/227/4 455/228/143 3/148/142
f 29/203/189 559/229/188 563/230/206 30/231/207
f 16/206/191 507/232/190 511/233/208 17/234/209
f 62/209/193 691/208/192 695/235/210 63/236/211
f 49/211/195 639/237/194 643/238/212 50/239/213
f 36/214/197 587/213/196 591/240/214 37/241/215
f 23/216/199 535/242/198 539/243/216 24/244/217
f 10/219/201 483/245/200 487/246/218 11/247/219
f 56/222/203 667/248/202 671/249/220 57/250/221
f 43/225/205 615/224/204 619/251/222 44/252/223
f 30/231/207 563/230/206 567/253/224 31/254/225
f 17/234/209 511/255/208 515/256/226 18/257/227
f 4/151/145 459/150/144 463/258/228 5/259/229
f 63/236/211 695/260/210 699/261/230 64/262/231
f 50/239/213 643/263/212 647/264/232 51/265/233
f 37/241/215 591/266/214 595/267/234 38/268/235
f 24/244/217 539/269/216 543/270/236 25/271/237
f 11/247/219 487/246/218 491/272/238 12/273/239
f 57/250/221 671/274/220 675/275/240 58/276/241
f 44/252/223 619/277/222 623/278/242 45/279/243
f 31/254/225 567/280/224 571/281/244 32/282/245
f 18/257/227 515/283/226 519/284/246 19/285/247
f 5/259/229 463/286/228 467/287/248 6/288/249
f 64/262/231 699/289/230 703/290/3 65/4/2
f 51/265/233 647/291/232 651/292/250 52/293/251
f 38/268/235 595/294/234 599/295/252 39/296/253
f 25/271/237 543/297/236 547/298/254 26/299/255
f 12/273/239 491/300/238 495/301/256 13/302/257
f 58/276/241 675/303/240 679/141/135 59/140/134
f 45/279/243 623/304/242 627/145/139 46/144/138
f 32/282/245 571/281/244 575/305/147 33/152/146
f 19/285/247 519/306/246 523/157/151 20/156/150
f 6/288/249 467/287/248 471/307/155 7/160/154
f 52/293/251 651/292/250 655/308/159 53/164/158
f 39/296/253 599/309/252 603/310/163 40/168/162
f 26/299/255 547/311/254 551/173/167 27/172/166
f 13/302/257 495/312/256 499/313/171 14/176/170
f 65/137/258 2/2/259 130/2/259 193/137/258
f 32/67/260 33/69/261 161/69/261 160/67/260
f 19/40/262 20/42/263 148/42/263 147/40/262
f 6/13/264 7/15/265 135/15/265 134/13/264
f 52/109/266 53/111/267 181/111/267 180/109/266
f 39/82/268 40/84/269 168/84/269 167/82/268
f 26/54/270 27/56/271 155/56/271 154/54/270
f 13/27/272 14/29/273 142/29/273 141/27/272
f 59/124/274 60/126/275 188/126/275 187/124/274
f 46/97/276 47/99/277 175/99/277 174/97/276
f 33/69/261 34/71/278 162/71/278 161/69/261
f 20/42/263 21/44/279 149/44/279 148/42/263
f 7/15/265 8/17/280 136/17/280 135/15/265
f 53/111/267 54/113/281 182/113/281 181/111/267
f 40/84/269 41/86/282 169/86/282 168/84/269
f 27/56/271 28/59/283 156/59/283 155/56/271
f 14/29/273 15/31/284 143/31/284 142/29/273
f 60/126/275 61/128/285 189/128/285 188/126/275
f 47/99/277 48/101/286 176/101/286 175/99/277
f 34/71/278 35/73/287 163/73/287 162/71/278
f 21/44/279 22/46/288 150/46/288 149/44/279
f 8/17/280 9/19/289 137/19/289 136/17/280
f 54/113/281 55/115/290 183/115/290 182/113/281
f 41/86/282 42/89/291 170/89/291 169/86/282
f 2/2/259 3/3/292 131/3/292 130/2/259
f 28/59/283 29/61/293 157/61/293 156/59/283
f 15/31/284 16/33/294 144/33/294 143/31/284
f 61/128/285 62/130/295 190/130/295 189/128/285
f 48/101/286 49/103/296 177/103/296 176/101/286
f 35/73/287 36/75/297 164/75/297 163/73/287
f 22/46/288 23/48/298 151/48/298 150/46/288
f 9/19/289 10/21/299 138/21/299 137/19/289
f 55/115/290 56/117/300 184/117/300 183/115/290
f 42/89/291 43/91/301 171/91/301 170/89/291
f 29/61/293 30/63/302 158/63/302 157/61/293
f 16/33/294 17/35/303 145/35/303 144/33/294
f 3/3/292 4/8/304 132/8/304 131/3/292
f 62/130/295 63/133/305 191/133/305 190/130/295
f 49/103/296 50/105/306 178/105/306 177/103/296
f 36/75/297 37/77/307 165/77/307 164/75/297
f 23/48/298 24/50/308 152/50/308 151/48/298
f 10/21/299 11/23/309 139/23/309 138/21/299
f 56/117/300 57/119/310 185/119/310 184/117/300
f 43/91/301 44/93/311 172/93/311 171/91/301
f 30/63/302 31/65/312 159/65/312 158/63/302
f 17/35/303 18/37/313 146/37/313 145/35/303
f 4/8/304 5/11/314 133/11/314 132/8/304
f 63/133/305 64/135/315 192/135/315 191/133/305
f 50/105/306 51/107/316 179/107/316 178/105/306
f 37/77/307 38/79/317 166/79/317 165/77/307
f 24/50/308 25/52/318 153/52/318 152/50/308
f 11/23/309 12/25/319 140/25/319 139/23/309
f 57/119/310 58/122/320 186/122/320 185/119/310
f 44/93/311 45/95/321 173/95/321 172/93/311
f 31/65/312 32/67/260 160/67/260 159/65/312
f 18/37/313 19/40/262 147/40/262 146/37/313
f 5/11/314 6/13/264 134/13/264 133/11/314
f 64/135/315 65/137/258 193/137/258 192/135/315
f 51/107/316 52/109/266 180/109/266 179/107/316
f 38/79/317 39/82/268 167/82/268 166/79/317
f 25/52/318 26/54/270 154/54/270 153/52/318
f 12/25/319 13/27/272 141/27/272 140/25/319
f 58/122/320 59/124/274 187/124/274 186/122/320
f 45/95/321 46/97/276 174/97/276 173/95/321
f 131/3/322 132/8/322 196/8/322 195/3/322
f 184/117/322 185/119/322 249/119/322 248/117/322
f 158/63/322 159/65/322 223/65/322 222/63/322
f 132/8/322 133/11/322 197/11/322 196/8/322
f 185/119/322 186/122/322 250/122/322 249/119/322
f 159/65/322 160/67/322 224/67/322 223/65/322
f 133/11/322 134/13/322 198/13/322 197/11/322
f 186/122/322 187/124/322 251/124/322 250/122/322
f 160/67/322 161/69/322 225/69/322 224/67/322
f 134/13/322 135/15/322 199/15/322 198/13/322
f 187/124/322 188/126/322 252/126/322 251/124/322
f 161/69/322 162/71/322 226/71/322 225/69/322
f 135/15/322 136/17/322 200/17/322 199/15/322
f 188/126/322 189/128/322 253/128/322 252/126/322
f 162/71/322 163/73/322 227/73/322 226/71/322
f 136/17/322 137/19/322 201/19/322 200/17/322
f 189/128/322 190/130/322 254/130/322 253/128/322
f 163/73/322 164/75/322 228/75/322 227/73/322
f 137/19/322 138/21/322 202/21/322 201/19/322
f 190/130/322 191/133/322 255/133/322 254/130/322
f 164/75/322 165/77/322 229/77/322 228/75/322
f 138/21/322 139/23/322 203/23/322 202/21/322
f 191/133/322 192/135/322 256/135/322 255/133/322
f 165/77/322 166/79/322 230/79/322 229/77/322
f 139/23/322 140/25/322 204/25/322 203/23/322
f 192/135/322 193/137/322 257/137/322 256/135/322
f 166/79/322 167/82/322 231/82/322 230/79/322
f 140/25/322 141/27/322 205/27/322 204/25/322
f 193/137/322 130/2/322 194/2/322 257/137/322
f 167/82/322 168/84/322 232/84/322 231/82/322
f 141/27/322 142/29/322 206/29/322 205/27/322
f 168/84/322 169/86/322 233/86/322 232/84/322
f 142/29/322 143/31/322 207/31/322 206/29/322
f 169/86/322 170/89/322 234/89/322 233/86/322
f 143/31/322 144/33/322 208/33/322 207/31/322
f 170/89/322 171/91/322 235/91/322 234/89/322
f 144/33/322 145/35/322 209/35/322 208/33/322
f 171/91/322 172/93/322 236/93/322 235/91/322
f 145/35/322 146/37/322 210/37/322 209/35/322
f 172/93/322 173/95/322 237/95/322 236/93/322
f 146/37/322 147/40/322 211/40/322 210/37/322
f 173/95/322 174/97/322 238/97/322 237/95/322
f 147/40/322 148/42/322 212/42/322 211/40/322
f 174/97/322 175/99/322 239/99/322 238/97/322
f 148/42/322 149/44/322 213/44/322 212/42/322
f 175/99/322 176/101/322 240/101/322 239/99/322
f 149/44/322 150/46/322 214/46/322 213/44/322
f 176/101/322 177/103/322 241/103/322 240/101/322
f 150/46/322 151/48/322 215/48/322 214/46/322
f 177/103/322 178/105/322 242/105/322 241/103/322
f 151/48/322 152/50/322 216/50/322 215/48/322
f 178/105/322 179/107/322 243/107/322 242/105/322
f 152/50/322 153/52/322 217/52/322 216/50/322
f 179/107/322 180/109/322 244/109/322 243/107/322
f 153/52/322 154/54/322 218/54/322 217/52/322
f 180/109/322 181/111/322 245/111/322 244/109/322
f 154/54/322 155/56/322 219/56/322 218/54/322
f 181/111/322 182/113/322 246/113/322 245/111/322
f 155/56/322 156/59/322 220/59/322 219/56/322
f 182/113/322 183/115/322 247/115/322 246/113/322
f 156/59/322 157/61/322 221/61/322 220/59/322
f 130/2/322 131/3/322 195/3/322 194/2/322
f 183/115/322 184/117/322 248/117/322 247/115/322
f 157/61/322 158/63/322 222/63/322 221/61/322
f 217/52/322 218/54/322 282/54/323 281/52/324
f 244/109/322 245/111/322 309/111/325 308/109/326
f 218/54/322 219/56/322 283/56/327 282/54/323
f 245/111/322 246/113/322 310/113/328 309/111/325
f 219/56/322 220/59/322 284/59/329 283/56/327
f 246/113/322 247/115/322 311/115/330 310/113/328
f 220/59/322 221/61/322 285/61/331 284/59/329
f 194/2/322 195/3/322 259/3/332 258/2/333
f 247/115/322 248/117/322 312/117/334 311/115/330
f 221/61/322 222/63/322 286/63/335 285/61/331
f 195/3/322 196/8/322 260/8/336 259/3/332
f 248/117/322 249/119/322 313/119/337 312/117/334
f 222/63/322 223/65/322 287/65/338 286/63/335
f 196/8/322 197/11/322 261/11/339 260/8/336
f 249/119/322 250/122/322 314/122/340 313/119/337
f 223/65/322 224/67/322 288/67/341 287/65/338
f 197/11/322 198/13/322 262/13/342 261/11/339
f 250/122/322 251/124/322 315/124/343 314/122/340
f 224/67/322 225/69/322 289/69/344 288/67/341
f 198/13/322 199/15/322 263/15/345 262/13/342
f 251/124/322 252/126/322 316/126/346 315/124/343
f 225/69/322 226/71/322 290/71/347 289/69/344
f 199/15/322 200/17/322 264/17/348 263/15/345
f 252/126/322 253/128/322 317/128/349 316/126/346
f 226/71/322 227/73/322 291/73/350 290/71/347
f 200/17/322 201/19/322 265/19/351 264/17/348
f 253/128/322 254/130/322 318/130/352 317/128/349
f 227/73/322 228/75/322 292/75/353 291/73/350
f 201/19/322 202/21/322 266/21/354 265/19/351
f 254/130/322 255/133/322 319/133/355 318/130/352
f 228/75/322 229/77/322 293/77/356 292/75/353
f 202/21/322 203/23/322 267/23/357 266/21/354
f 255/133/322 256/135/322 320/135/358 319/133/355
f 229/77/322 230/79/322 294/79/359 293/77/356
f 203/23/322 204/25/322 268/25/360 267/23/357
f 256/135/322 257/137/322 321/137/361 320/135/358
f 230/79/322 231/82/322 295/82/362 294/79/359
f 204/25/322 205/27/322 269/27/363 268/25/360
f 257/137/322 194/2/322 258/2/333 321/137/361
f 231/82/322 232/84/322 296/84/364 295/82/362
f 205/27/322 206/29/322 270/29/365 269/27/363
f 232/84/322 233/86/322 297/86/366 296/84/364
f 206/29/322 207/31/322 271/31/367 270/29/365
f 233/86/322 234/89/322 298/89/368 297/86/366
f 207/31/322 208/33/322 272/33/369 271/31/367
f 234/89/322 235/91/322 299/91/370 298/89/368
f 208/33/322 209/35/322 273/35/371 272/33/369
f 235/91/322 236/93/322 300/93/372 299/91/370
f 209/35/322 210/37/322 274/37/373 273/35/371
f 236/93/322 237/95/322 301/95/374 300/93/372
f 210/37/322 211/40/322 275/40/375 274/37/373
f 237/95/322 238/97/322 302/97/376 301/95/374
f 211/40/322 212/42/322 276/42/377 275/40/375
f 238/97/322 239/99/322 303/99/378 302/97/376
f 212/42/322 213/44/322 277/44/379 276/42/377
f 239/99/322 240/101/322 304/101/380 303/99/378
f 213/44/322 214/46/322 278/46/381 277/44/379
f 240/101/322 241/103/322 305/103/382 304/101/380
f 214/46/322 215/48/322 279/48/383 278/46/381
f 241/103/322 242/105/322 306/105/384 305/103/382
f 215/48/322 216/50/322 280/50/385 279/48/383
f 242/105/322 243/107/322 307/107/386 306/105/384
f 216/50/322 217/52/322 281/52/324 280/50/385
f 243/107/322 244/109/322 308/109/326 307/107/386
f 284/59/329 285/61/331 349/61/387 348/59/388
f 258/2/333 259/3/332 323/3/389 322/2/390
f 311/115/330 312/117/334 376/117/391 375/115/392
f 285/61/331 286/63/335 350/63/393 349/61/387
f 259/3/332 260/8/336 324/8/394 323/3/389
f 312/117/334 313/119/337 377/119/395 376/117/391
f 286/63/335 287/65/338 351/65/396 350/63/393
f 260/8/336 261/11/339 325/11/397 324/8/394
f 313/119/337 314/122/340 378/122/398 377/119/395
f 287/65/338 288/67/341 352/67/399 351/65/396
f 261/11/339 262/13/342 326/13/400 325/11/397
f 314/122/340 315/124/343 379/124/401 378/122/398
f 288/67/341 289/69/344 353/69/402 352/67/399
f 262/13/342 263/15/345 327/15/403 326/13/400
f 315/124/343 316/126/346 380/126/404 379/124/401
f 289/69/344 290/71/347 354/71/405 353/69/402
f 263/15/345 264/17/348 328/17/406 327/15/403
f 316/126/346 317/128/349 381/128/407 380/126/404
f 290/71/347 291/73/350 355/73/408 354/71/405
f 264/17/348 265/19/351 329/19/409 328/17/406
f 317/128/349 318/130/352 382/130/410 381/128/407
f 291/73/350 292/75/353 356/75/411 355/73/408
f 265/19/351 266/21/354 330/21/412 329/19/409
f 318/130/352 319/133/355 383/133/413 382/130/410
f 292/75/353 293/77/356 357/77/414 356/75/411
f 266/21/354 267/23/357 331/23/415 330/21/412
f 319/133/355 320/135/358 384/135/416 383/133/413
f 293/77/356 294/79/359 358/79/417 357/77/414
f 267/23/357 268/25/360 332/25/418 331/23/415
f 320/135/358 321/137/361 385/137/419 384/135/416
f 294/79/359 295/82/362 359/82/420 358/79/417
f 268/25/360 269/27/363 333/27/421 332/25/418
f 321/137/361 258/2/333 322/2/390 385/137/419
f 295/82/362 296/84/364 360/84/422 359/82/420
f 269/27/363 270/29/365 334/29/423 333/27/421
f 296/84/364 297/86/366 361/86/424 360/84/422
f 270/29/365 271/31/367 335/31/425 334/29/423
f 297/86/366 298/89/368 362/89/426 361/86/424
f 271/31/367 272/33/369 336/33/427 335/31/425
f 298/89/368 299/91/370 363/91/428 362/89/426
f 272/33/369 273/35/371 337/35/429 336/33/427
f 299/91/370 300/93/372 364/93/430 363/91/428
f 273/35/371 274/37/373 338/37/431 337/35/429
f 300/93/372 301/95/374 365/95/432 364/93/430
f 274/37/373 275/40/375 339/40/433 338/37/431
f 301/95/374 302/97/376 366/97/434 365/95/432
f 275/40/375 276/42/377 340/42/435 339/40/433
f 302/97/376 303/99/378 367/99/436 366/97/434
f 276/42/377 277/44/379 341/44/437 340/42/435
f 303/99/378 304/101/380 368/101/438 367/99/436
f 277/44/379 278/46/381 342/46/439 341/44/437
f 304/101/380 305/103/382 369/103/440 368/101/438
f 278/46/381 279/48/383 343/48/441 342/46/439
f 305/103/382 306/105/384 370/105/442 369/103/440
f 279/48/383 280/50/385 344/50/443 343/48/441
f 306/105/384 307/107/386 371/107/444 370/105/442
f 280/50/385 281/52/324 345/52/445 344/50/443
f 307/107/386 308/109/326 372/109/446 371/107/444
f 281/52/324 282/54/323 346/54/447 345/52/445
f 308/109/326 309/111/325 373/111/448 372/109/446
f 282/54/323 283/56/327 347/56/449 346/54/447
f 309/111/325 310/113/328 374/113/450 373/111/448
f 283/56/327 284/59/329 348/59/388 347/56/449
f 310/113/328 311/115/330 375/115/392 374/113/450
f 366/97/276 367/99/277 431/99/277 430/97/276
f 340/42/263 341/44/279 405/44/279 404/42/263
f 367/99/277 368/101/286 432/101/286 431/99/277
f 341/44/279 342/46/288 406/46/288 405/44/279
f 368/101/286 369/103/296 433/103/296 432/101/286
f 342/46/288 343/48/298 407/48/298 406/46/288
f 369/103/296 370/105/306 434/105/306 433/103/296
f 343/48/298 344/50/308 408/50/308 407/48/298
f 370/105/306 371/107/316 435/107/316 434/105/306
f 344/50/308 345/52/318 409/52/318 408/50/308
f 371/107/316 372/109/266 436/109/266 435/107/316
f 345/52/318 346/54/270 410/54/270 409/52/318
f 372/109/266 373/111/267 437/111/267 436/109/266
f 346/54/270 347/56/271 411/56/271 410/54/270
f 373/111/267 374/113/281 438/113/281 437/111/267
f 347/56/271 348/59/283 412/59/283 411/56/271
f 374/113/281 375/115/290 439/115/290 438/113/281
f 348/59/283 349/61/293 413/61/293 412/59/283
f 322/2/259 323/3/292 387/3/292 386/2/259
f 375/115/290 376/117/300 440/117/300 439/115/290
f 349/61/293 350/63/302 414/63/302 413/61/293
f 323/3/292 324/8/304 388/8/304 387/3/292
f 376/117/300 377/119/310 441/119/310 440/117/300
f 350/63/302 351/65/312 415/65/312 414/63/302
f 324/8/304 325/11/314 389/11/314 388/8/304
f 377/119/310 378/122/320 442/122/320 441/119/310
f 351/65/312 352/67/260 416/67/260 415/65/312
f 325/11/314 326/13/264 390/13/264 389/11/314
f 378/122/320 379/124/274 443/124/274 442/122/320
f 352/67/260 353/69/261 417/69/261 416/67/260
f 326/13/264 327/15/265 391/15/265 390/13/264
f 379/124/274 380/126/275 444/126/275 443/124/274
f 353/69/261 354/71/278 418/71/278 417/69/261
f 327/15/265 328/17/280 392/17/280 391/15/265
f 380/126/275 381/128/285 445/128/285 444/126/275
f 354/71/278 355/73/287 419/73/287 418/71/278
f 328/17/280 329/19/289 393/19/289 392/17/280
f 381/128/285 382/130/295 446/130/295 445/128/285
f 355/73/287 356/75/297 420/75/297 419/73/287
f 329/19/289 330/21/299 394/21/299 393/19/289
f 382/130/295 383/133/305 447/133/305 446/130/295
f 356/75/297 357/77/307 421/77/307 420/75/297
f 330/21/299 331/23/309 395/23/309 394/21/299
f 383/133/305 384/135/315 448/135/315 447/133/305
f 357/77/307 358/79/317 422/79/317 421/77/307
f 331/23/309 332/25/319 396/25/319 395/23/309
f 384/135/315 385/137/258 449/137/258 448/135/315
f 358/79/317 359/82/268 423/82/268 422/79/317
f 332/25/319 333/27/272 397/27/272 396/25/319
f 385/137/258 322/2/259 386/2/259 449/137/258
f 359/82/268 360/84/269 424/84/269 423/82/268
f 333/27/272 334/29/273 398/29/273 397/27/272
f 360/84/269 361/86/282 425/86/282 424/84/269
f 334/29/273 335/31/284 399/31/284 398/29/273
f 361/86/282 362/89/291 426/89/291 425/86/282
f 335/31/284 336/33/294 400/33/294 399/31/284
f 362/89/291 363/91/301 427/91/301 426/89/291
f 336/33/294 337/35/303 401/35/303 400/33/294
f 363/91/301 364/93/311 428/93/311 427/91/301
f 337/35/303 338/37/313 402/37/313 401/35/303
f 364/93/311 365/95/321 429/95/321 428/93/311
f 338/37/313 339/40/262 403/40/262 402/37/313
f 365/95/321 366/97/276 430/97/276 429/95/321
f 339/40/262 340/42/263 404/42/263 403/40/262
f 455/228/143 450/227/4 452/314/451 457/315/452
f 457/315/452 452/314/451 453/316/453 456/10/454
f 456/10/454 453/316/453 451/317/132 454/10/7
f 459/150/144 455/149/143 457/315/452 461/318/455
f 461/318/455 457/315/452 456/10/454 460/319/456
f 460/319/456 456/10/454 454/10/7 458/9/6
f 463/258/228 459/150/144 461/318/455 465/320/457
f 465/320/457 461/318/455 460/319/456 464/12/458
f 464/12/458 460/319/456 458/9/6 462/12/10
f 467/287/248 463/286/228 465/320/457 469/321/459
f 469/321/459 465/320/457 464/12/458 468/322/460
f 468/322/460 464/12/458 462/12/10 466/14/12
f 471/307/155 467/287/248 469/321/459 473/323/461
f 473/323/461 469/321/459 468/322/460 472/16/462
f 472/16/462 468/322/460 466/14/12 470/16/14
f 475/162/156 471/161/155 473/323/461 477/324/463
f 477/324/463 473/323/461 472/16/462 476/18/464
f 476/18/464 472/16/462 470/16/14 474/18/16
f 479/193/182 475/192/156 477/324/463 481/325/465
f 481/325/465 477/324/463 476/18/464 480/20/466
f 480/20/466 476/18/464 474/18/16 478/20/18
f 483/218/200 479/217/182 481/325/465 485/326/467
f 485/326/467 481/325/465 480/20/466 484/22/468
f 484/22/468 480/20/466 478/20/18 482/22/20
f 487/246/218 483/245/200 485/326/467 489/327/469
f 489/327/469 485/326/467 484/22/468 488/328/470
f 488/328/470 484/22/468 482/22/20 486/24/22
f 491/272/238 487/246/218 489/327/469 493/329/471
f 493/329/471 489/327/469 488/328/470 492/26/472
f 492/26/472 488/328/470 486/24/22 490/26/24
f 495/301/256 491/300/238 493/329/471 497/330/473
f 497/330/473 493/329/471 492/26/472 496/28/474
f 496/28/474 492/26/472 490/26/24 494/28/26
f 499/313/171 495/312/256 497/330/473 501/331/475
f 501/331/475 497/330/473 496/28/474 500/30/476
f 500/30/476 496/28/474 494/28/26 498/30/28
f 503/178/172 499/177/171 501/331/475 505/332/477
f 505/332/477 501/331/475 500/30/476 504/32/478
f 504/32/478 500/30/476 498/30/28 502/32/30
f 507/205/190 503/204/172 505/332/477 509/333/479
f 509/333/479 505/332/477 504/32/478 508/334/480
f 508/334/480 504/32/478 502/32/30 506/34/32
f 511/233/208 507/232/190 509/333/479 513/335/481
f 513/335/481 509/333/479 508/334/480 512/36/482
f 512/36/482 508/334/480 506/34/32 510/36/34
f 515/256/226 511/255/208 513/335/481 517/336/483
f 517/336/483 513/335/481 512/36/482 516/38/484
f 516/38/484 512/36/482 510/39/34 514/38/36
f 519/284/246 515/283/226 517/336/483 521/337/485
f 521/337/485 517/336/483 516/38/484 520/41/486
f 520/41/486 516/38/484 514/38/36 518/41/38
f 523/157/151 519/306/246 521/337/485 525/338/487
f 525/338/487 521/337/485 520/41/486 524/339/488
f 524/339/488 520/41/486 518/41/38 522/43/40
f 527/158/152 523/157/151 525/338/487 529/340/489
f 529/340/489 525/338/487 524/339/488 528/45/490
f 528/45/490 524/339/488 522/43/40 526/45/42
f 531/190/180 527/189/152 529/340/489 533/341/491
f 533/341/491 529/340/489 528/45/490 532/47/492
f 532/47/492 528/45/490 526/45/42 530/47/44
f 535/215/198 531/190/180 533/341/491 537/342/493
f 537/342/493 533/341/491 532/47/492 536/49/494
f 536/49/494 532/47/492 530/47/44 534/49/46
f 539/243/216 535/242/198 537/342/493 541/343/495
f 541/343/495 537/342/493 536/49/494 540/344/496
f 540/344/496 536/49/494 534/49/46 538/51/48
f 543/270/236 539/269/216 541/343/495 545/345/497
f 545/345/497 541/343/495 540/344/496 544/53/498
f 544/53/498 540/344/496 538/51/48 542/53/50
f 547/298/254 543/297/236 545/345/497 549/346/499
f 549/346/499 545/345/497 544/53/498 548/55/500
f 548/55/500 544/53/498 542/53/50 546/55/52
f 551/173/167 547/311/254 549/346/499 553/347/501
f 553/347/501 549/346/499 548/55/500 552/57/502
f 552/57/502 548/55/500 546/58/52 550/57/54
f 555/174/168 551/173/167 553/347/501 557/348/503
f 557/348/503 553/347/501 552/57/502 556/60/504
f 556/60/504 552/57/502 550/57/54 554/60/56
f 559/202/188 555/201/168 557/348/503 561/349/505
f 561/349/505 557/348/503 556/60/504 560/62/506
f 560/62/506 556/60/504 554/60/56 558/62/58
f 563/230/206 559/229/188 561/349/505 565/350/507
f 565/350/507 561/349/505 560/62/506 564/64/508
f 564/64/508 560/62/506 558/62/58 562/64/60
f 567/253/224 563/230/206 565/350/507 569/351/509
f 569/351/509 565/350/507 564/64/508 568/66/510
f 568/66/510 564/64/508 562/64/60 566/66/62
f 571/281/244 567/280/224 569/351/509 573/352/511
f 573/352/511 569/351/509 568/66/510 572/68/512
f 572/68/512 568/66/510 566/66/62 570/68/64
f 575/305/147 571/281/244 573/352/511 577/353/513
f 577/353/513 573/352/511 572/68/512 576/70/514
f 576/70/514 572/68/512 570/68/64 574/70/66
f 579/154/148 575/153/147 577/353/513 581/354/515
f 581/354/515 577/353/513 576/70/514 580/72/516
f 580/72/516 576/70/514 574/70/66 578/72/68
f 583/187/178 579/186/148 581/354/515 585/355/517
f 585/355/517 581/354/515 580/72/516 584/74/518
f 584/74/518 580/72/516 578/72/68 582/74/70
f 587/213/196 583/212/178 585/355/517 589/356/519
f 589/356/519 585/355/517 584/74/518 588/76/520
f 588/76/520 584/74/518 582/74/70 586/76/72
f 591/240/214 587/213/196 589/356/519 593/357/521
f 593/357/521 589/356/519 588/76/520 592/78/522
f 592/78/522 588/76/520 586/76/72 590/78/74
f 595/267/234 591/266/214 593/357/521 597/358/523
f 597/358/523 593/357/521 592/78/522 596/80/524
f 596/80/524 592/78/522 590/81/74 594/80/76
f 599/295/252 595/294/234 597/358/523 601/359/525
f 601/359/525 597/358/523 596/80/524 600/83/526
f 600/83/526 596/80/524 594/80/76 598/83/78
f 603/310/163 599/309/252 601/359/525 605/360/527
f 605/360/527 601/359/525 600/83/526 604/85/528
f 604/85/528 600/83/526 598/83/78 602/85/80
f 607/170/164 603/169/163 605/360/527 609/361/529
f 609/361/529 605/360/527 604/85/528 608/87/530
f 608/87/530 604/85/528 602/88/80 606/87/82
f 611/199/186 607/198/164 609/361/529 613/362/531
f 613/362/531 609/361/529 608/87/530 612/90/532
f 612/90/532 608/87/530 606/87/82 610/90/84
f 615/224/204 611/223/186 613/362/531 617/363/533
f 617/363/533 613/362/531 612/90/532 616/92/534
f 616/92/534 612/90/532 610/90/84 614/92/86
f 619/251/222 615/224/204 617/363/533 621/364/535
f 621/364/535 617/363/533 616/92/534 620/94/536
f 620/94/536 616/92/534 614/92/86 618/94/88
f 623/278/242 619/277/222 621/364/535 625/365/537
f 625/365/537 621/364/535 620/94/536 624/366/538
f 624/366/538 620/94/536 618/94/88 622/96/90
f 627/145/139 623/304/242 625/365/537 629/367/539
f 629/367/539 625/365/537 624/366/538 628/98/540
f 628/98/540 624/366/538 622/96/90 626/98/92
f 631/146/140 627/145/139 629/367/539 633/368/541
f 633/368/541 629/367/539 628/98/540 632/369/542
f 632/369/542 628/98/540 626/98/92 630/100/94
f 635/184/176 631/183/140 633/368/541 637/370/543
f 637/370/543 633/368/541 632/369/542 636/102/544
f 636/102/544 632/369/542 630/100/94 634/102/96
f 639/210/194 635/184/176 637/370/543 641/371/545
f 641/371/545 637/370/543 636/102/544 640/104/546
f 640/104/546 636/102/544 634/102/96 638/104/98
f 643/238/212 639/237/194 641/371/545 645/372/547
f 645/372/547 641/371/545 640/104/546 644/106/548
f 644/106/548 640/104/546 638/104/98 642/106/100
f 647/264/232 643/263/212 645/372/547 649/373/549
f 649/373/549 645/372/547 644/106/548 648/108/550
f 648/108/550 644/106/548 642/106/100 646/108/102
f 651/292/250 647/291/232 649/373/549 653/374/551
f 653/374/551 649/373/549 648/108/550 652/375/552
f 652/375/552 648/108/550 646/108/102 650/110/104
f 655/308/159 651/292/250 653/374/551 657/376/553
f 657/376/553 653/374/551 652/375/552 656/112/554
f 656/112/554 652/375/552 650/110/104 654/112/106
f 659/166/160 655/165/159 657/376/553 661/377/555
f 661/377/555 657/376/553 656/112/554 660/378/556
f 660/378/556 656/112/554 654/112/106 658/114/108
f 663/196/184 659/195/160 661/377/555 665/379/557
f 665/379/557 661/377/555 660/378/556 664/116/558
f 664/116/558 660/378/556 658/114/108 662/116/110
f 667/221/202 663/220/184 665/379/557 669/380/559
f 669/380/559 665/379/557 664/116/558 668/118/560
f 668/118/560 664/116/558 662/116/110 666/118/112
f 671/249/220 667/248/202 669/380/559 673/381/561
f 673/381/561 669/380/559 668/118/560 672/120/562
f 672/120/562 668/118/560 666/121/112 670/120/114
f 675/275/240 671/274/220 673/381/561 677/382/563
f 677/382/563 673/381/561 672/120/562 676/123/564
f 676/123/564 672/120/562 670/120/114 674/123/116
f 679/141/135 675/303/240 677/382/563 681/383/565
f 681/383/565 677/382/563 676/123/564 680/125/566
f 680/125/566 676/123/564 674/123/116 678/125/118
f 683/142/136 679/141/135 681/383/565 685/384/567
f 685/384/567 681/383/565 680/125/566 684/127/568
f 684/127/568 680/125/566 678/125/118 682/127/120
f 687/181/174 683/180/136 685/384/567 689/385/569
f 689/385/569 685/384/567 684/127/568 688/129/570
f 688/129/570 684/127/568 682/127/120 686/129/122
f 691/208/192 687/207/174 689/385/569 693/386/571
f 693/386/571 689/385/569 688/129/570 692/131/572
f 692/131/572 688/129/570 686/132/122 690/131/124
f 695/235/210 691/208/192 693/386/571 697/387/573
f 697/387/573 693/386/571 692/131/572 696/134/574
f 696/134/574 692/131/572 690/131/124 694/134/126
f 699/261/230 695/260/210 697/387/573 701/388/575
f 701/388/575 697/387/573 696/134/574 700/136/576
f 700/136/576 696/134/574 694/134/126 698/136/128
f 703/290/3 699/289/230 701/388/575 705/389/577
f 705/389/577 701/388/575 700/136/576 704/138/578
f 704/138/578 700/136/576 698/136/128 702/138/130
f 450/6/4 703/5/3 705/389/577 452/390/451
f 452/390/451 705/389/577 704/138/578 453/391/453
f 453/391/453 704/138/578 702/138/130 451/139/132
f 454/10/7 451/317/132 66/317/133 67/10/8
f 706/1/322 708/3/579 707/2/580
f 770/4/581 707/7/582 1155/6/583 1408/5/584
f 706/1/322 709/8/585 708/3/579
f 1163/9/586 773/9/587 772/10/588 1159/10/589
f 706/1/322 710/11/590 709/8/585
f 1167/12/591 774/12/592 773/9/587 1163/9/586
f 706/1/322 711/13/593 710/11/590
f 1171/14/594 775/14/595 774/12/592 1167/12/591
f 706/1/322 712/15/596 711/13/593
f 1175/16/597 776/16/598 775/14/595 1171/14/594
f 706/1/322 713/17/599 712/15/596
f 1179/18/600 777/18/601 776/16/598 1175/16/597
f 706/1/322 714/19/602 713/17/599
f 1183/20/603 778/20/604 777/18/601 1179/18/600
f 706/1/322 715/21/605 714/19/602
f 1187/22/606 779/22/607 778/20/604 1183/20/603
f 706/1/322 716/23/608 715/21/605
f 1191/24/609 780/24/610 779/22/607 1187/22/606
f 706/1/322 717/25/611 716/23/608
f 1195/26/612 781/26/613 780/24/610 1191/24/609
f 706/1/322 718/27/614 717/25/611
f 1199/28/615 782/28/616 781/26/613 1195/26/612
f 706/1/322 719/29/617 718/27/614
f 1203/30/618 783/30/619 782/28/616 1199/28/615
f 706/1/322 720/31/620 719/29/617
f 1207/32/621 784/32/622 783/30/619 1203/30/618
f 706/1/322 721/33/623 720/31/620
f 1211/34/624 785/34/625 784/32/622 1207/32/621
f 706/1/322 722/35/626 721/33/623
f 1215/36/627 786/36/628 785/34/625 1211/34/624
f 706/1/322 723/37/629 722/35/626
f 1219/38/630 787/38/631 786/36/628 1215/39/627
f 706/1/322 724/40/632 723/37/629
f 1223/41/633 788/41/634 787/38/631 1219/38/630
f 706/1/322 725/42/635 724/40/632
f 1227/43/636 789/43/637 788/41/634 1223/41/633
f 706/1/322 726/44/638 725/42/635
f 1231/45/639 790/45/640 789/43/637 1227/43/636
f 706/1/322 727/46/641 726/44/638
f 1235/47/642 791/47/643 790/45/640 1231/45/639
f 706/1/322 728/48/644 727/46/641
f 1239/49/645 792/49/646 791/47/643 1235/47/642
f 706/1/322 729/50/647 728/48/644
f 1243/51/648 793/51/649 792/49/646 1239/49/645
f 706/1/322 730/52/650 729/50/647
f 1247/53/651 794/53/652 793/51/649 1243/51/648
f 706/1/322 731/54/653 730/52/650
f 1251/55/654 795/55/655 794/53/652 1247/53/651
f 706/1/322 732/56/656 731/54/653
f 1255/57/657 796/57/658 795/55/655 1251/58/654
f 706/1/322 733/59/659 732/56/656
f 1259/60/660 797/60/661 796/57/658 1255/57/657
f 706/1/322 734/61/662 733/59/659
f 1263/62/663 798/62/664 797/60/661 1259/60/660
f 706/1/322 735/63/665 734/61/662
f 1267/64/666 799/64/667 798/62/664 1263/62/663
f 706/1/322 736/65/668 735/63/665
f 1271/66/669 800/66/670 799/64/667 1267/64/666
f 706/1/322 737/67/671 736/65/668
f 1275/68/672 801/68/673 800/66/670 1271/66/669
f 706/1/322 738/69/674 737/67/671
f 1279/70/675 802/70/676 801/68/673 1275/68/672
f 706/1/322 739/71/677 738/69/674
f 1283/72/678 803/72/679 802/70/676 1279/70/675
f 706/1/322 740/73/680 739/71/677
f 1287/74/681 804/74/682 803/72/679 1283/72/678
f 706/1/322 741/75/683 740/73/680
f 1291/76/684 805/76/685 804/74/682 1287/74/681
f 706/1/322 742/77/686 741/75/683
f 1295/78/687 806/78/688 805/76/685 1291/76/684
f 706/1/322 743/79/689 742/77/686
f 1299/80/690 807/80/691 806/78/688 1295/81/687
f 706/1/322 744/82/692 743/79/689
f 1303/83/693 808/83/694 807/80/691 1299/80/690
f 706/1/322 745/84/695 744/82/692
f 1307/85/696 809/85/697 808/83/694 1303/83/693
f 706/1/322 746/86/698 745/84/695
f 1311/87/699 810/87/700 809/85/697 1307/88/696
f 706/1/322 747/89/701 746/86/698
f 1315/90/702 811/90/703 810/87/700 1311/87/699
f 706/1/322 748/91/704 747/89/701
f 1319/92/705 812/92/706 811/90/703 1315/90/702
f 706/1/322 749/93/707 748/91/704
f 1323/94/708 813/94/709 812/92/706 1319/92/705
f 706/1/322 750/95/710 749/93/707
f 1327/96/711 814/96/712 813/94/709 1323/94/708
f 706/1/322 751/97/713 750/95/710
f 1331/98/714 815/98/715 814/96/712 1327/96/711
f 706/1/322 752/99/716 751/97/713
f 1335/100/717 816/100/718 815/98/715 1331/98/714
f 706/1/322 753/101/719 752/99/716
f 1339/102/720 817/102/721 816/100/718 1335/100/717
f 706/1/322 754/103/722 753/101/719
f 1343/104/723 818/104/724 817/102/721 1339/102/720
f 706/1/322 755/105/725 754/103/722
f 1347/106/726 819/106/727 818/104/724 1343/104/723
f 706/1/322 756/107/728 755/105/725
f 1351/108/729 820/108/730 819/106/727 1347/106/726
f 706/1/322 757/109/731 756/107/728
f 1355/110/732 821/110/733 820/108/730 1351/108/729
f 706/1/322 758/111/734 757/109/731
f 1359/112/735 822/112/736 821/110/733 1355/110/732
f 706/1/322 759/113/737 758/111/734
f 1363/114/738 823/114/739 822/112/736 1359/112/735
f 706/1/322 760/115/740 759/113/737
f 1367/116/741 824/116/742 823/114/739 1363/114/738
f 706/1/322 761/117/743 760/115/740
f 1371/118/744 825/118/745 824/116/742 1367/116/741
f 706/1/322 762/119/746 761/117/743
f 1375/120/747 826/120/748 825/118/745 1371/121/744
f 706/1/322 763/122/749 762/119/746
f 1379/123/750 827/123/751 826/120/748 1375/120/747
f 706/1/322 764/124/752 763/122/749
f 1383/125/753 828/125/754 827/123/751 1379/123/750
f 706/1/322 765/126/755 764/124/752
f 1387/127/756 829/127/757 828/125/754 1383/125/753
f 706/1/322 766/128/758 765/126/755
f 1391/129/759 830/129/760 829/127/757 1387/127/756
f 706/1/322 767/130/761 766/128/758
f 1395/131/762 831/131/763 830/129/760 1391/132/759
f 706/1/322 768/133/764 767/130/761
f 1399/134/765 832/134/766 831/131/763 1395/131/762
f 706/1/322 769/135/767 768/133/764
f 1403/136/768 833/136/769 832/134/766 1399/134/765
f 706/1/322 770/137/770 769/135/767
f 1407/138/771 834/138/772 833/136/769 1403/136/768
f 706/1/322 707/2/580 770/137/770
f 1156/139/773 771/139/774 834/138/772 1407/138/771
f 764/140/775 765/143/776 1388/142/777 1384/141/778
f 751/144/779 752/147/780 1336/146/781 1332/145/782
f 708/148/783 709/151/784 1164/150/785 1160/149/786
f 738/152/787 739/155/788 1284/154/789 1280/153/790
f 725/156/791 726/159/792 1232/158/793 1228/157/794
f 712/160/795 713/163/796 1180/162/797 1176/161/798
f 758/164/799 759/167/800 1364/166/801 1360/165/802
f 745/168/803 746/171/804 1312/170/805 1308/169/806
f 732/172/807 733/175/808 1260/174/809 1256/173/810
f 719/176/811 720/179/812 1208/178/813 1204/177/814
f 765/143/776 766/182/815 1392/181/816 1388/180/777
f 752/147/780 753/185/817 1340/184/818 1336/183/781
f 739/155/788 740/188/819 1288/187/820 1284/186/789
f 726/159/792 727/191/821 1236/190/822 1232/189/793
f 713/163/796 714/194/823 1184/193/824 1180/192/797
f 759/167/800 760/197/825 1368/196/826 1364/195/801
f 746/171/804 747/200/827 1316/199/828 1312/198/805
f 733/175/808 734/203/829 1264/202/830 1260/201/809
f 720/179/812 721/206/831 1212/205/832 1208/204/813
f 766/182/815 767/209/833 1396/208/834 1392/207/816
f 753/185/817 754/211/835 1344/210/836 1340/184/818
f 740/188/819 741/214/837 1292/213/838 1288/212/820
f 727/191/821 728/216/839 1240/215/840 1236/190/822
f 714/194/823 715/219/841 1188/218/842 1184/217/824
f 760/197/825 761/222/843 1372/221/844 1368/220/826
f 747/200/827 748/225/845 1320/224/846 1316/223/828
f 707/226/582 708/148/783 1160/228/786 1155/227/583
f 734/203/829 735/231/847 1268/230/848 1264/229/830
f 721/206/831 722/234/849 1216/233/850 1212/232/832
f 767/209/833 768/236/851 1400/235/852 1396/208/834
f 754/211/835 755/239/853 1348/238/854 1344/237/836
f 741/214/837 742/241/855 1296/240/856 1292/213/838
f 728/216/839 729/244/857 1244/243/858 1240/242/840
f 715/219/841 716/247/859 1192/246/860 1188/245/842
f 761/222/843 762/250/861 1376/249/862 1372/248/844
f 748/225/845 749/252/863 1324/251/864 1320/224/846
f 735/231/847 736/254/865 1272/253/866 1268/230/848
f 722/234/849 723/257/867 1220/256/868 1216/255/850
f 709/151/784 710/259/869 1168/258/870 1164/150/785
f 768/236/851 769/262/871 1404/261/872 1400/260/852
f 755/239/853 756/265/873 1352/264/874 1348/263/854
f 742/241/855 743/268/875 1300/267/876 1296/266/856
f 729/244/857 730/271/877 1248/270/878 1244/269/858
f 716/247/859 717/273/879 1196/272/880 1192/246/860
f 762/250/861 763/276/881 1380/275/882 1376/274/862
f 749/252/863 750/279/883 1328/278/884 1324/277/864
f 736/254/865 737/282/885 1276/281/886 1272/280/866
f 723/257/867 724/285/887 1224/284/888 1220/283/868
f 710/259/869 711/288/889 1172/287/890 1168/286/870
f 769/262/871 770/4/581 1408/290/584 1404/289/872
f 756/265/873 757/293/891 1356/292/892 1352/291/874
f 743/268/875 744/296/893 1304/295/894 1300/294/876
f 730/271/877 731/299/895 1252/298/896 1248/297/878
f 717/273/879 718/302/897 1200/301/898 1196/300/880
f 763/276/881 764/140/775 1384/141/778 1380/303/882
f 750/279/883 751/144/779 1332/145/782 1328/304/884
f 737/282/885 738/152/787 1280/305/790 1276/281/886
f 724/285/887 725/156/791 1228/157/794 1224/306/888
f 711/288/889 712/160/795 1176/307/798 1172/287/890
f 757/293/891 758/164/799 1360/308/802 1356/292/892
f 744/296/893 745/168/803 1308/310/806 1304/309/894
f 731/299/895 732/172/807 1256/173/810 1252/311/896
f 718/302/897 719/176/811 1204/313/814 1200/312/898
f 770/137/899 898/137/899 835/2/900 707/2/900
f 737/67/901 865/67/901 866/69/902 738/69/902
f 724/40/903 852/40/903 853/42/904 725/42/904
f 711/13/905 839/13/905 840/15/906 712/15/906
f 757/109/907 885/109/907 886/111/908 758/111/908
f 744/82/909 872/82/909 873/84/910 745/84/910
f 731/54/911 859/54/911 860/56/912 732/56/912
f 718/27/913 846/27/913 847/29/914 719/29/914
f 764/124/915 892/124/915 893/126/916 765/126/916
f 751/97/917 879/97/917 880/99/918 752/99/918
f 738/69/902 866/69/902 867/71/919 739/71/919
f 725/42/904 853/42/904 854/44/920 726/44/920
f 712/15/906 840/15/906 841/17/921 713/17/921
f 758/111/908 886/111/908 887/113/922 759/113/922
f 745/84/910 873/84/910 874/86/923 746/86/923
f 732/56/912 860/56/912 861/59/924 733/59/924
f 719/29/914 847/29/914 848/31/925 720/31/925
f 765/126/916 893/126/916 894/128/926 766/128/926
f 752/99/918 880/99/918 881/101/927 753/101/927
f 739/71/919 867/71/919 868/73/928 740/73/928
f 726/44/920 854/44/920 855/46/929 727/46/929
f 713/17/921 841/17/921 842/19/930 714/19/930
f 759/113/922 887/113/922 888/115/931 760/115/931
f 746/86/923 874/86/923 875/89/932 747/89/932
f 707/2/900 835/2/900 836/3/933 708/3/933
f 733/59/924 861/59/924 862/61/934 734/61/934
f 720/31/925 848/31/925 849/33/935 721/33/935
f 766/128/926 894/128/926 895/130/936 767/130/936
f 753/101/927 881/101/927 882/103/937 754/103/937
f 740/73/928 868/73/928 869/75/938 741/75/938
f 727/46/929 855/46/929 856/48/939 728/48/939
f 714/19/930 842/19/930 843/21/940 715/21/940
f 760/115/931 888/115/931 889/117/941 761/117/941
f 747/89/932 875/89/932 876/91/942 748/91/942
f 734/61/934 862/61/934 863/63/943 735/63/943
f 721/33/935 849/33/935 850/35/944 722/35/944
f 708/3/933 836/3/933 837/8/945 709/8/945
f 767/130/936 895/130/936 896/133/946 768/133/946
f 754/103/937 882/103/937 883/105/947 755/105/947
f 741/75/938 869/75/938 870/77/948 742/77/948
f 728/48/939 856/48/939 857/50/949 729/50/949
f 715/21/940 843/21/940 844/23/950 716/23/950
f 761/117/941 889/117/941 890/119/951 762/119/951
f 748/91/942 876/91/942 877/93/952 749/93/952
f 735/63/943 863/63/943 864/65/953 736/65/953
f 722/35/944 850/35/944 851/37/954 723/37/954
f 709/8/945 837/8/945 838/11/955 710/11/955
f 768/133/946 896/133/946 897/135/956 769/135/956
f 755/105/947 883/105/947 884/107/957 756/107/957
f 742/77/948 870/77/948 871/79/958 743/79/958
f 729/50/949 857/50/949 858/52/959 730/52/959
f 716/23/950 844/23/950 845/25/960 717/25/960
f 762/119/951 890/119/951 891/122/961 763/122/961
f 749/93/952 877/93/952 878/95/962 750/95/962
f 736/65/953 864/65/953 865/67/901 737/67/901
f 723/37/954 851/37/954 852/40/903 724/40/903
f 710/11/955 838/11/955 839/13/905 711/13/905
f 769/135/956 897/135/956 898/137/899 770/137/899
f 756/107/957 884/107/957 885/109/907 757/109/907
f 743/79/958 871/79/958 872/82/909 744/82/909
f 730/52/959 858/52/959 859/54/911 731/54/911
f 717/25/960 845/25/960 846/27/913 718/27/913
f 763/122/961 891/122/961 892/124/915 764/124/915
f 750/95/962 878/95/962 879/97/917 751/97/917
f 836/3/963 900/3/963 901/8/964 837/8/964
f 889/117/965 953/117/965 954/119/966 890/119/966
f 863/63/967 927/63/967 928/65/968 864/65/968
f 837/8/964 901/8/964 902/11/969 838/11/969
f 890/119/966 954/119/966 955/122/970 891/122/970
f 864/65/968 928/65/968 929/67/971 865/67/971
f 838/11/969 902/11/969 903/13/972 839/13/972
f 891/122/970 955/122/970 956/124/973 892/124/973
f 865/67/971 929/67/971 930/69/974 866/69/974
f 839/13/972 903/13/972 904/15/975 840/15/975
f 892/124/973 956/124/973 957/126/976 893/126/976
f 866/69/974 930/69/974 931/71/977 867/71/977
f 840/15/975 904/15/975 905/17/978 841/17/978
f 893/126/976 957/126/976 958/128/979 894/128/979
f 867/71/977 931/71/977 932/73/980 868/73/980
f 841/17/978 905/17/978 906/19/981 842/19/981
f 894/128/979 958/128/979 959/130/982 895/130/982
f 868/73/980 932/73/980 933/75/983 869/75/983
f 842/19/981 906/19/981 907/21/984 843/21/984
f 895/130/982 959/130/982 960/133/985 896/133/985
f 869/75/983 933/75/983 934/77/986 870/77/986
f 843/21/984 907/21/984 908/23/987 844/23/987
f 896/133/985 960/133/985 961/135/988 897/135/988
f 870/77/986 934/77/986 935/79/989 871/79/989
f 844/23/987 908/23/987 909/25/990 845/25/990
f 897/135/988 961/135/988 962/137/991 898/137/991
f 871/79/989 935/79/989 936/82/992 872/82/992
f 845/25/990 909/25/990 910/27/993 846/27/993
f 898/137/991 962/137/991 899/2/994 835/2/994
f 872/82/992 936/82/992 937/84/995 873/84/995
f 846/27/993 910/27/993 911/29/996 847/29/996
f 873/84/995 937/84/995 938/86/997 874/86/997
f 847/29/996 911/29/996 912/31/998 848/31/998
f 874/86/997 938/86/997 939/89/999 875/89/999
f 848/31/998 912/31/998 913/33/1000 849/33/1000
f 875/89/999 939/89/999 940/91/1001 876/91/1001
f 849/33/1000 913/33/1000 914/35/1002 850/35/1002
f 876/91/1001 940/91/1001 941/93/1003 877/93/1003
f 850/35/1002 914/35/1002 915/37/1004 851/37/1004
f 877/93/1003 941/93/1003 942/95/1005 878/95/1005
f 851/37/1004 915/37/1004 916/40/1006 852/40/1006
f 878/95/1005 942/95/1005 943/97/1007 879/97/1007
f 852/40/1006 916/40/1006 917/42/1008 853/42/1008
f 879/97/1007 943/97/1007 944/99/1009 880/99/1009
f 853/42/1008 917/42/1008 918/44/1010 854/44/1010
f 880/99/1009 944/99/1009 945/101/1011 881/101/1011
f 854/44/1010 918/44/1010 919/46/1012 855/46/1012
f 881/101/1011 945/101/1011 946/103/1013 882/103/1013
f 855/46/1012 919/46/1012 920/48/1014 856/48/1014
f 882/103/1013 946/103/1013 947/105/1015 883/105/1015
f 856/48/1014 920/48/1014 921/50/1016 857/50/1016
f 883/105/1015 947/105/1015 948/107/1017 884/107/1017
f 857/50/1016 921/50/1016 922/52/1018 858/52/1018
f 884/107/1017 948/107/1017 949/109/1019 885/109/1019
f 858/52/1018 922/52/1018 923/54/1020 859/54/1020
f 885/109/1019 949/109/1019 950/111/1021 886/111/1021
f 859/54/1020 923/54/1020 924/56/1022 860/56/1022
f 886/111/1021 950/111/1021 951/113/1023 887/113/1023
f 860/56/1022 924/56/1022 925/59/1024 861/59/1024
f 887/113/1023 951/113/1023 952/115/1025 888/115/1025
f 861/59/1024 925/59/1024 926/61/1026 862/61/1026
f 835/2/994 899/2/994 900/3/963 836/3/963
f 888/115/1025 952/115/1025 953/117/965 889/117/965
f 862/61/1026 926/61/1026 927/63/967 863/63/967
f 922/52/1027 986/52/1027 987/54/1028 923/54/1028
f 949/109/1029 1013/109/1029 1014/111/1030 950/111/1030
f 923/54/1028 987/54/1028 988/56/1031 924/56/1031
f 950/111/1030 1014/111/1030 1015/113/1032 951/113/1032
f 924/56/1031 988/56/1031 989/59/1033 925/59/1033
f 951/113/1032 1015/113/1032 1016/115/1034 952/115/1034
f 925/59/1033 989/59/1033 990/61/1035 926/61/1035
f 899/2/1036 963/2/1036 964/3/1037 900/3/1037
f 952/115/1034 1016/115/1034 1017/117/1038 953/117/1038
f 926/61/1035 990/61/1035 991/63/1039 927/63/1039
f 900/3/1037 964/3/1037 965/8/1040 901/8/1040
f 953/117/1038 1017/117/1038 1018/119/1041 954/119/1041
f 927/63/1039 991/63/1039 992/65/1042 928/65/1042
f 901/8/1040 965/8/1040 966/11/1043 902/11/1043
f 954/119/1041 1018/119/1041 1019/122/1044 955/122/1044
f 928/65/1042 992/65/1042 993/67/1045 929/67/1045
f 902/11/1043 966/11/1043 967/13/1046 903/13/1046
f 955/122/1044 1019/122/1044 1020/124/1047 956/124/1047
f 929/67/1045 993/67/1045 994/69/1048 930/69/1048
f 903/13/1046 967/13/1046 968/15/1049 904/15/1049
f 956/124/1047 1020/124/1047 1021/126/1050 957/126/1050
f 930/69/1048 994/69/1048 995/71/1051 931/71/1051
f 904/15/1049 968/15/1049 969/17/1052 905/17/1052
f 957/126/1050 1021/126/1050 1022/128/1053 958/128/1053
f 931/71/1051 995/71/1051 996/73/1054 932/73/1054
f 905/17/1052 969/17/1052 970/19/1055 906/19/1055
f 958/128/1053 1022/128/1053 1023/130/1056 959/130/1056
f 932/73/1054 996/73/1054 997/75/1057 933/75/1057
f 906/19/1055 970/19/1055 971/21/1058 907/21/1058
f 959/130/1056 1023/130/1056 1024/133/1059 960/133/1059
f 933/75/1057 997/75/1057 998/77/1060 934/77/1060
f 907/21/1058 971/21/1058 972/23/1061 908/23/1061
f 960/133/1059 1024/133/1059 1025/135/1062 961/135/1062
f 934/77/1060 998/77/1060 999/79/1063 935/79/1063
f 908/23/1061 972/23/1061 973/25/1064 909/25/1064
f 961/135/1062 1025/135/1062 1026/137/1065 962/137/1065
f 935/79/1063 999/79/1063 1000/82/1066 936/82/1066
f 909/25/1064 973/25/1064 974/27/1067 910/27/1067
f 962/137/1065 1026/137/1065 963/2/1036 899/2/1036
f 936/82/1066 1000/82/1066 1001/84/1068 937/84/1068
f 910/27/1067 974/27/1067 975/29/1069 911/29/1069
f 937/84/1068 1001/84/1068 1002/86/1070 938/86/1070
f 911/29/1069 975/29/1069 976/31/1071 912/31/1071
f 938/86/1070 1002/86/1070 1003/89/1072 939/89/1072
f 912/31/1071 976/31/1071 977/33/1073 913/33/1073
f 939/89/1072 1003/89/1072 1004/91/1074 940/91/1074
f 913/33/1073 977/33/1073 978/35/1075 914/35/1075
f 940/91/1074 1004/91/1074 1005/93/1076 941/93/1076
f 914/35/1075 978/35/1075 979/37/1077 915/37/1077
f 941/93/1076 1005/93/1076 1006/95/1078 942/95/1078
f 915/37/1077 979/37/1077 980/40/1079 916/40/1079
f 942/95/1078 1006/95/1078 1007/97/1080 943/97/1080
f 916/40/1079 980/40/1079 981/42/1081 917/42/1081
f 943/97/1080 1007/97/1080 1008/99/1082 944/99/1082
f 917/42/1081 981/42/1081 982/44/1083 918/44/1083
f 944/99/1082 1008/99/1082 1009/101/1084 945/101/1084
f 918/44/1083 982/44/1083 983/46/1085 919/46/1085
f 945/101/1084 1009/101/1084 1010/103/1086 946/103/1086
f 919/46/1085 983/46/1085 984/48/1087 920/48/1087
f 946/103/1086 1010/103/1086 1011/105/1088 947/105/1088
f 920/48/1087 984/48/1087 985/50/1089 921/50/1089
f 947/105/1088 1011/105/1088 1012/107/1090 948/107/1090
f 921/50/1089 985/50/1089 986/52/1027 922/52/1027
f 948/107/1090 1012/107/1090 1013/109/1029 949/109/1029
f 989/59/1091 1053/59/1091 1054/61/1092 990/61/1092
f 963/2/1093 1027/2/1093 1028/3/1094 964/3/1094
f 1016/115/1095 1080/115/1095 1081/117/1096 1017/117/1096
f 990/61/1092 1054/61/1092 1055/63/1097 991/63/1097
f 964/3/1094 1028/3/1094 1029/8/1098 965/8/1098
f 1017/117/1096 1081/117/1096 1082/119/1099 1018/119/1099
f 991/63/1097 1055/63/1097 1056/65/1100 992/65/1100
f 965/8/1098 1029/8/1098 1030/11/1101 966/11/1101
f 1018/119/1099 1082/119/1099 1083/122/1102 1019/122/1102
f 992/65/1100 1056/65/1100 1057/67/1103 993/67/1103
f 966/11/1101 1030/11/1101 1031/13/1104 967/13/1104
f 1019/122/1102 1083/122/1102 1084/124/1105 1020/124/1105
f 993/67/1103 1057/67/1103 1058/69/1106 994/69/1106
f 967/13/1104 1031/13/1104 1032/15/1107 968/15/1107
f 1020/124/1105 1084/124/1105 1085/126/1108 1021/126/1108
f 994/69/1106 1058/69/1106 1059/71/1109 995/71/1109
f 968/15/1107 1032/15/1107 1033/17/1110 969/17/1110
f 1021/126/1108 1085/126/1108 1086/128/1111 1022/128/1111
f 995/71/1109 1059/71/1109 1060/73/1112 996/73/1112
f 969/17/1110 1033/17/1110 1034/19/1113 970/19/1113
f 1022/128/1111 1086/128/1111 1087/130/1114 1023/130/1114
f 996/73/1112 1060/73/1112 1061/75/1115 997/75/1115
f 970/19/1113 1034/19/1113 1035/21/1116 971/21/1116
f 1023/130/1114 1087/130/1114 1088/133/1117 1024/133/1117
f 997/75/1115 1061/75/1115 1062/77/1118 998/77/1118
f 971/21/1116 1035/21/1116 1036/23/1119 972/23/1119
f 1024/133/1117 1088/133/1117 1089/135/1120 1025/135/1120
f 998/77/1118 1062/77/1118 1063/79/1121 999/79/1121
f 972/23/1119 1036/23/1119 1037/25/1122 973/25/1122
f 1025/135/1120 1089/135/1120 1090/137/1123 1026/137/1123
f 999/79/1121 1063/79/1121 1064/82/1124 1000/82/1124
f 973/25/1122 1037/25/1122 1038/27/1125 974/27/1125
f 1026/137/1123 1090/137/1123 1027/2/1093 963/2/1093
f 1000/82/1124 1064/82/1124 1065/84/1126 1001/84/1126
f 974/27/1125 1038/27/1125 1039/29/1127 975/29/1127
f 1001/84/1126 1065/84/1126 1066/86/1128 1002/86/1128
f 975/29/1127 1039/29/1127 1040/31/1129 976/31/1129
f 1002/86/1128 1066/86/1128 1067/89/1130 1003/89/1130
f 976/31/1129 1040/31/1129 1041/33/1131 977/33/1131
f 1003/89/1130 1067/89/1130 1068/91/1132 1004/91/1132
f 977/33/1131 1041/33/1131 1042/35/1133 978/35/1133
f 1004/91/1132 1068/91/1132 1069/93/1134 1005/93/1134
f 978/35/1133 1042/35/1133 1043/37/1135 979/37/1135
f 1005/93/1134 1069/93/1134 1070/95/1136 1006/95/1136
f 979/37/1135 1043/37/1135 1044/40/1137 980/40/1137
f 1006/95/1136 1070/95/1136 1071/97/1138 1007/97/1138
f 980/40/1137 1044/40/1137 1045/42/1139 981/42/1139
f 1007/97/1138 1071/97/1138 1072/99/1140 1008/99/1140
f 981/42/1139 1045/42/1139 1046/44/1141 982/44/1141
f 1008/99/1140 1072/99/1140 1073/101/1142 1009/101/1142
f 982/44/1141 1046/44/1141 1047/46/1143 983/46/1143
f 1009/101/1142 1073/101/1142 1074/103/1144 1010/103/1144
f 983/46/1143 1047/46/1143 1048/48/1145 984/48/1145
f 1010/103/1144 1074/103/1144 1075/105/1146 1011/105/1146
f 984/48/1145 1048/48/1145 1049/50/1147 985/50/1147
f 1011/105/1146 1075/105/1146 1076/107/1148 1012/107/1148
f 985/50/1147 1049/50/1147 1050/52/1149 986/52/1149
f 1012/107/1148 1076/107/1148 1077/109/1150 1013/109/1150
f 986/52/1149 1050/52/1149 1051/54/1151 987/54/1151
f 1013/109/1150 1077/109/1150 1078/111/1152 1014/111/1152
f 987/54/1151 1051/54/1151 1052/56/1153 988/56/1153
f 1014/111/1152 1078/111/1152 1079/113/1154 1015/113/1154
f 988/56/1153 1052/56/1153 1053/59/1091 989/59/1091
f 1015/113/1154 1079/113/1154 1080/115/1095 1016/115/1095
f 1071/97/1155 1135/97/1155 1136/99/1156 1072/99/1156
f 1045/42/1157 1109/42/1157 1110/44/1158 1046/44/1158
f 1072/99/1156 1136/99/1156 1137/101/1159 1073/101/1159
f 1046/44/1158 1110/44/1158 1111/46/1160 1047/46/1160
f 1073/101/1159 1137/101/1159 1138/103/1161 1074/103/1161
f 1047/46/1160 1111/46/1160 1112/48/1162 1048/48/1162
f 1074/103/1161 1138/103/1161 1139/105/1163 1075/105/1163
f 1048/48/1162 1112/48/1162 1113/50/1164 1049/50/1164
f 1075/105/1163 1139/105/1163 1140/107/1165 1076/107/1165
f 1049/50/1164 1113/50/1164 1114/52/1166 1050/52/1166
f 1076/107/1165 1140/107/1165 1141/109/1167 1077/109/1167
f 1050/52/1166 1114/52/1166 1115/54/1168 1051/54/1168
f 1077/109/1167 1141/109/1167 1142/111/1169 1078/111/1169
f 1051/54/1168 1115/54/1168 1116/56/1170 1052/56/1170
f 1078/111/1169 1142/111/1169 1143/113/1171 1079/113/1171
f 1052/56/1170 1116/56/1170 1117/59/1172 1053/59/1172
f 1079/113/1171 1143/113/1171 1144/115/1173 1080/115/1173
f 1053/59/1172 1117/59/1172 1118/61/1174 1054/61/1174
f 1027/2/1175 1091/2/1175 1092/3/1176 1028/3/1176
f 1080/115/1173 1144/115/1173 1145/117/1177 1081/117/1177
f 1054/61/1174 1118/61/1174 1119/63/1178 1055/63/1178
f 1028/3/1176 1092/3/1176 1093/8/1179 1029/8/1179
f 1081/117/1177 1145/117/1177 1146/119/1180 1082/119/1180
f 1055/63/1178 1119/63/1178 1120/65/1181 1056/65/1181
f 1029/8/1179 1093/8/1179 1094/11/1182 1030/11/1182
f 1082/119/1180 1146/119/1180 1147/122/1183 1083/122/1183
f 1056/65/1181 1120/65/1181 1121/67/1184 1057/67/1184
f 1030/11/1182 1094/11/1182 1095/13/1185 1031/13/1185
f 1083/122/1183 1147/122/1183 1148/124/1186 1084/124/1186
f 1057/67/1184 1121/67/1184 1122/69/1187 1058/69/1187
f 1031/13/1185 1095/13/1185 1096/15/1188 1032/15/1188
f 1084/124/1186 1148/124/1186 1149/126/1189 1085/126/1189
f 1058/69/1187 1122/69/1187 1123/71/1190 1059/71/1190
f 1032/15/1188 1096/15/1188 1097/17/1191 1033/17/1191
f 1085/126/1189 1149/126/1189 1150/128/1192 1086/128/1192
f 1059/71/1190 1123/71/1190 1124/73/1193 1060/73/1193
f 1033/17/1191 1097/17/1191 1098/19/1194 1034/19/1194
f 1086/128/1192 1150/128/1192 1151/130/1195 1087/130/1195
f 1060/73/1193 1124/73/1193 1125/75/1196 1061/75/1196
f 1034/19/1194 1098/19/1194 1099/21/1197 1035/21/1197
f 1087/130/1195 1151/130/1195 1152/133/1198 1088/133/1198
f 1061/75/1196 1125/75/1196 1126/77/1199 1062/77/1199
f 1035/21/1197 1099/21/1197 1100/23/1200 1036/23/1200
f 1088/133/1198 1152/133/1198 1153/135/1201 1089/135/1201
f 1062/77/1199 1126/77/1199 1127/79/1202 1063/79/1202
f 1036/23/1200 1100/23/1200 1101/25/1203 1037/25/1203
f 1089/135/1201 1153/135/1201 1154/137/1204 1090/137/1204
f 1063/79/1202 1127/79/1202 1128/82/1205 1064/82/1205
f 1037/25/1203 1101/25/1203 1102/27/1206 1038/27/1206
f 1090/137/1204 1154/137/1204 1091/2/1175 1027/2/1175
f 1064/82/1205 1128/82/1205 1129/84/1207 1065/84/1208
f 1038/27/1206 1102/27/1206 1103/29/1209 1039/29/1209
f 1065/84/1208 1129/84/1207 1130/86/1210 1066/86/1210
f 1039/29/1209 1103/29/1209 1104/31/1211 1040/31/1211
f 1066/86/1210 1130/86/1210 1131/89/1212 1067/89/1212
f 1040/31/1211 1104/31/1211 1105/33/1213 1041/33/1213
f 1067/89/1212 1131/89/1212 1132/91/1214 1068/91/1214
f 1041/33/1213 1105/33/1213 1106/35/1215 1042/35/1215
f 1068/91/1214 1132/91/1214 1133/93/1216 1069/93/1216
f 1042/35/1215 1106/35/1215 1107/37/1217 1043/37/1217
f 1069/93/1216 1133/93/1216 1134/95/1218 1070/95/1218
f 1043/37/1217 1107/37/1217 1108/40/1219 1044/40/1219
f 1070/95/1218 1134/95/1218 1135/97/1155 1071/97/1155
f 1044/40/1219 1108/40/1219 1109/42/1157 1045/42/1157
f 1160/228/786 1162/315/1220 1157/314/1221 1155/227/583
f 1162/315/1220 1161/10/1222 1158/316/1223 1157/314/1221
f 1161/10/1222 1159/10/589 1156/317/773 1158/316/1223
f 1164/150/785 1166/318/1224 1162/315/1220 1160/149/786
f 1166/318/1224 1165/319/1225 1161/10/1222 1162/315/1220
f 1165/319/1225 1163/9/586 1159/10/589 1161/10/1222
f 1168/258/870 1170/320/1226 1166/318/1224 1164/150/785
f 1170/320/1226 1169/12/1227 1165/319/1225 1166/318/1224
f 1169/12/1227 1167/12/591 1163/9/586 1165/319/1225
f 1172/287/890 1174/321/1228 1170/320/1226 1168/286/870
f 1174/321/1228 1173/322/1229 1169/12/1227 1170/320/1226
f 1173/322/1229 1171/14/594 1167/12/591 1169/12/1227
f 1176/307/798 1178/323/1230 1174/321/1228 1172/287/890
f 1178/323/1230 1177/16/1231 1173/322/1229 1174/321/1228
f 1177/16/1231 1175/16/597 1171/14/594 1173/322/1229
f 1180/162/797 1182/324/1232 1178/323/1230 1176/161/798
f 1182/324/1232 1181/18/1233 1177/16/1231 1178/323/1230
f 1181/18/1233 1179/18/600 1175/16/597 1177/16/1231
f 1184/193/824 1186/325/1234 1182/324/1232 1180/192/797
f 1186/325/1234 1185/20/1235 1181/18/1233 1182/324/1232
f 1185/20/1235 1183/20/603 1179/18/600 1181/18/1233
f 1188/218/842 1190/326/1236 1186/325/1234 1184/217/824
f 1190/326/1236 1189/22/1237 1185/20/1235 1186/325/1234
f 1189/22/1237 1187/22/606 1183/20/603 1185/20/1235
f 1192/246/860 1194/327/1238 1190/326/1236 1188/245/842
f 1194/327/1238 1193/328/1239 1189/22/1237 1190/326/1236
f 1193/328/1239 1191/24/609 1187/22/606 1189/22/1237
f 1196/272/880 1198/329/1240 1194/327/1238 1192/246/860
f 1198/329/1240 1197/26/1241 1193/328/1239 1194/327/1238
f 1197/26/1241 1195/26/612 1191/24/609 1193/328/1239
f 1200/301/898 1202/330/1242 1198/329/1240 1196/300/880
f 1202/330/1242 1201/28/1243 1197/26/1241 1198/329/1240
f 1201/28/1243 1199/28/615 1195/26/612 1197/26/1241
f 1204/313/814 1206/331/1244 1202/330/1242 1200/312/898
f 1206/331/1244 1205/30/1245 1201/28/1243 1202/330/1242
f 1205/30/1245 1203/30/618 1199/28/615 1201/28/1243
f 1208/178/813 1210/332/1246 1206/331/1244 1204/177/814
f 1210/332/1246 1209/32/1247 1205/30/1245 1206/331/1244
f 1209/32/1247 1207/32/621 1203/30/618 1205/30/1245
f 1212/205/832 1214/333/1248 1210/332/1246 1208/204/813
f 1214/333/1248 1213/334/1249 1209/32/1247 1210/332/1246
f 1213/334/1249 1211/34/624 1207/32/621 1209/32/1247
f 1216/233/850 1218/335/1250 1214/333/1248 1212/232/832
f 1218/335/1250 1217/36/1251 1213/334/1249 1214/333/1248
f 1217/36/1251 1215/36/627 1211/34/624 1213/334/1249
f 1220/256/868 1222/336/1252 1218/335/1250 1216/255/850
f 1222/336/1252 1221/38/1253 1217/36/1251 1218/335/1250
f 1221/38/1253 1219/38/630 1215/39/627 1217/36/1251
f 1224/284/888 1226/337/1254 1222/336/1252 1220/283/868
f 1226/337/1254 1225/41/1255 1221/38/1253 1222/336/1252
f 1225/41/1255 1223/41/633 1219/38/630 1221/38/1253
f 1228/157/794 1230/338/1256 1226/337/1254 1224/306/888
f 1230/338/1256 1229/339/1257 1225/41/1255 1226/337/1254
f 1229/339/1257 1227/43/636 1223/41/633 1225/41/1255
f 1232/158/793 1234/340/1258 1230/338/1256 1228/157/794
f 1234/340/1258 1233/45/1259 1229/339/1257 1230/338/1256
f 1233/45/1259 1231/45/639 1227/43/636 1229/339/1257
f 1236/190/822 1238/341/1260 1234/340/1258 1232/189/793
f 1238/341/1260 1237/47/1261 1233/45/1259 1234/340/1258
f 1237/47/1261 1235/47/642 1231/45/639 1233/45/1259
f 1240/215/840 1242/342/1262 1238/341/1260 1236/190/822
f 1242/342/1262 1241/49/1263 1237/47/1261 1238/341/1260
f 1241/49/1263 1239/49/645 1235/47/642 1237/47/1261
f 1244/243/858 1246/343/1264 1242/342/1262 1240/242/840
f 1246/343/1264 1245/344/1265 1241/49/1263 1242/342/1262
f 1245/344/1265 1243/51/648 1239/49/645 1241/49/1263
f 1248/270/878 1250/345/1266 1246/343/1264 1244/269/858
f 1250/345/1266 1249/53/1267 1245/344/1265 1246/343/1264
f 1249/53/1267 1247/53/651 1243/51/648 1245/344/1265
f 1252/298/896 1254/346/1268 1250/345/1266 1248/297/878
f 1254/346/1268 1253/55/1269 1249/53/1267 1250/345/1266
f 1253/55/1269 1251/55/654 1247/53/651 1249/53/1267
f 1256/173/810 1258/347/1270 1254/346/1268 1252/311/896
f 1258/347/1270 1257/57/1271 1253/55/1269 1254/346/1268
f 1257/57/1271 1255/57/657 1251/58/654 1253/55/1269
f 1260/174/809 1262/348/1272 1258/347/1270 1256/173/810
f 1262/348/1272 1261/60/1273 1257/57/1271 1258/347/1270
f 1261/60/1273 1259/60/660 1255/57/657 1257/57/1271
f 1264/202/830 1266/349/1274 1262/348/1272 1260/201/809
f 1266/349/1274 1265/62/1275 1261/60/1273 1262/348/1272
f 1265/62/1275 1263/62/663 1259/60/660 1261/60/1273
f 1268/230/848 1270/350/1276 1266/349/1274 1264/229/830
f 1270/350/1276 1269/64/1277 1265/62/1275 1266/349/1274
f 1269/64/1277 1267/64/666 1263/62/663 1265/62/1275
f 1272/253/866 1274/351/1278 1270/350/1276 1268/230/848
f 1274/351/1278 1273/66/1279 1269/64/1277 1270/350/1276
f 1273/66/1279 1271/66/669 1267/64/666 1269/64/1277
f 1276/281/886 1278/352/1280 1274/351/1278 1272/280/866
f 1278/352/1280 1277/68/1281 1273/66/1279 1274/351/1278
f 1277/68/1281 1275/68/672 1271/66/669 1273/66/1279
f 1280/305/790 1282/353/1282 1278/352/1280 1276/281/886
f 1282/353/1282 1281/70/1283 1277/68/1281 1278/352/1280
f 1281/70/1283 1279/70/675 1275/68/672 1277/68/1281
f 1284/154/789 1286/354/1284 1282/353/1282 1280/153/790
f 1286/354/1284 1285/72/1285 1281/70/1283 1282/353/1282
f 1285/72/1285 1283/72/678 1279/70/675 1281/70/1283
f 1288/187/820 1290/355/1286 1286/354/1284 1284/186/789
f 1290/355/1286 1289/74/1287 1285/72/1285 1286/354/1284
f 1289/74/1287 1287/74/681 1283/72/678 1285/72/1285
f 1292/213/838 1294/356/1288 1290/355/1286 1288/212/820
f 1294/356/1288 1293/76/1289 1289/74/1287 1290/355/1286
f 1293/76/1289 1291/76/684 1287/74/681 1289/74/1287
f 1296/240/856 1298/357/1290 1294/356/1288 1292/213/838
f 1298/357/1290 1297/78/1291 1293/76/1289 1294/356/1288
f 1297/78/1291 1295/78/687 1291/76/684 1293/76/1289
f 1300/267/876 1302/358/1292 1298/357/1290 1296/266/856
f 1302/358/1292 1301/80/1293 1297/78/1291 1298/357/1290
f 1301/80/1293 1299/80/690 1295/81/687 1297/78/1291
f 1304/295/894 1306/359/1294 1302/358/1292 1300/294/876
f 1306/359/1294 1305/83/1295 1301/80/1293 1302/358/1292
f 1305/83/1295 1303/83/693 1299/80/690 1301/80/1293
f 1308/310/806 1310/360/1296 1306/359/1294 1304/309/894
f 1310/360/1296 1309/85/1297 1305/83/1295 1306/359/1294
f 1309/85/1297 1307/85/696 1303/83/693 1305/83/1295
f 1312/170/805 1314/361/1298 1310/360/1296 1308/169/806
f 1314/361/1298 1313/87/1299 1309/85/1297 1310/360/1296
f 1313/87/1299 1311/87/699 1307/88/696 1309/85/1297
f 1316/199/828 1318/362/1300 1314/361/1298 1312/198/805
f 1318/362/1300 1317/90/1301 1313/87/1299 1314/361/1298
f 1317/90/1301 1315/90/702 1311/87/699 1313/87/1299
f 1320/224/846 1322/363/1302 1318/362/1300 1316/223/828
f 1322/363/1302 1321/92/1303 1317/90/1301 1318/362/1300
f 1321/92/1303 1319/92/705 1315/90/702 1317/90/1301
f 1324/251/864 1326/364/1304 1322/363/1302 1320/224/846
f 1326/364/1304 1325/94/1305 1321/92/1303 1322/363/1302
f 1325/94/1305 1323/94/708 1319/92/705 1321/92/1303
f 1328/278/884 1330/365/1306 1326/364/1304 1324/277/864
f 1330/365/1306 1329/366/1307 1325/94/1305 1326/364/1304
f 1329/366/1307 1327/96/711 1323/94/708 1325/94/1305
f 1332/145/782 1334/367/1308 1330/365/1306 1328/304/884
f 1334/367/1308 1333/98/1309 1329/366/1307 1330/365/1306
f 1333/98/1309 1331/98/714 1327/96/711 1329/366/1307
f 1336/146/781 1338/368/1310 1334/367/1308 1332/145/782
f 1338/368/1310 1337/369/1311 1333/98/1309 1334/367/1308
f 1337/369/1311 1335/100/717 1331/98/714 1333/98/1309
f 1340/184/818 1342/370/1312 1338/368/1310 1336/183/781
f 1342/370/1312 1341/102/1313 1337/369/1311 1338/368/1310
f 1341/102/1313 1339/102/720 1335/100/717 1337/369/1311
f 1344/210/836 1346/371/1314 1342/370/1312 1340/184/818
f 1346/371/1314 1345/104/1315 1341/102/1313 1342/370/1312
f 1345/104/1315 1343/104/723 1339/102/720 1341/102/1313
f 1348/238/854 1350/372/1316 1346/371/1314 1344/237/836
f 1350/372/1316 1349/106/1317 1345/104/1315 1346/371/1314
f 1349/106/1317 1347/106/726 1343/104/723 1345/104/1315
f 1352/264/874 1354/373/1318 1350/372/1316 1348/263/854
f 1354/373/1318 1353/108/1319 1349/106/1317 1350/372/1316
f 1353/108/1319 1351/108/729 1347/106/726 1349/106/1317
f 1356/292/892 1358/374/1320 1354/373/1318 1352/291/874
f 1358/374/1320 1357/375/1321 1353/108/1319 1354/373/1318
f 1357/375/1321 1355/110/732 1351/108/729 1353/108/1319
f 1360/308/802 1362/376/1322 1358/374/1320 1356/292/892
f 1362/376/1322 1361/112/1323 1357/375/1321 1358/374/1320
f 1361/112/1323 1359/112/735 1355/110/732 1357/375/1321
f 1364/166/801 1366/377/1324 1362/376/1322 1360/165/802
f 1366/377/1324 1365/378/1325 1361/112/1323 1362/376/1322
f 1365/378/1325 1363/114/738 1359/112/735 1361/112/1323
f 1368/196/826 1370/379/1326 1366/377/1324 1364/195/801
f 1370/379/1326 1369/116/1327 1365/378/1325 1366/377/1324
f 1369/116/1327 1367/116/741 1363/114/738 1365/378/1325
f 1372/221/844 1374/380/1328 1370/379/1326 1368/220/826
f 1374/380/1328 1373/118/1329 1369/116/1327 1370/379/1326
f 1373/118/1329 1371/118/744 1367/116/741 1369/116/1327
f 1376/249/862 1378/381/1330 1374/380/1328 1372/248/844
f 1378/381/1330 1377/120/1331 1373/118/1329 1374/380/1328
f 1377/120/1331 1375/120/747 1371/121/744 1373/118/1329
f 1380/275/882 1382/382/1332 1378/381/1330 1376/274/862
f 1382/382/1332 1381/123/1333 1377/120/1331 1378/381/1330
f 1381/123/1333 1379/123/750 1375/120/747 1377/120/1331
f 1384/141/778 1386/383/1334 1382/382/1332 1380/303/882
f 1386/383/1334 1385/125/1335 1381/123/1333 1382/382/1332
f 1385/125/1335 1383/125/753 1379/123/750 1381/123/1333
f 1388/142/777 1390/384/1336 1386/383/1334 1384/141/778
f 1390/384/1336 1389/127/1337 1385/125/1335 1386/383/1334
f 1389/127/1337 1387/127/756 1383/125/753 1385/125/1335
f 1392/181/816 1394/385/1338 1390/384/1336 1388/180/777
f 1394/385/1338 1393/129/1339 1389/127/1337 1390/384/1336
f 1393/129/1339 1391/129/759 1387/127/756 1389/127/1337
f 1396/208/834 1398/386/1340 1394/385/1338 1392/207/816
f 1398/386/1340 1397/131/1341 1393/129/1339 1394/385/1338
f 1397/131/1341 1395/131/762 1391/132/759 1393/129/1339
f 1400/235/852 1402/387/1342 1398/386/1340 1396/208/834
f 1402/387/1342 1401/134/1343 1397/131/1341 1398/386/1340
f 1401/134/1343 1399/134/765 1395/131/762 1397/131/1341
f 1404/261/872 1406/388/1344 1402/387/1342 1400/260/852
f 1406/388/1344 1405/136/1345 1401/134/1343 1402/387/1342
f 1405/136/1345 1403/136/768 1399/134/765 1401/134/1343
f 1408/290/584 1410/389/1346 1406/388/1344 1404/289/872
f 1410/389/1346 1409/138/1347 1405/136/1345 1406/388/1344
f 1409/138/1347 1407/138/771 1403/136/768 1405/136/1345
f 1155/6/583 1157/390/1221 1410/389/1346 1408/5/584
f 1157/390/1221 1158/391/1223 1409/138/1347 1410/389/1346
f 1158/391/1223 1156/139/773 1407/138/771 1409/138/1347
f 1159/10/589 772/10/588 771/317/774 1156/317/773
f 67/10/1348 66/317/1349 771/317/1349 772/10/1348
f 68/9/1350 67/10/1348 772/10/1348 773/9/1350
f 69/12/1351 68/9/1350 773/9/1350 774/12/1351
f 70/14/1352 69/12/1351 774/12/1351 775/14/1352
f 71/16/1353 70/14/1352 775/14/1352 776/16/1353
f 72/18/1354 71/16/1353 776/16/1353 777/18/1354
f 73/20/1355 72/18/1354 777/18/1354 778/20/1355
f 74/22/1356 73/20/1355 778/20/1355 779/22/1356
f 75/24/1357 74/22/1356 779/22/1356 780/24/1357
f 76/26/1358 75/24/1357 780/24/1357 781/26/1358
f 77/28/1359 76/26/1358 781/26/1358 782/28/1359
f 78/30/1360 77/28/1359 782/28/1359 783/30/1360
f 79/32/1361 78/30/1360 783/30/1360 784/32/1361
f 80/34/1362 79/32/1361 784/32/1361 785/34/1362
f 81/36/1363 80/34/1362 785/34/1362 786/36/1363
f 82/38/1364 81/36/1363 786/36/1363 787/38/1364
f 83/41/1365 82/38/1364 787/38/1364 788/41/1365
f 84/43/1366 83/41/1365 788/41/1365 789/43/1366
f 85/45/1367 84/43/1366 789/43/1366 790/45/1367
f 86/47/1368 85/45/1367 790/45/1367 791/47/1368
f 87/49/1369 86/47/1368 791/47/1368 792/49/1369
f 88/51/1370 87/49/1369 792/49/1369 793/51/1370
f 89/53/1371 88/51/1370 793/51/1370 794/53/1371
f 90/55/1372 89/53/1371 794/53/1371 795/55/1372
f 91/57/1373 90/55/1372 795/55/1372 796/57/1373
f 92/60/1374 91/57/1373 796/57/1373 797/60/1374
f 93/62/1375 92/60/1374 797/60/1374 798/62/1375
f 94/64/1376 93/62/1375 798/62/1375 799/64/1376
f 95/66/1377 94/64/1376 799/64/1376 800/66/1377
f 96/68/1378 95/66/1377 800/66/1377 801/68/1378
f 97/70/1379 96/68/1378 801/68/1378 802/70/1379
f 98/72/1380 97/70/1379 802/70/1379 803/72/1380
f 99/74/1381 98/72/1380 803/72/1380 804/74/1381
f 100/76/1382 99/74/1381 804/74/1381 805/76/1382
f 101/78/1383 100/76/1382 805/76/1382 806/78/1383
f 102/80/1384 101/78/1383 806/78/1383 807/80/1384
f 103/83/1385 102/80/1384 807/80/1384 808/83/1385
f 104/85/1386 103/83/1385 808/83/1385 809/85/1386
f 105/87/1387 104/85/1386 809/85/1386 810/87/1387
f 106/90/1388 105/87/1387 810/87/1387 811/90/1388
f 107/92/1389 106/90/1388 811/90/1388 812/92/1389
f 108/94/1390 107/92/1389 812/92/1389 813/94/1390
f 109/96/1391 108/94/1390 813/94/1390 814/96/1391
f 110/98/1392 109/96/1391 814/96/1391 815/98/1392
f 111/100/1393 110/98/1392 815/98/1392 816/100/1393
f 112/102/1394 111/100/1393 816/100/1393 817/102/1394
f 113/104/1395 112/102/1394 817/102/1394 818/104/1395
f 114/106/1396 113/104/1395 818/104/1395 819/106/1396
f 115/108/1397 114/106/1396 819/106/1396 820/108/1397
f 116/110/1398 115/108/1397 820/108/1397 821/110/1398
f 117/112/1399 116/110/1398 821/110/1398 822/112/1399
f 118/114/1400 117/112/1399 822/112/1399 823/114/1400
f 119/116/1401 118/114/1400 823/114/1400 824/116/1401
f 120/118/1402 119/116/1401 824/116/1401 825/118/1402
f 121/120/1403 120/118/1402 825/118/1402 826/120/1403
f 122/123/1404 121/120/1403 826/120/1403 827/123/1404
f 123/125/1405 122/123/1404 827/123/1404 828/125/1405
f 124/127/1406 123/125/1405 828/125/1405 829/127/1406
f 125/129/1407 124/127/1406 829/127/1406 830/129/1407
f 126/131/1408 125/129/1407 830/129/1407 831/131/1408
f 127/134/1409 126/131/1408 831/131/1408 832/134/1409
f 128/136/1410 127/134/1409 832/134/1409 833/136/1410
f 129/138/1411 128/136/1410 833/136/1410 834/138/1411
f 66/139/1349 129/138/1411 834/138/1411 771/139/1349
f 386/2/1 387/3/1 1092/3/1 1091/2/1
f 387/3/1 388/8/1 1093/8/1 1092/3/1
f 388/8/1 389/11/1 1094/11/1 1093/8/1
f 389/11/1 390/13/1 1095/13/1 1094/11/1
f 390/13/1 391/15/1 1096/15/1 1095/13/1
f 391/15/1 392/17/1 1097/17/1 1096/15/1
f 392/17/1 393/19/1 1098/19/1 1097/17/1
f 393/19/1 394/21/1 1099/21/1 1098/19/1
f 394/21/1 395/23/1 1100/23/1 1099/21/1
f 395/23/1 396/25/1 1101/25/1 1100/23/1
f 396/25/1 397/27/1 1102/27/1 1101/25/1
f 397/27/1 398/29/1 1103/29/1 1102/27/1
f 398/29/1 399/31/1 1104/31/1 1103/29/1
f 399/31/1 400/33/1 1105/33/1 1104/31/1
f 400/33/1 401/35/1 1106/35/1 1105/33/1
f 401/35/1 402/37/1 1107/37/1 1106/35/1
f 402/37/1 403/40/1 1108/40/1 1107/37/1
f 403/40/1 404/42/1 1109/42/1 1108/40/1
f 404/42/1 405/44/1 1110/44/1 1109/42/1
f 405/44/1 406/46/1 1111/46/1 1110/44/1
f 406/46/1 407/48/1 1112/48/1 1111/46/1
f 407/48/1 408/50/1 1113/50/1 1112/48/1
f 408/50/1 409/52/1 1114/52/1 1113/50/1
f 409/52/1 410/54/1 1115/54/1 1114/52/1
f 410/54/1 411/56/1 1116/56/1 1115/54/1
f 411/56/1 412/59/1 1117/59/1 1116/56/1
f 412/59/1 413/61/1 1118/61/1 1117/59/1
f 413/61/1 414/63/1 1119/63/1 1118/61/1
f 414/63/1 415/65/1 1120/65/1 1119/63/1
f 415/65/1 416/67/1 1121/67/1 1120/65/1
f 416/67/1 417/69/1 1122/69/1 1121/67/1
f 417/69/1 418/71/1 1123/71/1 1122/69/1
f 418/71/1 419/73/1 1124/73/1 1123/71/1
f 419/73/1 420/75/1 1125/75/1 1124/73/1
f 420/75/1 421/77/1 1126/77/1 1125/75/1
f 421/77/1 422/79/1 1127/79/1 1126/77/1
f 422/79/1 423/82/1 1128/82/1 1127/79/1
f 423/82/1 424/84/1 1129/84/1 1128/82/1
f 424/84/1 425/86/1 1130/86/1 1129/84/1
f 425/86/1 426/89/1 1131/89/1 1130/86/1
f 426/89/1 427/91/1 1132/91/1 1131/89/1
f 427/91/1 428/93/1 1133/93/1 1132/91/1
f 428/93/1 429/95/1 1134/95/1 1133/93/1
f 429/95/1 430/97/1 1135/97/1 1134/95/1
f 430/97/1 431/99/1 1136/99/1 1135/97/1
f 431/99/1 432/101/1 1137/101/1 1136/99/1
f 432/101/1 433/103/1 1138/103/1 1137/101/1
f 433/103/1 434/105/1 1139/105/1 1138/103/1
f 434/105/1 435/107/1 1140/107/1 1139/105/1
f 435/107/1 436/109/1 1141/109/1 1140/107/1
f 436/109/1 437/111/1 1142/111/1 1141/109/1
f 437/111/1 438/113/1 1143/113/1 1142/111/1
f 438/113/1 439/115/1 1144/115/1 1143/113/1
f 439/115/1 440/117/1 1145/117/1 1144/115/1
f 440/117/1 441/119/1 1146/119/1 1145/117/1
f 441/119/1 442/122/1 1147/122/1 1146/119/1
f 442/122/1 443/124/1 1148/124/1 1147/122/1
f 443/124/1 444/126/1 1149/126/1 1148/124/1
f 444/126/1 445/128/1 1150/128/1 1149/126/1
f 445/128/1 446/130/1 1151/130/1 1150/128/1
f 446/130/1 447/133/1 1152/133/1 1151/130/1
f 447/133/1 448/135/1 1153/135/1 1152/133/1
f 448/135/1 449/137/1 1154/137/1 1153/135/1
f 449/137/1 386/2/1 1091/2/1 1154/137/1
